"Crop","State","Season","Area-2021-22","Area-2022-23","Area-2023-24","Area-2024-25","Area-2025-26","Production-2021-22","Production-2022-23","Production-2023-24","Production-2024-25","Production-2025-26","Yield-2021-22","Yield-2022-23","Yield-2023-24","Yield-2024-25","Yield-2025-26"
"Rice","Andaman And Nicobar Islands","Kharif","0.06","0.05","0.05","0.04","","0.13","0.11","0.10","0.09","","2133.00","2107.00","2100.00","2060.00",""
"Rice","Andaman And Nicobar Islands","Rabi","","","","","","0.00","","","","","","","","",""
"Rice","Andaman And Nicobar Islands","Total","0.06","0.05","0.05","0.04","","0.13","0.11","0.10","0.09","","2133.00","2107.00","2100.00","2060.00",""
"Rice","Andhra Pradesh","Kharif","15.08","14.52","13.47","14.04","14.77","43.26","49.86","46.95","50.31","52.92","2869.00","3434.00","3485.00","3583.00","3583.00"
"Rice","Andhra Pradesh","Rabi","7.81","6.77","5.73","6.73","","34.37","29.56","26.46","31.29","","4401.00","4366.00","4616.00","4649.00",""
"Rice","Andhra Pradesh","Total","22.89","21.29","19.21","20.77","14.77","77.64","79.42","73.42","81.59","52.92","3392.00","3730.00","3822.00","3928.00","3583.00"
"Rice","Arunachal Pradesh","Kharif","1.36","1.36","1.37","1.37","","2.51","2.53","2.54","2.55","","1852.00","1857.00","1858.00","1859.00",""
"Rice","Arunachal Pradesh","Rabi","0.01","0.01","0.01","0.00","","0.01","0.01","0.01","0.00","","1343.00","1345.00","1347.00","449.00",""
"Rice","Arunachal Pradesh","Total","1.36","1.37","1.37","1.38","","2.52","2.54","2.55","2.56","","1849.00","1854.00","1856.00","1856.00",""
"Rice","Assam","Kharif","19.83","19.43","19.18","18.21","18.15","35.38","45.18","43.74","37.60","39.35","1784.00","2326.00","2281.00","2065.00","2168.00"
"Rice","Assam","Rabi","3.70","","","","","8.44","","","","","2281.00","","","",""
"Rice","Assam","Summer","","3.75","3.78","3.82","","","11.06","11.64","11.42","","","2949.00","3080.00","2986.00",""
"Rice","Assam","Total","23.53","23.18","22.96","22.03","18.15","43.82","56.24","55.39","49.01","39.35","1862.00","2426.00","2413.00","2225.00","2168.00"
"Rice","Bihar","Kharif","30.37","28.09","30.50","31.84","32.26","75.72","68.73","77.29","81.42","82.49","2493.00","2447.00","2534.00","2557.00","2557.00"
"Rice","Bihar","Rabi","0.54","","","","","1.45","","","","","2682.00","","","",""
"Rice","Bihar","Summer","","0.54","0.60","0.58","","","1.50","1.73","1.60","","","2778.00","2888.00","2769.00",""
"Rice","Bihar","Total","30.91","28.63","31.10","32.42","32.26","77.17","70.23","79.02","83.02","82.49","2496.00","2453.00","2541.00","2561.00","2557.00"
"Rice","Chandigarh","Kharif","0.00","0.00","0.00","0.00","","0.00","0.00","0.00","0.00","","5500.00","3950.00","4979.00","3667.00",""
"Rice","Chandigarh","Rabi","0.00","","","","","0.00","","","","","0.00","","","",""
"Rice","Chandigarh","Total","0.00","0.00","0.00","0.00","","0.00","0.00","0.00","0.00","","5500.00","3950.00","4979.00","3667.00",""
"Rice","Chhattisgarh","Kharif","37.59","37.71","38.22","39.05","36.11","80.22","98.12","97.03","103.68","89.17","2134.00","2602.00","2539.00","2655.00","2469.00"
"Rice","Chhattisgarh","Rabi","","","","","","0.00","","","","","","","","",""
"Rice","Chhattisgarh","Total","37.59","37.71","38.22","39.05","36.11","80.22","98.12","97.03","103.68","89.17","2134.00","2602.00","2539.00","2655.00","2469.00"
"Rice","Dadra And Nagar Haveli","Kharif","0.16","0.17","0.17","0.16","","0.33","0.36","0.36","0.33","","2069.00","2073.00","2068.00","2068.00",""
"Rice","Dadra And Nagar Haveli","Rabi","0.00","","","","","0.00","","","","","0.00","","","",""
"Rice","Dadra And Nagar Haveli","Total","0.16","0.17","0.17","0.16","","0.33","0.36","0.36","0.33","","2069.00","2073.00","2068.00","2068.00",""
"Rice","Daman And Diu","Kharif","0.01","","","","","0.03","","","","","1936.00","","","",""
"Rice","Daman And Diu","Rabi","0.00","","","","","0.00","","","","","0.00","","","",""
"Rice","Daman And Diu","Total","0.01","","","","","0.03","","","","","1936.00","","","",""
"Rice","Delhi","Kharif","0.06","0.06","0.06","0.05","","0.19","0.17","0.17","0.15","","3106.00","3067.00","3067.00","2800.00",""
"Rice","Delhi","Rabi","0.00","","","","","0.00","","","","","0.00","","","",""
"Rice","Delhi","Total","0.06","0.06","0.06","0.05","","0.19","0.17","0.17","0.15","","3106.00","3067.00","3067.00","2800.00",""
"Rice","Goa","Kharif","0.23","0.23","0.23","0.24","","0.66","0.63","0.68","0.52","","2816.00","2789.00","2890.00","2171.00",""
"Rice","Goa","Rabi","0.09","0.09","0.09","0.09","","0.25","0.25","0.27","0.25","","2742.00","2842.00","2983.00","2832.00",""
"Rice","Goa","Total","0.32","0.32","0.32","0.33","","0.90","0.88","0.95","0.77","","2795.00","2804.00","2916.00","2348.00",""
"Rice","Gujarat","Kharif","8.18","8.68","8.73","8.86","8.92","18.85","21.66","21.38","20.94","22.26","2304.00","2496.00","2449.00","2362.00","2495.00"
"Rice","Gujarat","Rabi","0.74","","","","","2.16","","","","","2924.00","","","",""
"Rice","Gujarat","Summer","","0.79","0.95","1.28","","","2.30","2.69","3.51","","","2899.00","2816.00","2738.00",""
"Rice","Gujarat","Total","8.92","9.47","9.69","10.14","8.92","21.01","23.96","24.07","24.45","22.26","2355.00","2530.00","2485.00","2410.00","2495.00"
"Rice","Haryana","Kharif","12.81","15.20","15.63","16.09","17.26","46.18","51.09","59.76","60.60","63.71","3605.00","3362.00","3822.00","3766.00","3691.00"
"Rice","Haryana","Rabi","","","","","","0.00","","","","","","","","",""
"Rice","Haryana","Total","12.81","15.20","15.63","16.09","17.26","46.18","51.09","59.76","60.60","63.71","3605.00","3362.00","3822.00","3766.00","3691.00"
"Rice","Himachal Pradesh","Kharif","0.66","0.67","0.70","0.68","0.68","1.68","1.31","1.73","1.42","1.48","2532.00","1942.00","2474.00","2080.00","2165.00"
"Rice","Himachal Pradesh","Rabi","","","","","","0.00","","","","","","","","",""
"Rice","Himachal Pradesh","Total","0.66","0.67","0.70","0.68","0.68","1.68","1.31","1.73","1.42","1.48","2532.00","1942.00","2474.00","2080.00","2165.00"
"Rice","Jammu And Kashmir","Kharif","2.69","2.74","2.58","2.58","","4.93","6.04","6.41","6.41","","1834.00","2202.00","2482.00","2482.00",""
"Rice","Jammu And Kashmir","Rabi","0.00","","","","","0.00","","","","","0.00","","","",""
"Rice","Jammu And Kashmir","Total","2.69","2.74","2.58","2.58","","4.93","6.04","6.41","6.41","","1834.00","2202.00","2482.00","2482.00",""
"Rice","Jharkhand","Kharif","14.45","8.55","11.00","14.69","16.99","29.30","14.94","15.16","27.83","31.77","2028.00","1747.00","1378.00","1894.00","1871.00"
"Rice","Jharkhand","Rabi","","","","","","0.00","","","","","","","","",""
"Rice","Jharkhand","Total","14.45","8.55","11.00","14.69","16.99","29.30","14.94","15.16","27.83","31.77","2028.00","1747.00","1378.00","1894.00","1871.00"
"Rice","Karnataka","Kharif","10.08","9.46","8.49","8.86","9.11","31.22","31.63","28.23","30.08","30.56","3097.00","3344.00","3325.00","3395.00","3355.00"
"Rice","Karnataka","Rabi","3.90","0.92","0.43","0.41","","11.97","2.42","1.16","1.17","","3069.00","2633.00","2694.00","2842.00",""
"Rice","Karnataka","Summer","","2.90","0.61","2.54","","","8.74","1.89","8.24","","","3016.00","3093.00","3245.00",""
"Rice","Karnataka","Total","13.98","13.28","9.53","11.81","9.11","43.18","42.80","31.27","39.49","30.56","3089.00","3223.00","3282.00","3344.00","3355.00"
"Rice","Kerala","Kharif","1.50","0.50","0.45","0.41","0.37","3.42","1.37","1.16","1.10","1.06","2274.00","2716.00","2593.00","2651.00","2896.00"
"Rice","Kerala","Rabi","0.45","0.71","0.72","0.69","","1.45","2.25","1.95","2.09","","3195.00","3149.00","2711.00","3045.00",""
"Rice","Kerala","Summer","","0.70","0.63","0.66","","","2.34","1.86","1.97","","","3350.00","2941.00","2966.00",""
"Rice","Kerala","Total","1.96","1.92","1.80","1.77","0.37","4.87","5.96","4.98","5.16","1.06","2488.00","3108.00","2762.00","2923.00","2896.00"
"Rice","Ladakh","Kharif","0.00","","","","","0.00","","","","","0.00","","","",""
"Rice","Ladakh","Rabi","0.00","","","","","0.00","","","","","0.00","","","",""
"Rice","Ladakh","Total","0.00","","","","","0.00","","","","","0.00","","","",""
"Rice","Lakshadweep","Kharif","0.00","","","","","0.00","","","","","0.00","","","",""
"Rice","Lakshadweep","Rabi","0.00","","","","","0.00","","","","","0.00","","","",""
"Rice","Lakshadweep","Total","0.00","","","","","0.00","","","","","0.00","","","",""
"Rice","Madhya Pradesh","Kharif","21.09","34.14","34.40","38.30","42.10","48.15","70.22","71.11","89.45","97.11","2283.00","2057.00","2067.00","2336.00","2307.00"
"Rice","Madhya Pradesh","Rabi","0.00","","","0.53","","0.00","","","1.58","","0.00","","","2974.00",""
"Rice","Madhya Pradesh","Summer","","","0.40","0.02","","","","1.29","0.06","","","","3215.00","3140.00",""
"Rice","Madhya Pradesh","Total","21.09","34.14","34.80","38.85","42.10","48.15","70.22","72.40","91.09","97.11","2283.00","2057.00","2080.00","2345.00","2307.00"
"Rice","Maharashtra","Kharif","15.49","15.55","15.25","15.21","14.46","32.95","34.54","34.63","34.30","35.96","2127.00","2221.00","2270.00","2255.00","2486.00"
"Rice","Maharashtra","Rabi","1.03","","","","","3.03","","","","","2954.00","","","",""
"Rice","Maharashtra","Summer","","1.63","1.68","1.61","","","4.45","4.37","4.37","","","2732.00","2611.00","2716.00",""
"Rice","Maharashtra","Total","16.52","17.18","16.93","16.82","14.46","35.98","38.99","39.00","38.67","35.96","2178.00","2269.00","2304.00","2299.00","2486.00"
"Rice","Manipur","Kharif","0.05","0.06","0.06","1.55","","0.15","0.18","0.17","3.62","","3008.00","3091.00","2970.00","2340.00",""
"Rice","Manipur","Rabi","1.95","","","","","5.52","","","","","2832.00","","","",""
"Rice","Manipur","Summer","","1.81","1.65","0.15","","","3.31","3.31","0.56","","","1835.00","2010.00","3780.00",""
"Rice","Manipur","Total","2.00","1.86","1.70","1.69","","5.67","3.49","3.48","4.17","","2836.00","1874.00","2042.00","2465.00",""
"Rice","Meghalaya","Kharif","0.95","0.95","0.95","0.95","","2.34","2.22","2.08","2.22","","2469.00","2333.00","2180.00","2333.00",""
"Rice","Meghalaya","Rabi","0.14","0.12","0.12","0.12","","0.63","0.57","0.57","0.57","","4626.00","4566.00","4566.00","4566.00",""
"Rice","Meghalaya","Total","1.08","1.08","1.08","1.08","","2.97","2.79","2.65","2.79","","2741.00","2591.00","2456.00","2592.00",""
"Rice","Mizoram","Kharif","0.34","0.34","0.24","0.20","","0.60","0.39","0.39","0.35","","1740.00","1149.00","1600.00","1705.00",""
"Rice","Mizoram","Rabi","0.00","0.01","0.01","0.00","","0.01","0.01","0.01","0.00","","2008.00","1320.00","2080.00","2074.00",""
"Rice","Mizoram","Total","0.35","0.34","0.25","0.21","","0.61","0.39","0.40","0.35","","1744.00","1151.00","1610.00","1709.00",""
"Rice","Nagaland","Kharif","1.22","2.08","2.08","1.96","","1.50","3.64","3.64","3.40","","1233.00","1748.00","1751.00","1734.00",""
"Rice","Nagaland","Rabi","0.00","0.03","0.02","0.01","","0.00","0.06","0.05","0.03","","1800.00","1995.00","1999.00","1950.00",""
"Rice","Nagaland","Total","1.22","2.11","2.10","1.97","","1.51","3.70","3.69","3.43","","1234.00","1751.00","1753.00","1736.00",""
"Rice","Odisha","Kharif","36.48","37.29","37.01","34.19","35.49","81.54","70.81","72.79","81.44","84.54","2235.00","1899.00","1967.00","2382.00","2382.00"
"Rice","Odisha","Rabi","2.99","","","","","11.37","","","","","3797.00","","","",""
"Rice","Odisha","Summer","","3.36","3.71","4.15","","","11.69","11.95","13.84","","","3485.00","3219.00","3338.00",""
"Rice","Odisha","Total","39.48","40.64","40.72","38.34","35.49","92.91","82.50","84.74","95.27","84.54","2353.00","2030.00","2081.00","2485.00","2382.00"
"Rice","Puducherry","Kharif","0.04","0.04","0.04","0.03","","0.13","0.14","0.13","0.09","","2956.00","3311.00","3142.00","2765.00",""
"Rice","Puducherry","Rabi","0.15","0.10","0.10","0.09","","0.44","0.32","0.32","0.23","","2992.00","3137.00","3139.00","2520.00",""
"Rice","Puducherry","Summer","","0.05","0.05","0.05","","","0.19","0.16","0.15","","","3635.00","3112.00","3218.00",""
"Rice","Puducherry","Total","0.19","0.20","0.20","0.17","","0.57","0.65","0.61","0.47","","2984.00","3304.00","3133.00","2761.00",""
"Rice","Punjab","Kharif","29.69","30.98","31.79","32.43","32.49","128.85","129.91","143.56","143.61","136.67","4340.00","4193.00","4516.00","4428.00","4207.00"
"Rice","Punjab","Rabi","","","","","","0.00","","","","","","","","",""
"Rice","Punjab","Total","29.69","30.98","31.79","32.43","32.49","128.85","129.91","143.56","143.61","136.67","4340.00","4193.00","4516.00","4428.00","4207.00"
"Rice","Rajasthan","Kharif","1.96","2.34","2.68","3.54","3.50","4.79","5.77","7.46","9.18","9.16","2436.00","2464.00","2786.00","2593.00","2618.00"
"Rice","Rajasthan","Rabi","","","","","","0.00","","","","","","","","",""
"Rice","Rajasthan","Total","1.96","2.34","2.68","3.54","3.50","4.79","5.77","7.46","9.18","9.16","2436.00","2464.00","2786.00","2593.00","2618.00"
"Rice","Sikkim","Kharif","0.09","0.08","0.06","0.06","","0.16","0.10","0.08","0.08","","1861.00","1241.00","1242.00","1242.00",""
"Rice","Sikkim","Rabi","","","","","","0.00","","","","","","","","",""
"Rice","Sikkim","Total","0.09","0.08","0.06","0.06","","0.16","0.10","0.08","0.08","","1861.00","1241.00","1242.00","1242.00",""
"Rice","Tamil Nadu","Kharif","20.24","6.93","6.80","6.64","7.71","70.51","25.13","20.90","22.41","27.89","3483.00","3627.00","3074.00","3375.00","3617.00"
"Rice","Tamil Nadu","Rabi","1.93","12.68","11.79","12.21","","8.56","42.56","37.79","37.96","","4436.00","3357.00","3204.00","3109.00",""
"Rice","Tamil Nadu","Summer","","1.98","2.43","2.73","","","7.88","9.31","10.56","","","3975.00","3839.00","3874.00",""
"Rice","Tamil Nadu","Total","22.17","21.59","21.02","21.58","7.71","79.07","75.57","67.99","70.94","27.89","3566.00","3500.00","3235.00","3288.00","3617.00"
"Rice","Telangana","Kharif","23.74","25.41","25.74","24.87","26.76","78.34","88.87","93.44","90.54","96.35","3300.00","3498.00","3630.00","3640.00","3600.00"
"Rice","Telangana","Rabi","12.81","21.22","21.11","23.22","","45.75","69.91","75.30","83.92","","3572.00","3295.00","3567.00","3614.00",""
"Rice","Telangana","Total","36.55","46.62","46.85","48.09","26.76","124.10","158.77","168.74","174.46","96.35","3395.00","3406.00","3602.00","3627.00","3600.00"
"Rice","Tripura","Kharif","1.91","1.79","1.79","1.63","","5.85","5.77","5.77","4.95","","3069.00","3218.00","3218.00","3043.00",""
"Rice","Tripura","Rabi","0.65","0.63","0.63","0.62","","2.26","2.12","2.12","2.21","","3470.00","3391.00","3391.00","3557.00",""
"Rice","Tripura","Total","2.56","2.42","2.42","2.25","","8.11","7.89","7.89","7.15","","3171.00","3263.00","3263.00","3185.00",""
"Rice","Uttar Pradesh","Kharif","56.76","58.67","57.32","71.50","68.90","151.83","160.33","158.65","201.45","194.10","2675.00","2733.00","2768.00","2817.00","2817.00"
"Rice","Uttar Pradesh","Rabi","0.27","","","","","0.88","","","","","3268.00","","","",""
"Rice","Uttar Pradesh","Summer","","0.32","0.36","2.00","","","1.10","1.25","6.14","","","3439.00","3474.00","3068.00",""
"Rice","Uttar Pradesh","Total","57.03","58.99","57.68","73.50","68.90","152.72","161.43","159.90","207.59","194.10","2678.00","2737.00","2772.00","2824.00","2817.00"
"Rice","Uttarakhand","Kharif","2.33","2.27","2.21","2.09","2.06","6.24","5.57","5.63","5.56","5.19","2680.00","2453.00","2552.00","2667.00","2525.00"
"Rice","Uttarakhand","Rabi","0.24","","","","","0.92","","","","","3817.00","","","",""
"Rice","Uttarakhand","Summer","","0.22","0.23","0.07","","","0.78","0.81","0.29","","","3526.00","3571.00","3921.00",""
"Rice","Uttarakhand","Total","2.57","2.49","2.43","2.16","2.06","7.16","6.34","6.44","5.86","5.19","2786.00","2548.00","2647.00","2710.00","2525.00"
"Rice","West Bengal","Kharif","42.86","37.69","38.09","42.30","42.76","122.05","107.79","109.47","110.06","118.54","2848.00","2860.00","2874.00","2602.00","2772.00"
"Rice","West Bengal","Rabi","13.00","","","","","45.23","","","","","3479.00","","","",""
"Rice","West Bengal","Summer","","12.96","13.10","13.62","","","47.06","47.39","50.14","","","3630.00","3617.00","3680.00",""
"Rice","West Bengal","Total","55.86","50.65","51.19","55.92","42.76","167.29","154.84","156.87","160.19","118.54","2995.00","3057.00","3064.00","2865.00","2772.00"
"Rice","Others","Kharif","","","","","10.84","","","","","24.76","","","","","2284.00"
"Rice","Others","Total","","","","","10.84","","","","","24.76","","","","","2284.00"
"Rice","All India","Kharif","410.38","404.03","407.34","434.66","441.70","1110.01","1105.12","1132.59","1227.72","1245.04","2705.00","2735.00","2780.00","2825.00","2819.00"
"Rice","All India","Rabi","52.40","43.28","40.76","44.73","","184.71","150.04","146.01","161.29","","3525.00","3467.00","3582.00","3606.00",""
"Rice","All India","Summer","","31.01","30.18","33.28","","","102.40","99.65","112.84","","","3302.00","3302.00","3391.00",""
"Rice","All India","Total","462.79","478.32","478.28","512.67","441.70","1294.71","1357.55","1378.25","1501.84","1245.04","2798.00","2838.00","2882.00","2929.00","2819.00"
"Wheat","Andaman And Nicobar Islands","Rabi","0.00","","","","","0.00","","","","","0.00","","","",""
"Wheat","Andaman And Nicobar Islands","Total","0.00","","","","","0.00","","","","","0.00","","","",""
"Wheat","Andhra Pradesh","Rabi","0.00","","","","","0.00","","","","","0.00","","","",""
"Wheat","Andhra Pradesh","Total","0.00","","","","","0.00","","","","","0.00","","","",""
"Wheat","Arunachal Pradesh","Rabi","0.04","0.04","0.04","0.03","","0.08","0.08","0.07","0.06","","1974.00","1977.00","1974.00","1975.00",""
"Wheat","Arunachal Pradesh","Total","0.04","0.04","0.04","0.03","","0.08","0.08","0.07","0.06","","1974.00","1977.00","1974.00","1975.00",""
"Wheat","Assam","Rabi","0.09","0.09","0.09","0.09","","0.11","0.12","0.13","0.12","","1248.00","1322.00","1434.00","1349.00",""
"Wheat","Assam","Total","0.09","0.09","0.09","0.09","","0.11","0.12","0.13","0.12","","1248.00","1322.00","1434.00","1349.00",""
"Wheat","Bihar","Rabi","22.39","21.99","22.76","22.86","","62.24","65.06","71.68","71.89","","2780.00","2958.00","3150.00","3145.00",""
"Wheat","Bihar","Total","22.39","21.99","22.76","22.86","","62.24","65.06","71.68","71.89","","2780.00","2958.00","3150.00","3145.00",""
"Wheat","Chandigarh","Rabi","0.01","0.01","0.01","0.01","","0.03","0.03","0.03","0.03","","5000.00","4696.00","5000.00","5000.00",""
"Wheat","Chandigarh","Total","0.01","0.01","0.01","0.01","","0.03","0.03","0.03","0.03","","5000.00","4696.00","5000.00","5000.00",""
"Wheat","Chhattisgarh","Rabi","1.56","1.33","1.34","1.47","","1.92","1.90","1.81","2.35","","1229.00","1427.00","1350.00","1599.00",""
"Wheat","Chhattisgarh","Total","1.56","1.33","1.34","1.47","","1.92","1.90","1.81","2.35","","1229.00","1427.00","1350.00","1599.00",""
"Wheat","Dadra And Nagar Haveli","Rabi","0.00","","","","","0.00","","","","","0.00","","","",""
"Wheat","Dadra And Nagar Haveli","Total","0.00","","","","","0.00","","","","","0.00","","","",""
"Wheat","Daman And Diu","Rabi","0.00","","","","","0.00","","","","","0.00","","","",""
"Wheat","Daman And Diu","Total","0.00","","","","","0.00","","","","","0.00","","","",""
"Wheat","Delhi","Rabi","0.18","0.17","0.17","0.17","","0.81","0.81","0.80","0.80","","4500.00","4650.00","4650.00","4650.00",""
"Wheat","Delhi","Total","0.18","0.17","0.17","0.17","","0.81","0.81","0.80","0.80","","4500.00","4650.00","4650.00","4650.00",""
"Wheat","Goa","Rabi","","","","","","0.00","","","","","","","","",""
"Wheat","Goa","Total","","","","","","0.00","","","","","","","","",""
"Wheat","Gujarat","Rabi","10.40","10.67","12.46","12.82","","33.33","34.64","37.73","38.67","","3205.00","3248.00","3027.00","3017.00",""
"Wheat","Gujarat","Total","10.40","10.67","12.46","12.82","","33.33","34.64","37.73","38.67","","3205.00","3248.00","3027.00","3017.00",""
"Wheat","Haryana","Rabi","23.05","23.23","23.70","23.88","","104.47","109.29","111.91","114.00","","4533.00","4704.00","4723.00","4774.00",""
"Wheat","Haryana","Total","23.05","23.23","23.70","23.88","","104.47","109.29","111.91","114.00","","4533.00","4704.00","4723.00","4774.00",""
"Wheat","Himachal Pradesh","Rabi","3.20","3.19","3.17","3.07","","5.49","5.92","7.86","6.51","","1714.00","1853.00","2480.00","2120.00",""
"Wheat","Himachal Pradesh","Total","3.20","3.19","3.17","3.07","","5.49","5.92","7.86","6.51","","1714.00","1853.00","2480.00","2120.00",""
"Wheat","Jammu And Kashmir","Rabi","2.83","2.84","2.84","2.84","","5.84","5.87","5.87","5.87","","2066.00","2062.00","2062.00","2062.00",""
"Wheat","Jammu And Kashmir","Total","2.83","2.84","2.84","2.84","","5.84","5.87","5.87","5.87","","2066.00","2062.00","2062.00","2062.00",""
"Wheat","Jharkhand","Rabi","2.28","2.04","2.28","2.50","","5.19","4.39","4.81","5.50","","2282.00","2146.00","2110.00","2201.00",""
"Wheat","Jharkhand","Total","2.28","2.04","2.28","2.50","","5.19","4.39","4.81","5.50","","2282.00","2146.00","2110.00","2201.00",""
"Wheat","Karnataka","Rabi","1.65","1.46","1.45","1.63","","2.12","2.00","1.90","2.05","","1287.00","1373.00","1309.00","1255.00",""
"Wheat","Karnataka","Total","1.65","1.46","1.45","1.63","","2.12","2.00","1.90","2.05","","1287.00","1373.00","1309.00","1255.00",""
"Wheat","Kerala","Rabi","0.00","","","","","0.00","","","","","1000.00","","","",""
"Wheat","Kerala","Total","0.00","","","","","0.00","","","","","1000.00","","","",""
"Wheat","Ladakh","Rabi","0.04","0.04","0.04","0.05","","0.07","0.07","0.07","0.09","","1600.00","1553.00","1553.00","1831.00",""
"Wheat","Ladakh","Total","0.04","0.04","0.04","0.05","","0.07","0.07","0.07","0.09","","1600.00","1553.00","1553.00","1831.00",""
"Wheat","Lakshadweep","Rabi","0.00","","","","","0.00","","","","","0.00","","","",""
"Wheat","Lakshadweep","Total","0.00","","","","","0.00","","","","","0.00","","","",""
"Wheat","Madhya Pradesh","Rabi","65.00","71.50","74.97","77.49","","229.78","227.30","225.81","245.09","","3535.00","3179.00","3012.00","3163.00",""
"Wheat","Madhya Pradesh","Total","65.00","71.50","74.97","77.49","","229.78","227.30","225.81","245.09","","3535.00","3179.00","3012.00","3163.00",""
"Wheat","Maharashtra","Rabi","11.32","12.19","10.47","11.89","","21.44","23.74","19.88","22.86","","1894.00","1948.00","1899.00","1922.00",""
"Wheat","Maharashtra","Total","11.32","12.19","10.47","11.89","","21.44","23.74","19.88","22.86","","1894.00","1948.00","1899.00","1922.00",""
"Wheat","Manipur","Rabi","0.02","0.02","0.02","0.02","","0.06","0.06","0.06","0.05","","2457.00","2481.00","2600.00","2320.00",""
"Wheat","Manipur","Total","0.02","0.02","0.02","0.02","","0.06","0.06","0.06","0.05","","2457.00","2481.00","2600.00","2320.00",""
"Wheat","Meghalaya","Rabi","0.00","0.00","0.00","0.00","","0.01","0.00","0.00","0.00","","1935.00","1790.00","1790.00","1790.00",""
"Wheat","Meghalaya","Total","0.00","0.00","0.00","0.00","","0.01","0.00","0.00","0.00","","1935.00","1790.00","1790.00","1790.00",""
"Wheat","Mizoram","Rabi","","","","","","0.00","","","","","","","","",""
"Wheat","Mizoram","Total","","","","","","0.00","","","","","","","","",""
"Wheat","Nagaland","Rabi","0.01","0.01","0.01","0.01","","0.02","0.03","0.03","0.02","","1688.00","1838.00","1840.00","1840.00",""
"Wheat","Nagaland","Total","0.01","0.01","0.01","0.01","","0.02","0.03","0.03","0.02","","1688.00","1838.00","1840.00","1840.00",""
"Wheat","Odisha","Rabi","0.00","0.00","0.00","0.00","","0.00","0.00","0.00","0.01","","1705.00","1548.00","1894.00","1796.00",""
"Wheat","Odisha","Total","0.00","0.00","0.00","0.00","","0.00","0.00","0.00","0.01","","1705.00","1548.00","1894.00","1796.00",""
"Wheat","Puducherry","Rabi","0.00","","","","","0.00","","","","","0.00","","","",""
"Wheat","Puducherry","Total","0.00","","","","","0.00","","","","","0.00","","","",""
"Wheat","Punjab","Rabi","35.25","35.35","35.16","35.12","","148.61","167.83","177.37","179.93","","4216.00","4748.00","5045.00","5123.00",""
"Wheat","Punjab","Total","35.25","35.35","35.16","35.12","","148.61","167.83","177.37","179.93","","4216.00","4748.00","5045.00","5123.00",""
"Wheat","Rajasthan","Rabi","25.80","27.94","27.40","31.68","","100.96","106.36","97.00","112.75","","3913.00","3807.00","3540.00","3559.00",""
"Wheat","Rajasthan","Total","25.80","27.94","27.40","31.68","","100.96","106.36","97.00","112.75","","3913.00","3807.00","3540.00","3559.00",""
"Wheat","Sikkim","Rabi","0.00","0.00","0.00","0.00","","0.00","0.00","0.00","0.00","","1155.00","1155.00","1160.00","1160.00",""
"Wheat","Sikkim","Total","0.00","0.00","0.00","0.00","","0.00","0.00","0.00","0.00","","1155.00","1155.00","1160.00","1160.00",""
"Wheat","Tamil Nadu","Rabi","","","","","","0.00","","","","","","","","",""
"Wheat","Tamil Nadu","Total","","","","","","0.00","","","","","","","","",""
"Wheat","Telangana","Rabi","0.07","0.03","0.04","0.02","","0.14","0.06","0.07","0.05","","2009.00","2073.00","1714.00","1973.00",""
"Wheat","Telangana","Total","0.07","0.03","0.04","0.02","","0.14","0.06","0.07","0.05","","2009.00","2073.00","1714.00","1973.00",""
"Wheat","Tripura","Rabi","0.00","0.00","0.00","0.00","","0.00","0.00","0.00","0.00","","2071.00","2048.00","2048.00","2172.00",""
"Wheat","Tripura","Total","0.00","0.00","0.00","0.00","","0.00","0.00","0.00","0.00","","2071.00","2048.00","2048.00","2172.00",""
"Wheat","Uttar Pradesh","Rabi","94.20","95.19","95.32","95.99","","339.50","336.10","353.40","356.53","","3604.00","3531.00","3708.00","3714.00",""
"Wheat","Uttar Pradesh","Total","94.20","95.19","95.32","95.99","","339.50","336.10","353.40","356.53","","3604.00","3531.00","3708.00","3714.00",""
"Wheat","Uttarakhand","Rabi","2.98","2.85","2.68","2.58","","8.63","8.31","8.69","8.56","","2896.00","2916.00","3244.00","3310.00",""
"Wheat","Uttarakhand","Total","2.98","2.85","2.68","2.58","","8.63","8.31","8.69","8.56","","2896.00","2916.00","3244.00","3310.00",""
"Wheat","West Bengal","Rabi","2.21","1.80","1.90","1.81","","6.56","5.57","5.93","5.68","","2974.00","3088.00","3127.00","3130.00",""
"Wheat","West Bengal","Total","2.21","1.80","1.90","1.81","","6.56","5.57","5.93","5.68","","2974.00","3088.00","3127.00","3130.00",""
"Wheat","All India","Rabi","304.59","314.01","318.33","328.04","","1077.42","1105.54","1132.92","1179.45","","3537.00","3521.00","3559.00","3595.00",""
"Wheat","All India","Total","304.59","314.01","318.33","328.04","","1077.42","1105.54","1132.92","1179.45","","3537.00","3521.00","3559.00","3595.00",""
"Maize","Andaman And Nicobar Islands","Kharif","0.00","0.00","0.00","","","0.00","0.00","0.00","","","2680.00","2260.00","2410.00","",""
"Maize","Andaman And Nicobar Islands","Rabi","0.00","","","0.00","","0.00","","","0.00","","0.00","","","2229.00",""
"Maize","Andaman And Nicobar Islands","Total","0.00","0.00","0.00","0.00","","0.00","0.00","0.00","0.00","","2680.00","2260.00","2410.00","2229.00",""
"Maize","Andhra Pradesh","Kharif","1.30","1.38","1.39","1.44","1.43","4.41","5.58","5.56","6.51","6.08","3390.00","4046.00","4007.00","4524.00","4254.00"
"Maize","Andhra Pradesh","Rabi","2.12","2.48","1.54","1.86","","14.59","21.97","12.63","14.97","","6880.00","8859.00","8229.00","8048.00",""
"Maize","Andhra Pradesh","Total","3.42","3.86","2.92","3.30","1.43","18.99","27.55","18.19","21.48","6.08","5553.00","7138.00","6225.00","6510.00","4254.00"
"Maize","Arunachal Pradesh","Kharif","0.43","0.44","0.44","0.44","","0.67","0.68","0.68","0.68","","1539.00","1544.00","1545.00","1547.00",""
"Maize","Arunachal Pradesh","Rabi","0.11","0.11","0.11","0.11","","0.19","0.19","0.19","0.19","","1720.00","1722.00","1725.00","1726.00",""
"Maize","Arunachal Pradesh","Total","0.54","0.55","0.55","0.55","","0.85","0.86","0.87","0.88","","1575.00","1579.00","1581.00","1583.00",""
"Maize","Assam","Kharif","0.43","0.52","0.42","0.33","0.26","1.70","1.92","2.15","1.14","1.07","3965.00","3698.00","5148.00","3446.00","4110.00"
"Maize","Assam","Rabi","","","0.62","0.67","","0.00","","3.18","3.61","","","","5139.00","5382.00",""
"Maize","Assam","Total","0.43","0.52","1.04","1.00","0.26","1.70","1.92","5.33","4.75","1.07","3965.00","3698.00","5143.00","4743.00","4110.00"
"Maize","Bihar","Kharif","1.74","1.81","2.16","1.93","1.97","2.35","4.45","5.86","5.71","5.33","1352.00","2458.00","2713.00","2965.00","2712.00"
"Maize","Bihar","Rabi","4.89","4.09","5.58","5.50","","24.34","29.15","40.51","40.70","","4976.00","7120.00","7262.00","7401.00",""
"Maize","Bihar","Summer","","1.58","1.82","1.54","","","10.19","10.72","8.27","","","6469.00","5904.00","5377.00",""
"Maize","Bihar","Total","6.63","7.48","9.55","8.96","1.97","26.69","43.80","57.09","54.68","5.33","4026.00","5854.00","5975.00","6101.00","2712.00"
"Maize","Chandigarh","Kharif","0.00","0.00","0.00","0.00","","0.00","0.00","0.00","0.00","","2875.00","2875.00","3000.00","3000.00",""
"Maize","Chandigarh","Rabi","0.00","","","","","0.00","","","","","0.00","","","",""
"Maize","Chandigarh","Total","0.00","0.00","0.00","0.00","","0.00","0.00","0.00","0.00","","2875.00","2875.00","3000.00","3000.00",""
"Maize","Chhattisgarh","Kharif","1.31","1.20","1.09","1.11","1.20","3.94","3.93","3.44","3.61","3.90","3017.00","3267.00","3144.00","3241.00","3241.00"
"Maize","Chhattisgarh","Rabi","","","","","","0.00","","","","","","","","",""
"Maize","Chhattisgarh","Total","1.31","1.20","1.09","1.11","1.20","3.94","3.93","3.44","3.61","3.90","3017.00","3267.00","3144.00","3241.00","3241.00"
"Maize","Dadra And Nagar Haveli","Kharif","0.00","","","","","0.00","","","","","0.00","","","",""
"Maize","Dadra And Nagar Haveli","Rabi","0.00","","","","","0.00","","","","","0.00","","","",""
"Maize","Dadra And Nagar Haveli","Total","0.00","","","","","0.00","","","","","0.00","","","",""
"Maize","Daman And Diu","Kharif","0.00","","","","","0.00","","","","","0.00","","","",""
"Maize","Daman And Diu","Rabi","0.00","","","","","0.00","","","","","0.00","","","",""
"Maize","Daman And Diu","Total","0.00","","","","","0.00","","","","","0.00","","","",""
"Maize","Delhi","Kharif","0.00","0.00","0.00","0.01","","0.00","0.00","0.00","0.03","","5100.00","5120.00","5111.00","5100.00",""
"Maize","Delhi","Rabi","0.00","","","","","0.00","","","","","0.00","","","",""
"Maize","Delhi","Total","0.00","0.00","0.00","0.01","","0.00","0.00","0.00","0.03","","5100.00","5120.00","5111.00","5100.00",""
"Maize","Goa","Kharif","0.00","","","","","0.00","","","","","0.00","","","",""
"Maize","Goa","Rabi","","","","","","0.00","","","","","","","","",""
"Maize","Goa","Total","0.00","","","","","0.00","","","","","0.00","","","",""
"Maize","Gujarat","Kharif","2.95","2.88","2.82","2.86","1.83","5.75","5.49","5.69","4.22","3.29","1950.00","1906.00","2013.00","1474.00","1797.00"
"Maize","Gujarat","Rabi","0.96","1.06","1.16","1.34","","2.42","2.90","3.24","3.57","","2521.00","2748.00","2806.00","2656.00",""
"Maize","Gujarat","Summer","","0.07","0.07","0.08","","","0.18","0.16","0.17","","","2562.00","2296.00","2207.00",""
"Maize","Gujarat","Total","3.91","4.01","4.05","4.28","1.83","8.16","8.57","9.09","7.95","3.29","2090.00","2140.00","2244.00","1858.00","1797.00"
"Maize","Haryana","Kharif","0.05","0.05","0.05","0.04","0.04","0.16","0.16","0.18","0.16","0.15","3133.00","3328.00","3685.00","3716.00","3571.00"
"Maize","Haryana","Rabi","","","","","","0.00","","","","","","","","",""
"Maize","Haryana","Total","0.05","0.05","0.05","0.04","0.04","0.16","0.16","0.18","0.16","0.15","3133.00","3328.00","3685.00","3716.00","3571.00"
"Maize","Himachal Pradesh","Kharif","2.63","2.56","2.53","2.62","2.62","7.81","6.78","6.08","6.93","6.72","2970.00","2654.00","2403.00","2650.00","2569.00"
"Maize","Himachal Pradesh","Rabi","","","","","","0.00","","","","","","","","",""
"Maize","Himachal Pradesh","Total","2.63","2.56","2.53","2.62","2.62","7.81","6.78","6.08","6.93","6.72","2970.00","2654.00","2403.00","2650.00","2569.00"
"Maize","Jammu And Kashmir","Kharif","2.93","2.76","2.88","2.88","","5.81","5.47","5.88","5.88","","1986.00","1979.00","2041.00","2041.00",""
"Maize","Jammu And Kashmir","Rabi","0.00","","","","","0.00","","","","","0.00","","","",""
"Maize","Jammu And Kashmir","Total","2.93","2.76","2.88","2.88","","5.81","5.47","5.88","5.88","","1986.00","1979.00","2041.00","2041.00",""
"Maize","Jharkhand","Kharif","2.73","2.09","2.59","2.74","1.97","6.07","4.08","5.45","6.64","4.35","2225.00","1952.00","2099.00","2425.00","2204.00"
"Maize","Jharkhand","Rabi","0.12","0.31","0.10","0.15","","0.29","0.50","0.21","0.34","","2373.00","1622.00","2067.00","2286.00",""
"Maize","Jharkhand","Total","2.85","2.40","2.69","2.89","1.97","6.35","4.58","5.65","6.98","4.35","2231.00","1910.00","2098.00","2418.00","2204.00"
"Maize","Karnataka","Kharif","13.98","15.46","17.45","15.85","17.64","45.18","46.15","47.53","49.65","53.80","3231.00","2985.00","2724.00","3133.00","3050.00"
"Maize","Karnataka","Rabi","1.94","2.95","1.92","2.68","","7.02","10.30","7.46","9.61","","3621.00","3490.00","3884.00","3584.00",""
"Maize","Karnataka","Summer","","0.71","0.35","0.61","","","2.67","1.30","2.64","","","3755.00","3718.00","4328.00",""
"Maize","Karnataka","Total","15.92","19.12","19.72","19.14","17.64","52.21","59.11","56.29","61.90","53.80","3279.00","3092.00","2855.00","3234.00","3050.00"
"Maize","Kerala","Kharif","0.00","0.00","0.00","0.00","0.00","0.00","0.00","0.00","0.00","0.00","2125.00","3091.00","2675.00","3162.00","3153.00"
"Maize","Kerala","Rabi","0.00","0.00","0.00","0.00","","0.00","0.00","0.00","0.00","","2731.00","3390.00","2591.00","3461.00",""
"Maize","Kerala","Summer","","0.00","0.00","0.00","","","0.00","0.00","0.00","","","1286.00","2342.00","2494.00",""
"Maize","Kerala","Total","0.00","0.00","0.00","0.00","0.00","0.00","0.00","0.01","0.00","0.00","2614.00","2943.00","2554.00","3117.00","3153.00"
"Maize","Ladakh","Kharif","0.00","","","0.00","","0.00","","","0.00","","0.00","","","401.00",""
"Maize","Ladakh","Rabi","0.00","","","","","0.00","","","","","0.00","","","",""
"Maize","Ladakh","Total","0.00","","","0.00","","0.00","","","0.00","","0.00","","","401.00",""
"Maize","Lakshadweep","Kharif","0.00","","","","","0.00","","","","","0.00","","","",""
"Maize","Lakshadweep","Rabi","0.00","","","","","0.00","","","","","0.00","","","",""
"Maize","Lakshadweep","Total","0.00","","","","","0.00","","","","","0.00","","","",""
"Maize","Madhya Pradesh","Kharif","14.00","14.48","15.30","20.77","26.93","46.07","46.21","42.74","57.88","76.55","3291.00","3191.00","2794.00","2787.00","2843.00"
"Maize","Madhya Pradesh","Rabi","0.00","","","2.22","","0.00","","","8.35","","0.00","","","3762.00",""
"Maize","Madhya Pradesh","Summer","","","0.13","0.04","","","","0.65","0.19","","","","4972.00","4860.00",""
"Maize","Madhya Pradesh","Total","14.00","14.48","15.43","23.03","26.93","46.07","46.21","43.39","66.42","76.55","3291.00","3191.00","2812.00","2884.00","2843.00"
"Maize","Maharashtra","Kharif","8.11","8.81","9.09","11.16","14.39","21.86","27.13","14.41","33.40","42.81","2694.00","3080.00","1584.00","2994.00","2974.00"
"Maize","Maharashtra","Rabi","4.40","4.24","3.57","4.23","","13.99","11.31","9.05","12.04","","3182.00","2669.00","2538.00","2845.00",""
"Maize","Maharashtra","Summer","","0.41","0.60","0.87","","","0.76","1.04","2.05","","","1854.00","1729.00","2370.00",""
"Maize","Maharashtra","Total","12.51","13.45","13.26","16.25","14.39","35.85","39.19","24.50","47.49","42.81","2865.00","2913.00","1847.00","2922.00","2974.00"
"Maize","Manipur","Kharif","0.16","","","0.17","","0.35","","","0.39","","2281.00","","","2240.00",""
"Maize","Manipur","Rabi","0.07","0.07","0.07","0.07","","0.15","0.17","0.16","0.16","","2232.00","2293.00","2200.00","2160.00",""
"Maize","Manipur","Summer","","0.18","0.17","","","","0.40","0.38","","","","2190.00","2280.00","",""
"Maize","Manipur","Total","0.22","0.25","0.24","0.25","","0.51","0.57","0.54","0.54","","2266.00","2220.00","2256.00","2216.00",""
"Maize","Meghalaya","Kharif","0.18","0.19","0.19","0.19","","0.42","0.44","0.44","0.44","","2302.00","2265.00","2265.00","2265.00",""
"Maize","Meghalaya","Rabi","0.00","","","","","0.00","","","","","0.00","","","",""
"Maize","Meghalaya","Total","0.18","0.19","0.19","0.19","","0.42","0.44","0.44","0.44","","2302.00","2265.00","2265.00","2265.00",""
"Maize","Mizoram","Kharif","0.06","0.11","0.06","0.04","","0.11","0.18","0.09","0.08","","1720.00","1650.00","1620.00","1793.00",""
"Maize","Mizoram","Rabi","0.01","0.00","0.01","0.01","","0.01","0.01","0.01","0.02","","1503.00","2210.00","2140.00","2404.00",""
"Maize","Mizoram","Total","0.07","0.12","0.06","0.05","","0.11","0.19","0.11","0.10","","1703.00","1674.00","1671.00","1893.00",""
"Maize","Nagaland","Kharif","0.39","0.39","0.39","0.39","","0.61","0.78","0.78","0.79","","1552.00","2005.00","2000.00","2010.00",""
"Maize","Nagaland","Rabi","0.01","0.05","0.05","0.04","","0.01","0.11","0.11","0.08","","1903.00","1987.00","1990.00","1988.00",""
"Maize","Nagaland","Total","0.40","0.44","0.45","0.43","","0.62","0.89","0.89","0.87","","1559.00","2003.00","1999.00","2008.00",""
"Maize","Odisha","Kharif","0.99","0.81","0.83","0.70","0.77","2.75","2.44","2.88","2.14","2.35","2783.00","2998.00","3483.00","3054.00","3069.00"
"Maize","Odisha","Rabi","0.04","","","","","0.10","","","","","2697.00","","","",""
"Maize","Odisha","Summer","","0.03","0.08","0.16","","","0.07","0.28","0.51","","","2480.00","3445.00","3144.00",""
"Maize","Odisha","Total","1.02","0.84","0.91","0.86","0.77","2.85","2.51","3.16","2.65","2.35","2780.00","2980.00","3480.00","3071.00","3069.00"
"Maize","Puducherry","Kharif","0.00","","","","","0.00","","","","","0.00","","","",""
"Maize","Puducherry","Rabi","","","","","","0.00","","","","","","","","",""
"Maize","Puducherry","Total","0.00","","","","","0.00","","","","","0.00","","","",""
"Maize","Punjab","Kharif","1.05","0.93","0.95","0.86","0.94","4.13","4.10","3.62","3.70","3.97","3930.00","4393.00","3827.00","4303.00","4221.00"
"Maize","Punjab","Rabi","","","","","","0.00","","","","","","","","",""
"Maize","Punjab","Total","1.05","0.93","0.95","0.86","0.94","4.13","4.10","3.62","3.70","3.97","3930.00","4393.00","3827.00","4303.00","4221.00"
"Maize","Rajasthan","Kharif","9.36","9.41","8.62","9.70","9.66","19.55","20.92","20.63","24.77","22.05","2089.00","2224.00","2394.00","2553.00","2282.00"
"Maize","Rajasthan","Rabi","0.16","0.16","0.19","0.37","","0.90","0.87","1.07","2.00","","5685.00","5406.00","5699.00","5455.00",""
"Maize","Rajasthan","Summer","","0.00","0.00","0.00","","","0.00","0.00","0.01","","","1723.00","1436.00","1958.00",""
"Maize","Rajasthan","Total","9.52","9.57","8.81","10.07","9.66","20.45","21.79","21.70","26.78","22.05","2149.00","2277.00","2464.00","2658.00","2282.00"
"Maize","Sikkim","Kharif","0.38","0.38","0.30","0.30","","0.68","0.67","0.53","0.53","","1773.00","1787.00","1793.00","1793.00",""
"Maize","Sikkim","Rabi","","","","","","0.00","","","","","","","","",""
"Maize","Sikkim","Total","0.38","0.38","0.30","0.30","","0.68","0.67","0.53","0.53","","1773.00","1787.00","1793.00","1793.00",""
"Maize","Tamil Nadu","Kharif","2.01","2.23","2.40","2.33","2.31","16.22","17.40","17.50","13.81","16.18","8050.00","7797.00","7283.00","5923.00","6993.00"
"Maize","Tamil Nadu","Rabi","1.99","1.85","1.92","2.49","","12.05","11.39","9.74","12.67","","6068.00","6141.00","5071.00","5084.00",""
"Maize","Tamil Nadu","Summer","","0.18","0.23","0.03","","","1.11","1.15","0.15","","","6141.00","5071.00","5084.00",""
"Maize","Tamil Nadu","Total","4.00","4.27","4.55","4.85","2.31","28.27","29.90","28.39","26.63","16.18","7066.00","7007.00","6239.00","5487.00","6993.00"
"Maize","Telangana","Kharif","2.89","2.51","2.16","2.12","2.53","13.17","11.43","9.40","10.21","11.55","4558.00","4554.00","4350.00","4814.00","4571.00"
"Maize","Telangana","Rabi","1.23","2.64","2.74","3.67","","9.09","17.19","18.39","23.71","","7386.00","6511.00","6712.00","6465.00",""
"Maize","Telangana","Total","4.12","5.15","4.90","5.79","2.53","22.26","28.62","27.79","33.92","11.55","5403.00","5557.00","5671.00","5860.00","4571.00"
"Maize","Tripura","Kharif","0.15","0.11","0.11","0.10","","0.27","0.22","0.22","0.18","","1842.00","1964.00","1964.00","1727.00",""
"Maize","Tripura","Rabi","0.05","0.04","0.04","0.04","","0.13","0.13","0.13","0.12","","2637.00","3505.00","3505.00","3215.00",""
"Maize","Tripura","Total","0.20","0.15","0.15","0.14","","0.40","0.34","0.34","0.30","","2046.00","2338.00","2338.00","2118.00",""
"Maize","Uttar Pradesh","Kharif","6.91","8.32","8.39","3.01","5.58","14.67","17.83","18.31","6.59","12.22","2123.00","2143.00","2182.00","2189.00","2189.00"
"Maize","Uttar Pradesh","Rabi","0.56","0.10","0.15","0.30","","1.54","0.28","0.43","0.87","","2750.00","2822.00","2875.00","2889.00",""
"Maize","Uttar Pradesh","Summer","","0.49","2.50","3.50","","","1.41","7.95","12.16","","","2878.00","3178.00","3473.00",""
"Maize","Uttar Pradesh","Total","7.47","8.91","11.04","6.81","5.58","16.21","19.52","26.68","19.61","12.22","2170.00","2191.00","2417.00","2880.00","2189.00"
"Maize","Uttarakhand","Kharif","0.21","0.17","0.17","0.17","0.17","0.52","0.39","0.40","0.47","0.41","2486.00","2291.00","2425.00","2725.00","2436.00"
"Maize","Uttarakhand","Rabi","","","","","","0.00","","","","","","","","",""
"Maize","Uttarakhand","Summer","","0.00","0.00","0.01","","","0.01","0.01","0.03","","","3000.00","3220.00","3022.00",""
"Maize","Uttarakhand","Total","0.21","0.17","0.17","0.18","0.17","0.52","0.40","0.42","0.51","0.41","2486.00","2305.00","2444.00","2743.00","2436.00"
"Maize","West Bengal","Kharif","0.52","0.52","0.50","0.34","0.28","1.58","1.90","2.00","1.54","1.25","3046.00","3633.00","3974.00","4547.00","4547.00"
"Maize","West Bengal","Rabi","3.09","1.67","2.00","2.05","","23.67","10.45","13.76","14.52","","7652.00","6247.00","6872.00","7080.00",""
"Maize","West Bengal","Summer","","1.43","1.42","1.66","","","10.41","10.28","12.29","","","7300.00","7239.00","7400.00",""
"Maize","West Bengal","Total","3.61","3.62","3.93","4.05","0.28","25.25","22.76","26.04","28.36","1.25","6989.00","6285.00","6633.00","6999.00","4547.00"
"Maize","Others","Kharif","","","","","4.53","","","","","9.00","","","","","1985.00"
"Maize","Others","Total","","","","","4.53","","","","","9.00","","","","","1985.00"
"Maize","All India","Kharif","77.85","80.53","83.29","84.61","97.05","226.81","236.74","222.45","248.08","283.03","2914.00","2940.00","2671.00","2932.00","2916.00"
"Maize","All India","Rabi","21.73","21.83","21.75","27.80","","110.49","116.90","120.28","147.53","","5084.00","5355.00","5529.00","5306.00",""
"Maize","All India","Summer","","5.08","7.37","8.50","","","27.21","33.92","38.47","","","5361.00","4603.00","4528.00",""
"Maize","All India","Total","99.58","107.44","112.41","120.91","97.05","337.30","380.85","376.65","434.09","283.03","3387.00","3545.00","3351.00","3590.00","2916.00"
"Barley","Andaman And Nicobar Islands","Rabi","0.00","","","","","0.00","","","","","0.00","","","",""
"Barley","Andaman And Nicobar Islands","Total","0.00","","","","","0.00","","","","","0.00","","","",""
"Barley","Andhra Pradesh","Rabi","","","","","","0.00","","","","","","","","",""
"Barley","Andhra Pradesh","Total","","","","","","0.00","","","","","","","","",""
"Barley","Arunachal Pradesh","Rabi","0.00","","","","","0.00","","","","","0.00","","","",""
"Barley","Arunachal Pradesh","Total","0.00","","","","","0.00","","","","","0.00","","","",""
"Barley","Assam","Rabi","","","","","","0.00","","","","","","","","",""
"Barley","Assam","Total","","","","","","0.00","","","","","","","","",""
"Barley","Bihar","Rabi","0.07","0.07","0.09","0.07","","0.12","0.12","0.15","0.14","","1779.00","1727.00","1641.00","1881.00",""
"Barley","Bihar","Total","0.07","0.07","0.09","0.07","","0.12","0.12","0.15","0.14","","1779.00","1727.00","1641.00","1881.00",""
"Barley","Chandigarh","Rabi","","","","","","0.00","","","","","","","","",""
"Barley","Chandigarh","Total","","","","","","0.00","","","","","","","","",""
"Barley","Chhattisgarh","Rabi","0.01","0.01","0.00","0.00","","0.01","0.01","0.00","0.00","","818.00","922.00","1001.00","723.00",""
"Barley","Chhattisgarh","Total","0.01","0.01","0.00","0.00","","0.01","0.01","0.00","0.00","","818.00","922.00","1001.00","723.00",""
"Barley","Dadra And Nagar Haveli","Rabi","","","","","","0.00","","","","","","","","",""
"Barley","Dadra And Nagar Haveli","Total","","","","","","0.00","","","","","","","","",""
"Barley","Daman And Diu","Rabi","0.00","","","","","0.00","","","","","0.00","","","",""
"Barley","Daman And Diu","Total","0.00","","","","","0.00","","","","","0.00","","","",""
"Barley","Delhi","Rabi","0.00","0.00","0.00","0.00","","0.00","0.00","0.00","0.01","","4000.00","4000.00","4000.00","4000.00",""
"Barley","Delhi","Total","0.00","0.00","0.00","0.00","","0.00","0.00","0.00","0.01","","4000.00","4000.00","4000.00","4000.00",""
"Barley","Goa","Rabi","","","","","","0.00","","","","","","","","",""
"Barley","Goa","Total","","","","","","0.00","","","","","","","","",""
"Barley","Gujarat","Rabi","","","","","","0.00","","","","","","","","",""
"Barley","Gujarat","Total","","","","","","0.00","","","","","","","","",""
"Barley","Haryana","Rabi","0.03","0.13","0.12","0.16","","0.11","0.46","0.46","0.58","","3237.00","3573.00","3712.00","3653.00",""
"Barley","Haryana","Total","0.03","0.13","0.12","0.16","","0.11","0.46","0.46","0.58","","3237.00","3573.00","3712.00","3653.00",""
"Barley","Himachal Pradesh","Rabi","0.18","0.17","0.17","0.17","","0.31","0.27","0.30","0.28","","1733.00","1579.00","1780.00","1690.00",""
"Barley","Himachal Pradesh","Total","0.18","0.17","0.17","0.17","","0.31","0.27","0.30","0.28","","1733.00","1579.00","1780.00","1690.00",""
"Barley","Jammu And Kashmir","Rabi","0.07","0.07","0.07","0.07","","0.05","0.05","0.05","0.05","","654.00","662.00","662.00","662.00",""
"Barley","Jammu And Kashmir","Total","0.07","0.07","0.07","0.07","","0.05","0.05","0.05","0.05","","654.00","662.00","662.00","662.00",""
"Barley","Jharkhand","Rabi","","","","","","0.00","","","","","","","","",""
"Barley","Jharkhand","Total","","","","","","0.00","","","","","","","","",""
"Barley","Karnataka","Rabi","","","","","","0.00","","","","","","","","",""
"Barley","Karnataka","Total","","","","","","0.00","","","","","","","","",""
"Barley","Kerala","Rabi","","","","","","0.00","","","","","","","","",""
"Barley","Kerala","Total","","","","","","0.00","","","","","","","","",""
"Barley","Ladakh","Rabi","0.10","0.10","0.10","0.10","","0.22","0.17","0.17","0.19","","2200.00","1692.00","1692.00","1984.00",""
"Barley","Ladakh","Total","0.10","0.10","0.10","0.10","","0.22","0.17","0.17","0.19","","2200.00","1692.00","1692.00","1984.00",""
"Barley","Lakshadweep","Rabi","0.00","","","","","0.00","","","","","0.00","","","",""
"Barley","Lakshadweep","Total","0.00","","","","","0.00","","","","","0.00","","","",""
"Barley","Madhya Pradesh","Rabi","0.16","0.24","0.19","0.24","","0.32","0.39","0.33","0.42","","2030.00","1613.00","1740.00","1756.00",""
"Barley","Madhya Pradesh","Total","0.16","0.24","0.19","0.24","","0.32","0.39","0.33","0.42","","2030.00","1613.00","1740.00","1756.00",""
"Barley","Maharashtra","Rabi","0.00","","","","","0.00","","","","","0.00","","","",""
"Barley","Maharashtra","Total","0.00","","","","","0.00","","","","","0.00","","","",""
"Barley","Manipur","Rabi","0.00","","","","","0.00","","","","","0.00","","","",""
"Barley","Manipur","Total","0.00","","","","","0.00","","","","","0.00","","","",""
"Barley","Meghalaya","Rabi","","","","","","0.00","","","","","","","","",""
"Barley","Meghalaya","Total","","","","","","0.00","","","","","","","","",""
"Barley","Mizoram","Rabi","","","","","","0.00","","","","","","","","",""
"Barley","Mizoram","Total","","","","","","0.00","","","","","","","","",""
"Barley","Nagaland","Rabi","0.00","","","","","0.00","","","","","0.00","","","",""
"Barley","Nagaland","Total","0.00","","","","","0.00","","","","","0.00","","","",""
"Barley","Odisha","Rabi","","","","","","0.00","","","","","","","","",""
"Barley","Odisha","Total","","","","","","0.00","","","","","","","","",""
"Barley","Puducherry","Rabi","0.00","","","","","0.00","","","","","0.00","","","",""
"Barley","Puducherry","Total","0.00","","","","","0.00","","","","","0.00","","","",""
"Barley","Punjab","Rabi","0.05","0.05","0.05","0.05","","0.15","0.19","0.19","0.18","","3096.00","3859.00","3737.00","3723.00",""
"Barley","Punjab","Total","0.05","0.05","0.05","0.05","","0.15","0.19","0.19","0.18","","3096.00","3859.00","3737.00","3723.00",""
"Barley","Rajasthan","Rabi","2.00","3.31","2.83","3.30","","7.11","11.26","10.36","12.23","","3547.00","3403.00","3665.00","3707.00",""
"Barley","Rajasthan","Total","2.00","3.31","2.83","3.30","","7.11","11.26","10.36","12.23","","3547.00","3403.00","3665.00","3707.00",""
"Barley","Sikkim","Rabi","0.00","0.00","0.00","0.00","","0.00","0.00","0.00","0.00","","0.00","1175.00","1181.00","1181.00",""
"Barley","Sikkim","Total","0.00","0.00","0.00","0.00","","0.00","0.00","0.00","0.00","","0.00","1175.00","1181.00","1181.00",""
"Barley","Tamil Nadu","Rabi","","","","","","0.00","","","","","","","","",""
"Barley","Tamil Nadu","Total","","","","","","0.00","","","","","","","","",""
"Barley","Telangana","Rabi","","","","","","0.00","","","","","","","","",""
"Barley","Telangana","Total","","","","","","0.00","","","","","","","","",""
"Barley","Tripura","Rabi","0.00","","","","","0.00","","","","","0.00","","","",""
"Barley","Tripura","Total","0.00","","","","","0.00","","","","","0.00","","","",""
"Barley","Uttar Pradesh","Rabi","1.65","1.93","1.70","1.77","","5.01","5.92","4.72","4.90","","3034.00","3068.00","2779.00","2768.00",""
"Barley","Uttar Pradesh","Total","1.65","1.93","1.70","1.77","","5.01","5.92","4.72","4.90","","3034.00","3068.00","2779.00","2768.00",""
"Barley","Uttarakhand","Rabi","0.20","0.20","0.18","0.14","","0.29","0.28","0.25","0.21","","1464.00","1421.00","1368.00","1472.00",""
"Barley","Uttarakhand","Total","0.20","0.20","0.18","0.14","","0.29","0.28","0.25","0.21","","1464.00","1421.00","1368.00","1472.00",""
"Barley","West Bengal","Rabi","0.00","0.00","0.00","0.00","","0.00","0.00","0.00","0.00","","1659.00","1860.00","2425.00","3000.00",""
"Barley","West Bengal","Total","0.00","0.00","0.00","0.00","","0.00","0.00","0.00","0.00","","1659.00","1860.00","2425.00","3000.00",""
"Barley","All India","Rabi","4.53","6.28","5.51","6.08","","13.71","19.13","16.99","19.19","","3025.00","3044.00","3082.00","3159.00",""
"Barley","All India","Total","4.53","6.28","5.51","6.08","","13.71","19.13","16.99","19.19","","3025.00","3044.00","3082.00","3159.00",""
"Jowar","Andaman And Nicobar Islands","Kharif","0.00","","","","","0.00","","","","","0.00","","","",""
"Jowar","Andaman And Nicobar Islands","Rabi","","","","","","0.00","","","","","","","","",""
"Jowar","Andaman And Nicobar Islands","Total","0.00","","","","","0.00","","","","","0.00","","","",""
"Jowar","Andhra Pradesh","Kharif","0.03","0.06","0.06","0.04","0.03","0.02","0.06","0.09","0.02","0.03","794.00","940.00","1416.00","437.00","931.00"
"Jowar","Andhra Pradesh","Rabi","0.74","0.64","0.97","0.79","","2.57","2.78","3.20","2.85","","3476.00","4346.00","3306.00","3612.00",""
"Jowar","Andhra Pradesh","Total","0.77","0.70","1.03","0.83","0.03","2.60","2.84","3.29","2.87","0.03","3372.00","4054.00","3191.00","3459.00","931.00"
"Jowar","Arunachal Pradesh","Kharif","0.00","","","","","0.00","","","","","0.00","","","",""
"Jowar","Arunachal Pradesh","Rabi","0.00","","","","","0.00","","","","","0.00","","","",""
"Jowar","Arunachal Pradesh","Total","0.00","","","","","0.00","","","","","0.00","","","",""
"Jowar","Assam","Kharif","","","","","","0.00","","","","","","","","",""
"Jowar","Assam","Rabi","","","","","","0.00","","","","","","","","",""
"Jowar","Assam","Total","","","","","","0.00","","","","","","","","",""
"Jowar","Bihar","Kharif","0.01","0.01","0.01","0.01","0.01","0.02","0.01","0.01","0.01","0.01","1067.00","1068.00","1075.00","1073.00","1072.00"
"Jowar","Bihar","Rabi","","","","","","0.00","","","","","","","","",""
"Jowar","Bihar","Total","0.01","0.01","0.01","0.01","0.01","0.02","0.01","0.01","0.01","0.01","1067.00","1068.00","1075.00","1073.00","1072.00"
"Jowar","Chandigarh","Kharif","0.00","","","","","0.00","","","","","0.00","","","",""
"Jowar","Chandigarh","Rabi","0.00","","","","","0.00","","","","","0.00","","","",""
"Jowar","Chandigarh","Total","0.00","","","","","0.00","","","","","0.00","","","",""
"Jowar","Chhattisgarh","Kharif","0.01","0.01","0.00","0.00","0.01","0.01","0.01","0.00","0.00","0.00","834.00","1471.00","962.00","818.00","763.00"
"Jowar","Chhattisgarh","Rabi","","","","","","0.00","","","","","","","","",""
"Jowar","Chhattisgarh","Total","0.01","0.01","0.00","0.00","0.01","0.01","0.01","0.00","0.00","0.00","834.00","1471.00","962.00","818.00","763.00"
"Jowar","Dadra And Nagar Haveli","Kharif","0.00","","","","","0.00","","","","","0.00","","","",""
"Jowar","Dadra And Nagar Haveli","Rabi","0.00","","","","","0.00","","","","","0.00","","","",""
"Jowar","Dadra And Nagar Haveli","Total","0.00","","","","","0.00","","","","","0.00","","","",""
"Jowar","Daman And Diu","Kharif","0.00","","","","","0.00","","","","","0.00","","","",""
"Jowar","Daman And Diu","Rabi","0.00","","","","","0.00","","","","","0.00","","","",""
"Jowar","Daman And Diu","Total","0.00","","","","","0.00","","","","","0.00","","","",""
"Jowar","Delhi","Kharif","0.03","0.03","0.03","0.03","","0.03","0.03","0.03","0.03","","951.00","1000.00","900.00","900.00",""
"Jowar","Delhi","Rabi","","","","","","0.00","","","","","","","","",""
"Jowar","Delhi","Total","0.03","0.03","0.03","0.03","","0.03","0.03","0.03","0.03","","951.00","1000.00","900.00","900.00",""
"Jowar","Goa","Kharif","","","","","","0.00","","","","","","","","",""
"Jowar","Goa","Rabi","","","","","","0.00","","","","","","","","",""
"Jowar","Goa","Total","","","","","","0.00","","","","","","","","",""
"Jowar","Gujarat","Kharif","0.28","0.18","0.20","0.19","0.15","0.40","0.25","0.25","0.26","0.24","1433.00","1374.00","1257.00","1366.00","1539.00"
"Jowar","Gujarat","Rabi","0.15","0.13","0.23","0.13","","0.17","0.21","0.41","0.24","","1179.00","1577.00","1800.00","1773.00",""
"Jowar","Gujarat","Total","0.43","0.32","0.43","0.32","0.15","0.58","0.46","0.66","0.50","0.24","1346.00","1460.00","1550.00","1534.00","1539.00"
"Jowar","Haryana","Kharif","0.23","0.27","0.19","0.19","0.15","0.12","0.14","0.10","0.10","0.08","527.00","526.00","527.00","527.00","527.00"
"Jowar","Haryana","Rabi","","","","","","0.00","","","","","","","","",""
"Jowar","Haryana","Total","0.23","0.27","0.19","0.19","0.15","0.12","0.14","0.10","0.10","0.08","527.00","526.00","527.00","527.00","527.00"
"Jowar","Himachal Pradesh","Kharif","0.00","","","","","0.00","","","","","560.00","","","",""
"Jowar","Himachal Pradesh","Rabi","","","","","","0.00","","","","","","","","",""
"Jowar","Himachal Pradesh","Total","0.00","","","","","0.00","","","","","560.00","","","",""
"Jowar","Jammu And Kashmir","Kharif","","","","","","0.00","","","","","","","","",""
"Jowar","Jammu And Kashmir","Rabi","","","","","","0.00","","","","","","","","",""
"Jowar","Jammu And Kashmir","Total","","","","","","0.00","","","","","","","","",""
"Jowar","Jharkhand","Kharif","0.02","0.01","0.01","0.02","0.02","0.01","0.01","0.01","0.03","0.02","817.00","967.00","1018.00","1576.00","734.00"
"Jowar","Jharkhand","Rabi","","","","","","0.00","","","","","","","","",""
"Jowar","Jharkhand","Total","0.02","0.01","0.01","0.02","0.02","0.01","0.01","0.01","0.03","0.02","817.00","967.00","1018.00","1576.00","734.00"
"Jowar","Karnataka","Kharif","0.75","0.62","0.63","1.08","0.54","1.21","0.99","1.10","2.14","0.96","1617.00","1604.00","1744.00","1982.00","1777.00"
"Jowar","Karnataka","Rabi","5.40","4.93","7.45","5.40","","6.10","5.82","8.33","6.01","","1130.00","1181.00","1118.00","1113.00",""
"Jowar","Karnataka","Total","6.15","5.55","8.08","6.48","0.54","7.31","6.82","9.43","8.15","0.96","1189.00","1228.00","1167.00","1258.00","1777.00"
"Jowar","Kerala","Kharif","0.00","","0.01","","","0.00","","0.00","","","1387.00","","372.00","",""
"Jowar","Kerala","Rabi","0.00","","0.00","0.00","","0.00","","0.00","0.00","","1460.00","","800.00","794.00",""
"Jowar","Kerala","Summer","","0.00","0.00","0.00","","","0.00","0.00","0.00","","","1000.00","1156.00","999.00",""
"Jowar","Kerala","Total","0.00","0.00","0.01","0.00","","0.00","0.00","0.01","0.00","","1448.00","1000.00","596.00","943.00",""
"Jowar","Ladakh","Kharif","0.00","","","","","0.00","","","","","0.00","","","",""
"Jowar","Ladakh","Rabi","0.00","","","","","0.00","","","","","0.00","","","",""
"Jowar","Ladakh","Total","0.00","","","","","0.00","","","","","0.00","","","",""
"Jowar","Lakshadweep","Kharif","0.00","","","","","0.00","","","","","0.00","","","",""
"Jowar","Lakshadweep","Rabi","0.00","","","","","0.00","","","","","0.00","","","",""
"Jowar","Lakshadweep","Total","0.00","","","","","0.00","","","","","0.00","","","",""
"Jowar","Madhya Pradesh","Kharif","1.23","0.97","0.87","0.90","0.50","2.36","1.69","1.63","1.83","1.02","1919.00","1747.00","1872.00","2033.00","2033.00"
"Jowar","Madhya Pradesh","Rabi","0.00","","","","","0.00","","","","","0.00","","","",""
"Jowar","Madhya Pradesh","Total","1.23","0.97","0.87","0.90","0.50","2.36","1.69","1.63","1.83","1.02","1919.00","1747.00","1872.00","2033.00","2033.00"
"Jowar","Maharashtra","Kharif","2.09","1.43","1.12","1.09","0.85","1.62","1.23","0.99","1.25","1.05","773.00","862.00","889.00","1143.00","1240.00"
"Jowar","Maharashtra","Rabi","14.40","13.29","15.91","15.46","","13.96","11.84","16.45","16.90","","970.00","891.00","1034.00","1093.00",""
"Jowar","Maharashtra","Summer","","0.06","0.38","0.36","","","0.05","0.31","0.30","","","836.00","833.00","843.00",""
"Jowar","Maharashtra","Total","16.49","14.78","17.40","16.91","0.85","15.58","13.12","17.76","18.45","1.05","945.00","888.00","1020.00","1091.00","1240.00"
"Jowar","Manipur","Kharif","0.00","","","","","0.00","","","","","0.00","","","",""
"Jowar","Manipur","Rabi","","","","","","0.00","","","","","","","","",""
"Jowar","Manipur","Total","0.00","","","","","0.00","","","","","0.00","","","",""
"Jowar","Meghalaya","Kharif","0.00","","","","","0.00","","","","","0.00","","","",""
"Jowar","Meghalaya","Rabi","0.00","","","","","0.00","","","","","0.00","","","",""
"Jowar","Meghalaya","Total","0.00","","","","","0.00","","","","","0.00","","","",""
"Jowar","Mizoram","Kharif","","","","","","0.00","","","","","","","","",""
"Jowar","Mizoram","Rabi","","","","","","0.00","","","","","","","","",""
"Jowar","Mizoram","Total","","","","","","0.00","","","","","","","","",""
"Jowar","Nagaland","Kharif","0.00","0.00","0.01","0.01","","0.00","0.00","0.01","0.01","","929.00","965.00","966.00","942.00",""
"Jowar","Nagaland","Rabi","","","","","","0.00","","","","","","","","",""
"Jowar","Nagaland","Total","0.00","0.00","0.01","0.01","","0.00","0.00","0.01","0.01","","929.00","965.00","966.00","942.00",""
"Jowar","Odisha","Kharif","0.06","0.07","0.07","0.09","0.09","0.04","0.06","0.06","0.06","0.07","629.00","786.00","786.00","716.00","796.00"
"Jowar","Odisha","Rabi","","","","","","0.00","","","","","","","","",""
"Jowar","Odisha","Total","0.06","0.07","0.07","0.09","0.09","0.04","0.06","0.06","0.06","0.07","629.00","786.00","786.00","716.00","796.00"
"Jowar","Puducherry","Kharif","0.00","0.00","0.00","","","0.00","0.00","0.00","","","2500.00","2500.00","3000.00","",""
"Jowar","Puducherry","Rabi","","","","","","0.00","","","","","","","","",""
"Jowar","Puducherry","Summer","","","","0.00","","","","","0.00","","","","","3000.00",""
"Jowar","Puducherry","Total","0.00","0.00","0.00","0.00","","0.00","0.00","0.00","0.00","","2500.00","2500.00","3000.00","3000.00",""
"Jowar","Punjab","Kharif","0.00","","","","","0.00","","","","","0.00","","","",""
"Jowar","Punjab","Rabi","","","","","","0.00","","","","","","","","",""
"Jowar","Punjab","Total","0.00","","","","","0.00","","","","","0.00","","","",""
"Jowar","Rajasthan","Kharif","6.20","6.37","5.09","6.41","6.08","5.36","5.67","4.51","5.20","5.23","864.00","890.00","886.00","811.00","861.00"
"Jowar","Rajasthan","Rabi","0.00","","","","","0.00","","","","","0.00","","","",""
"Jowar","Rajasthan","Summer","","","0.00","0.00","","","","0.00","0.00","","","","1090.00","661.00",""
"Jowar","Rajasthan","Total","6.20","6.37","5.09","6.42","6.08","5.36","5.67","4.51","5.20","5.23","864.00","890.00","886.00","811.00","861.00"
"Jowar","Sikkim","Kharif","0.00","","","","","0.00","","","","","0.00","","","",""
"Jowar","Sikkim","Rabi","","","","","","0.00","","","","","","","","",""
"Jowar","Sikkim","Total","0.00","","","","","0.00","","","","","0.00","","","",""
"Jowar","Tamil Nadu","Kharif","1.85","1.66","1.59","1.49","1.38","1.98","1.38","1.58","1.93","1.47","1070.00","834.00","996.00","1293.00","1065.00"
"Jowar","Tamil Nadu","Rabi","2.12","1.85","1.83","1.89","","1.64","1.47","1.20","2.17","","773.00","795.00","658.00","1147.00",""
"Jowar","Tamil Nadu","Summer","","0.10","0.13","0.00","","","0.08","0.09","0.00","","","795.00","658.00","1147.00",""
"Jowar","Tamil Nadu","Total","3.97","3.60","3.55","3.39","1.38","3.62","2.93","2.87","4.10","1.47","911.00","813.00","809.00","1211.00","1065.00"
"Jowar","Telangana","Kharif","0.15","0.15","0.12","0.18","0.14","0.10","0.10","0.10","0.15","0.11","662.00","680.00","809.00","819.00","768.00"
"Jowar","Telangana","Rabi","0.54","0.53","0.97","1.49","","1.07","1.09","2.29","3.70","","1984.00","2063.00","2361.00","2479.00",""
"Jowar","Telangana","Total","0.69","0.68","1.09","1.67","0.14","1.17","1.20","2.39","3.85","0.11","1697.00","1758.00","2190.00","2301.00","768.00"
"Jowar","Tripura","Kharif","0.00","","","","","0.00","","","","","0.00","","","",""
"Jowar","Tripura","Rabi","0.00","","","","","0.00","","","","","0.00","","","",""
"Jowar","Tripura","Total","0.00","","","","","0.00","","","","","0.00","","","",""
"Jowar","Uttar Pradesh","Kharif","1.71","1.98","2.89","2.68","3.01","2.70","3.15","4.62","4.35","4.88","1578.00","1593.00","1600.00","1622.00","1622.00"
"Jowar","Uttar Pradesh","Rabi","","","","","","0.00","","","","","","","","",""
"Jowar","Uttar Pradesh","Total","1.71","1.98","2.89","2.68","3.01","2.70","3.15","4.62","4.35","4.88","1578.00","1593.00","1600.00","1622.00","1622.00"
"Jowar","Uttarakhand","Kharif","","","","","","0.00","","","","","","","","",""
"Jowar","Uttarakhand","Rabi","","","","","","0.00","","","","","","","","",""
"Jowar","Uttarakhand","Total","","","","","","0.00","","","","","","","","",""
"Jowar","West Bengal","Kharif","0.00","0.00","0.00","0.00","","0.00","0.00","0.00","0.00","","537.00","564.00","600.00","625.00",""
"Jowar","West Bengal","Rabi","","","","","","0.00","","","","","","","","",""
"Jowar","West Bengal","Total","0.00","0.00","0.00","0.00","","0.00","0.00","0.00","0.00","","537.00","564.00","600.00","625.00",""
"Jowar","Others","Kharif","","","","","0.04","","","","","0.03","","","","","909.00"
"Jowar","Others","Total","","","","","0.04","","","","","0.03","","","","","909.00"
"Jowar","All India","Kharif","14.66","13.82","12.89","14.42","13.00","15.98","14.80","15.09","17.37","15.21","1090.00","1071.00","1170.00","1204.00","1170.00"
"Jowar","All India","Rabi","23.34","21.37","27.36","25.17","","25.52","23.22","31.89","31.87","","1093.00","1086.00","1165.00","1266.00",""
"Jowar","All India","Summer","","0.16","0.51","0.36","","","0.13","0.40","0.30","","","811.00","789.00","842.00",""
"Jowar","All India","Total","38.01","35.35","40.76","39.95","13.00","41.51","38.14","47.37","49.55","15.21","1092.00","1079.00","1162.00","1240.00","1170.00"
"Bajra","Andaman And Nicobar Islands","Kharif","0.00","","","","","0.00","","","","","0.00","","","",""
"Bajra","Andaman And Nicobar Islands","Total","0.00","","","","","0.00","","","","","0.00","","","",""
"Bajra","Andhra Pradesh","Kharif","0.31","0.21","0.23","0.27","0.27","0.55","0.43","0.48","0.63","0.58","1787.00","2027.00","2096.00","2320.00","2147.00"
"Bajra","Andhra Pradesh","Summer","","0.04","0.03","0.04","","","0.08","0.06","0.09","","","2027.00","2108.00","2241.00",""
"Bajra","Andhra Pradesh","Total","0.31","0.25","0.26","0.31","0.27","0.55","0.51","0.55","0.72","0.58","1787.00","2027.00","2097.00","2310.00","2147.00"
"Bajra","Arunachal Pradesh","Kharif","0.00","","","","","0.00","","","","","0.00","","","",""
"Bajra","Arunachal Pradesh","Total","0.00","","","","","0.00","","","","","0.00","","","",""
"Bajra","Assam","Kharif","","","","","","0.00","","","","","","","","",""
"Bajra","Assam","Total","","","","","","0.00","","","","","","","","",""
"Bajra","Bihar","Kharif","0.03","0.02","0.03","0.03","0.03","0.03","0.03","0.03","0.03","0.03","1140.00","1140.00","1138.00","1042.00","1107.00"
"Bajra","Bihar","Total","0.03","0.02","0.03","0.03","0.03","0.03","0.03","0.03","0.03","0.03","1140.00","1140.00","1138.00","1042.00","1107.00"
"Bajra","Chandigarh","Kharif","0.00","","","","","0.00","","","","","0.00","","","",""
"Bajra","Chandigarh","Total","0.00","","","","","0.00","","","","","0.00","","","",""
"Bajra","Chhattisgarh","Kharif","0.00","0.00","0.00","0.00","0.00","0.00","0.00","0.00","0.00","0.00","429.00","458.00","419.00","438.00","515.00"
"Bajra","Chhattisgarh","Total","0.00","0.00","0.00","0.00","0.00","0.00","0.00","0.00","0.00","0.00","429.00","458.00","419.00","438.00","515.00"
"Bajra","Dadra And Nagar Haveli","Kharif","","0.00","0.01","0.01","","0.00","0.01","0.01","0.01","","","1519.00","1536.00","1536.00",""
"Bajra","Dadra And Nagar Haveli","Total","","0.00","0.01","0.01","","0.00","0.01","0.01","0.01","","","1519.00","1536.00","1536.00",""
"Bajra","Daman And Diu","Kharif","0.00","","","","","0.01","","","","","1530.00","","","",""
"Bajra","Daman And Diu","Total","0.00","","","","","0.01","","","","","1530.00","","","",""
"Bajra","Delhi","Kharif","0.01","0.01","0.02","0.02","","0.04","0.05","0.05","0.05","","2747.00","3250.00","3200.00","3200.00",""
"Bajra","Delhi","Total","0.01","0.01","0.02","0.02","","0.04","0.05","0.05","0.05","","2747.00","3250.00","3200.00","3200.00",""
"Bajra","Goa","Kharif","","","","","","0.00","","","","","","","","",""
"Bajra","Goa","Total","","","","","","0.00","","","","","","","","",""
"Bajra","Gujarat","Kharif","4.46","1.84","1.97","1.68","1.64","10.90","3.27","3.50","3.10","3.04","2442.00","1775.00","1776.00","1844.00","1848.00"
"Bajra","Gujarat","Summer","","3.18","3.23","3.29","","","9.67","9.55","9.49","","","3042.00","2960.00","2882.00",""
"Bajra","Gujarat","Total","4.46","5.02","5.20","4.98","1.64","10.90","12.94","13.06","12.59","3.04","2442.00","2577.00","2511.00","2531.00","1848.00"
"Bajra","Haryana","Kharif","4.83","5.26","5.28","5.74","5.13","11.20","12.00","11.61","12.76","13.43","2318.00","2280.00","2200.00","2225.00","2618.00"
"Bajra","Haryana","Total","4.83","5.26","5.28","5.74","5.13","11.20","12.00","11.61","12.76","13.43","2318.00","2280.00","2200.00","2225.00","2618.00"
"Bajra","Himachal Pradesh","Kharif","0.01","0.01","0.00","0.00","0.00","0.00","0.00","0.00","0.00","0.00","512.00","480.00","480.00","480.00","480.00"
"Bajra","Himachal Pradesh","Total","0.01","0.01","0.00","0.00","0.00","0.00","0.00","0.00","0.00","0.00","512.00","480.00","480.00","480.00","480.00"
"Bajra","Jammu And Kashmir","Kharif","0.09","0.18","0.19","0.19","","0.05","0.10","0.10","0.10","","595.00","587.00","514.00","514.00",""
"Bajra","Jammu And Kashmir","Total","0.09","0.18","0.19","0.19","","0.05","0.10","0.10","0.10","","595.00","587.00","514.00","514.00",""
"Bajra","Jharkhand","Kharif","0.00","0.00","0.00","0.01","0.00","0.00","0.00","0.00","0.01","0.00","618.00","580.00","775.00","718.00","761.00"
"Bajra","Jharkhand","Total","0.00","0.00","0.00","0.01","0.00","0.00","0.00","0.00","0.01","0.00","618.00","580.00","775.00","718.00","761.00"
"Bajra","Karnataka","Kharif","1.48","1.16","1.28","1.19","0.98","1.71","1.62","1.63","1.54","1.31","1158.00","1400.00","1270.00","1290.00","1334.00"
"Bajra","Karnataka","Summer","","0.12","","","","","0.15","","","","","1250.00","","",""
"Bajra","Karnataka","Total","1.48","1.28","1.28","1.19","0.98","1.71","1.77","1.63","1.54","1.31","1158.00","1386.00","1270.00","1290.00","1334.00"
"Bajra","Kerala","Kharif","","0.00","0.00","0.00","","0.00","0.00","0.00","0.00","","","1000.00","2008.00","1798.00",""
"Bajra","Kerala","Summer","","0.00","0.00","0.00","","","0.00","0.00","0.00","","","1571.00","2179.00","1781.00",""
"Bajra","Kerala","Total","","0.00","0.00","0.00","","0.00","0.00","0.00","0.00","","","1500.00","2117.00","1789.00",""
"Bajra","Ladakh","Kharif","0.00","","","","","0.00","","","","","0.00","","","",""
"Bajra","Ladakh","Total","0.00","","","","","0.00","","","","","0.00","","","",""
"Bajra","Lakshadweep","Kharif","0.00","","","","","0.00","","","","","0.00","","","",""
"Bajra","Lakshadweep","Total","0.00","","","","","0.00","","","","","0.00","","","",""
"Bajra","Madhya Pradesh","Kharif","3.43","3.63","3.88","2.87","2.37","8.69","9.43","10.03","8.04","6.59","2533.00","2599.00","2586.00","2801.00","2780.00"
"Bajra","Madhya Pradesh","Total","3.43","3.63","3.88","2.87","2.37","8.69","9.43","10.03","8.04","6.59","2533.00","2599.00","2586.00","2801.00","2780.00"
"Bajra","Maharashtra","Kharif","6.67","4.08","3.67","4.04","3.24","6.19","4.45","2.13","5.29","3.59","928.00","1091.00","579.00","1311.00","1109.00"
"Bajra","Maharashtra","Summer","","0.26","0.37","0.41","","","0.23","0.33","0.36","","","887.00","902.00","883.00",""
"Bajra","Maharashtra","Total","6.67","4.34","4.04","4.44","3.24","6.19","4.68","2.46","5.65","3.59","928.00","1079.00","608.00","1272.00","1109.00"
"Bajra","Manipur","Kharif","0.00","","","","","0.00","","","","","0.00","","","",""
"Bajra","Manipur","Total","0.00","","","","","0.00","","","","","0.00","","","",""
"Bajra","Meghalaya","Kharif","0.00","","","","","0.00","","","","","0.00","","","",""
"Bajra","Meghalaya","Total","0.00","","","","","0.00","","","","","0.00","","","",""
"Bajra","Mizoram","Kharif","","","","","","0.00","","","","","","","","",""
"Bajra","Mizoram","Total","","","","","","0.00","","","","","","","","",""
"Bajra","Nagaland","Kharif","0.01","0.02","0.03","0.03","","0.00","0.02","0.03","0.03","","752.00","1076.00","1034.00","1036.00",""
"Bajra","Nagaland","Total","0.01","0.02","0.03","0.03","","0.00","0.02","0.03","0.03","","752.00","1076.00","1034.00","1036.00",""
"Bajra","Odisha","Kharif","0.02","0.02","0.02","0.03","0.03","0.01","0.01","0.01","0.03","0.02","615.00","633.00","633.00","805.00","693.00"
"Bajra","Odisha","Total","0.02","0.02","0.02","0.03","0.03","0.01","0.01","0.01","0.03","0.02","615.00","633.00","633.00","805.00","693.00"
"Bajra","Puducherry","Kharif","0.00","0.00","0.00","0.00","","0.00","0.00","0.00","0.00","","2643.00","2593.00","3000.00","3000.00",""
"Bajra","Puducherry","Total","0.00","0.00","0.00","0.00","","0.00","0.00","0.00","0.00","","2643.00","2593.00","3000.00","3000.00",""
"Bajra","Punjab","Kharif","0.01","0.01","0.01","0.01","0.01","0.01","0.00","0.01","0.01","0.01","635.00","690.00","785.00","948.00","817.00"
"Bajra","Punjab","Total","0.01","0.01","0.01","0.01","0.01","0.01","0.00","0.01","0.01","0.01","635.00","690.00","785.00","948.00","817.00"
"Bajra","Rajasthan","Kharif","37.36","45.44","42.57","43.53","42.62","37.40","50.62","43.84","49.79","48.75","1001.00","1114.00","1030.00","1144.00","1144.00"
"Bajra","Rajasthan","Summer","","0.27","0.31","0.30","","","0.43","0.45","0.48","","","1590.00","1471.00","1601.00",""
"Bajra","Rajasthan","Total","37.36","45.71","42.88","43.82","42.62","37.40","51.05","44.30","50.27","48.75","1001.00","1117.00","1033.00","1147.00","1144.00"
"Bajra","Sikkim","Kharif","0.00","","","","","0.00","","","","","0.00","","","",""
"Bajra","Sikkim","Total","0.00","","","","","0.00","","","","","0.00","","","",""
"Bajra","Tamil Nadu","Kharif","0.60","0.32","0.33","0.39","0.17","1.46","0.87","1.05","1.03","0.52","2437.00","2719.00","3152.00","2652.00","3052.00"
"Bajra","Tamil Nadu","Summer","","0.13","0.14","0.13","","","0.26","0.12","0.21","","","2010.00","832.00","1597.00",""
"Bajra","Tamil Nadu","Total","0.60","0.45","0.48","0.52","0.17","1.46","1.13","1.17","1.24","0.52","2437.00","2515.00","2450.00","2384.00","3052.00"
"Bajra","Telangana","Kharif","0.04","0.04","0.05","0.07","0.00","0.04","0.12","0.17","0.07","0.00","1011.00","2952.00","3371.00","1030.00","922.00"
"Bajra","Telangana","Total","0.04","0.04","0.05","0.07","0.00","0.04","0.12","0.17","0.07","0.00","1011.00","2952.00","3371.00","1030.00","922.00"
"Bajra","Tripura","Kharif","0.00","","","","","0.00","","","","","0.00","","","",""
"Bajra","Tripura","Total","0.00","","","","","0.00","","","","","0.00","","","",""
"Bajra","Uttar Pradesh","Kharif","9.05","9.47","10.10","8.28","8.83","19.51","20.46","21.95","17.27","18.42","2156.00","2160.00","2173.00","2085.00","2085.00"
"Bajra","Uttar Pradesh","Summer","","","","1.03","","","","","1.65","","","","","1601.00",""
"Bajra","Uttar Pradesh","Total","9.05","9.47","10.10","9.31","8.83","19.51","20.46","21.95","18.92","18.42","2156.00","2160.00","2173.00","2032.00","2085.00"
"Bajra","Uttarakhand","Kharif","","","","","","0.00","","","","","","","","",""
"Bajra","Uttarakhand","Total","","","","","","0.00","","","","","","","","",""
"Bajra","West Bengal","Kharif","0.00","0.00","0.00","0.00","","0.00","0.00","0.00","0.00","","428.00","425.00","410.00","407.00",""
"Bajra","West Bengal","Total","0.00","0.00","0.00","0.00","","0.00","0.00","0.00","0.00","","428.00","425.00","410.00","407.00",""
"Bajra","Others","Kharif","","","","","0.24","","","","","0.19","","","","","787.00"
"Bajra","Others","Total","","","","","0.24","","","","","0.19","","","","","787.00"
"Bajra","All India","Kharif","68.41","71.72","69.66","68.38","65.57","97.81","103.49","96.63","99.78","96.48","1430.00","1443.00","1387.00","1459.00","1471.00"
"Bajra","All India","Summer","","4.00","4.08","5.20","","","10.82","10.53","12.27","","","2705.00","2579.00","2361.00",""
"Bajra","All India","Total","68.41","75.72","73.75","73.57","65.57","97.81","114.31","107.16","112.05","96.48","1430.00","1510.00","1453.00","1523.00","1471.00"
"Ragi","Andaman And Nicobar Islands","Kharif","0.00","","","","","0.00","","","","","0.00","","","",""
"Ragi","Andaman And Nicobar Islands","Total","0.00","","","","","0.00","","","","","0.00","","","",""
"Ragi","Andhra Pradesh","Kharif","0.30","0.27","0.27","0.23","0.20","0.31","0.32","0.34","0.33","0.23","1038.00","1185.00","1261.00","1456.00","1139.00"
"Ragi","Andhra Pradesh","Total","0.30","0.27","0.27","0.23","0.20","0.31","0.32","0.34","0.33","0.23","1038.00","1185.00","1261.00","1456.00","1139.00"
"Ragi","Arunachal Pradesh","Kharif","0.00","0.27","0.28","0.28","","0.00","0.28","0.29","0.29","","0.00","1036.00","1037.00","1038.00",""
"Ragi","Arunachal Pradesh","Total","0.00","0.27","0.28","0.28","","0.00","0.28","0.29","0.29","","0.00","1036.00","1037.00","1038.00",""
"Ragi","Assam","Kharif","","","0.01","0.02","","0.00","","0.01","0.02","","","","1029.00","940.00",""
"Ragi","Assam","Total","","","0.01","0.02","","0.00","","0.01","0.02","","","","1029.00","940.00",""
"Ragi","Bihar","Kharif","0.02","0.02","0.02","0.02","0.02","0.02","0.02","0.02","0.02","0.02","978.00","1003.00","871.00","981.00","952.00"
"Ragi","Bihar","Total","0.02","0.02","0.02","0.02","0.02","0.02","0.02","0.02","0.02","0.02","978.00","1003.00","871.00","981.00","952.00"
"Ragi","Chandigarh","Kharif","0.00","","","","","0.00","","","","","0.00","","","",""
"Ragi","Chandigarh","Total","0.00","","","","","0.00","","","","","0.00","","","",""
"Ragi","Chhattisgarh","Kharif","0.03","0.03","0.03","0.02","0.09","0.01","0.01","0.01","0.01","0.02","300.00","293.00","274.00","336.00","226.00"
"Ragi","Chhattisgarh","Total","0.03","0.03","0.03","0.02","0.09","0.01","0.01","0.01","0.01","0.02","300.00","293.00","274.00","336.00","226.00"
"Ragi","Dadra And Nagar Haveli","Kharif","0.01","0.01","0.01","0.01","","0.01","0.01","0.01","0.01","","1667.00","1656.00","1675.00","1675.00",""
"Ragi","Dadra And Nagar Haveli","Total","0.01","0.01","0.01","0.01","","0.01","0.01","0.01","0.01","","1667.00","1656.00","1675.00","1675.00",""
"Ragi","Daman And Diu","Kharif","0.00","","","","","0.00","","","","","0.00","","","",""
"Ragi","Daman And Diu","Total","0.00","","","","","0.00","","","","","0.00","","","",""
"Ragi","Delhi","Kharif","0.00","","","","","0.00","","","","","0.00","","","",""
"Ragi","Delhi","Total","0.00","","","","","0.00","","","","","0.00","","","",""
"Ragi","Goa","Kharif","","","","","","0.00","","","","","","","","",""
"Ragi","Goa","Total","","","","","","0.00","","","","","","","","",""
"Ragi","Gujarat","Kharif","0.10","0.10","0.10","0.10","0.09","0.09","0.08","0.08","0.08","0.08","900.00","812.00","820.00","835.00","903.00"
"Ragi","Gujarat","Total","0.10","0.10","0.10","0.10","0.09","0.09","0.08","0.08","0.08","0.08","900.00","812.00","820.00","835.00","903.00"
"Ragi","Haryana","Kharif","","","","","","0.00","","","","","","","","",""
"Ragi","Haryana","Total","","","","","","0.00","","","","","","","","",""
"Ragi","Himachal Pradesh","Kharif","0.01","0.01","0.01","0.01","0.01","0.01","0.01","0.01","0.01","0.01","937.00","850.00","770.00","770.00","823.00"
"Ragi","Himachal Pradesh","Total","0.01","0.01","0.01","0.01","0.01","0.01","0.01","0.01","0.01","0.01","937.00","850.00","770.00","770.00","823.00"
"Ragi","Jammu And Kashmir","Kharif","0.00","0.00","0.00","0.00","","0.00","0.00","0.00","0.00","","0.00","548.00","548.00","548.00",""
"Ragi","Jammu And Kashmir","Total","0.00","0.00","0.00","0.00","","0.00","0.00","0.00","0.00","","0.00","548.00","548.00","548.00",""
"Ragi","Jharkhand","Kharif","0.19","0.16","0.32","0.40","0.35","0.17","0.13","0.31","0.44","0.40","878.00","775.00","971.00","1106.00","1172.00"
"Ragi","Jharkhand","Total","0.19","0.16","0.32","0.40","0.35","0.17","0.13","0.31","0.44","0.40","878.00","775.00","971.00","1106.00","1172.00"
"Ragi","Karnataka","Kharif","8.46","8.12","8.27","8.79","7.04","11.27","11.48","10.35","13.59","9.84","1332.00","1414.00","1251.00","1546.00","1398.00"
"Ragi","Karnataka","Total","8.46","8.12","8.27","8.79","7.04","11.27","11.48","10.35","13.59","9.84","1332.00","1414.00","1251.00","1546.00","1398.00"
"Ragi","Kerala","Kharif","0.00","0.00","0.00","0.00","0.00","0.00","0.00","0.00","0.00","0.00","1661.00","1696.00","1331.00","1615.00","1502.00"
"Ragi","Kerala","Total","0.00","0.00","0.00","0.00","0.00","0.00","0.00","0.00","0.00","0.00","1661.00","1696.00","1331.00","1615.00","1502.00"
"Ragi","Ladakh","Kharif","0.00","","","","","0.00","","","","","0.00","","","",""
"Ragi","Ladakh","Total","0.00","","","","","0.00","","","","","0.00","","","",""
"Ragi","Lakshadweep","Kharif","0.00","","","","","0.00","","","","","0.00","","","",""
"Ragi","Lakshadweep","Total","0.00","","","","","0.00","","","","","0.00","","","",""
"Ragi","Madhya Pradesh","Kharif","0.00","","","","","0.00","","","","","0.00","","","",""
"Ragi","Madhya Pradesh","Total","0.00","","","","","0.00","","","","","0.00","","","",""
"Ragi","Maharashtra","Kharif","0.81","0.69","0.69","0.69","0.55","1.03","0.91","1.13","0.96","0.79","1263.00","1327.00","1635.00","1397.00","1453.00"
"Ragi","Maharashtra","Total","0.81","0.69","0.69","0.69","0.55","1.03","0.91","1.13","0.96","0.79","1263.00","1327.00","1635.00","1397.00","1453.00"
"Ragi","Manipur","Kharif","0.00","","","","","0.00","","","","","0.00","","","",""
"Ragi","Manipur","Total","0.00","","","","","0.00","","","","","0.00","","","",""
"Ragi","Meghalaya","Kharif","0.00","","","","","0.00","","","","","0.00","","","",""
"Ragi","Meghalaya","Total","0.00","","","","","0.00","","","","","0.00","","","",""
"Ragi","Mizoram","Kharif","","","","","","0.00","","","","","","","","",""
"Ragi","Mizoram","Total","","","","","","0.00","","","","","","","","",""
"Ragi","Nagaland","Kharif","0.00","0.00","0.00","0.01","","0.00","0.00","0.00","0.01","","644.00","966.00","860.00","955.00",""
"Ragi","Nagaland","Total","0.00","0.00","0.00","0.01","","0.00","0.00","0.00","0.01","","644.00","966.00","860.00","955.00",""
"Ragi","Odisha","Kharif","0.55","0.43","0.66","0.53","0.99","0.44","0.37","0.56","0.46","0.87","794.00","873.00","853.00","872.00","880.00"
"Ragi","Odisha","Total","0.55","0.43","0.66","0.53","0.99","0.44","0.37","0.56","0.46","0.87","794.00","873.00","853.00","872.00","880.00"
"Ragi","Puducherry","Kharif","0.00","0.00","0.00","0.00","","0.00","0.00","0.00","0.00","","2413.00","2403.00","2913.00","3000.00",""
"Ragi","Puducherry","Total","0.00","0.00","0.00","0.00","","0.00","0.00","0.00","0.00","","2413.00","2403.00","2913.00","3000.00",""
"Ragi","Punjab","Kharif","","","","","","0.00","","","","","","","","",""
"Ragi","Punjab","Total","","","","","","0.00","","","","","","","","",""
"Ragi","Rajasthan","Kharif","","","","","","0.00","","","","","","","","",""
"Ragi","Rajasthan","Total","","","","","","0.00","","","","","","","","",""
"Ragi","Sikkim","Kharif","0.02","0.00","0.02","0.02","","0.02","0.00","0.02","0.02","","1041.00","1043.00","1048.00","1048.00",""
"Ragi","Sikkim","Total","0.02","0.00","0.02","0.02","","0.02","0.00","0.02","0.02","","1041.00","1043.00","1048.00","1048.00",""
"Ragi","Tamil Nadu","Kharif","0.74","0.70","0.71","0.64","0.48","2.27","2.07","2.44","2.42","1.52","3056.00","2967.00","3432.00","3765.00","3174.00"
"Ragi","Tamil Nadu","Total","0.74","0.70","0.71","0.64","0.48","2.27","2.07","2.44","2.42","1.52","3056.00","2967.00","3432.00","3765.00","3174.00"
"Ragi","Telangana","Kharif","0.01","","","0.00","0.00","0.02","","","0.00","0.00","1647.00","","","917.00","1025.00"
"Ragi","Telangana","Total","0.01","","","0.00","0.00","0.02","","","0.00","0.00","1647.00","","","917.00","1025.00"
"Ragi","Tripura","Kharif","0.00","","","","","0.00","","","","","0.00","","","",""
"Ragi","Tripura","Total","0.00","","","","","0.00","","","","","0.00","","","",""
"Ragi","Uttar Pradesh","Kharif","","","","","","0.00","","","","","","","","",""
"Ragi","Uttar Pradesh","Total","","","","","","0.00","","","","","","","","",""
"Ragi","Uttarakhand","Kharif","0.86","0.76","0.69","0.65","0.63","1.27","1.14","1.06","1.03","0.96","1478.00","1503.00","1540.00","1583.00","1529.00"
"Ragi","Uttarakhand","Total","0.86","0.76","0.69","0.65","0.63","1.27","1.14","1.06","1.03","0.96","1478.00","1503.00","1540.00","1583.00","1529.00"
"Ragi","West Bengal","Kharif","0.05","0.05","0.06","0.06","0.06","0.06","0.06","0.06","0.06","0.06","1176.00","1222.00","962.00","1012.00","1012.00"
"Ragi","West Bengal","Total","0.05","0.05","0.06","0.06","0.06","0.06","0.06","0.06","0.06","0.06","1176.00","1222.00","962.00","1012.00","1012.00"
"Ragi","Others","Kharif","","","","","0.32","","","","","0.33","","","","","1051.00"
"Ragi","Others","Total","","","","","0.32","","","","","0.33","","","","","1051.00"
"Ragi","All India","Kharif","12.18","11.63","12.15","12.48","10.80","17.01","16.91","16.70","19.77","15.13","1396.00","1454.00","1375.00","1584.00","1401.00"
"Ragi","All India","Total","12.18","11.63","12.15","12.48","10.80","17.01","16.91","16.70","19.77","15.13","1396.00","1454.00","1375.00","1584.00","1401.00"
"Small Millets","Andaman And Nicobar Islands","Kharif","0.00","","","","","0.00","","","","","0.00","","","",""
"Small Millets","Andaman And Nicobar Islands","Total","0.00","","","","","0.00","","","","","0.00","","","",""
"Small Millets","Andhra Pradesh","Kharif","0.14","0.11","0.13","0.31","0.12","0.13","0.09","0.11","0.26","0.09","929.00","860.00","902.00","848.00","720.00"
"Small Millets","Andhra Pradesh","Total","0.14","0.11","0.13","0.31","0.12","0.13","0.09","0.11","0.26","0.09","929.00","860.00","902.00","848.00","720.00"
"Small Millets","Arunachal Pradesh","Kharif","0.27","","","","","0.28","","","","","1033.00","","","",""
"Small Millets","Arunachal Pradesh","Total","0.27","","","","","0.28","","","","","1033.00","","","",""
"Small Millets","Assam","Kharif","0.05","0.06","0.08","0.07","0.05","0.03","0.05","0.06","0.06","0.04","664.00","799.00","740.00","776.00","761.00"
"Small Millets","Assam","Total","0.05","0.06","0.08","0.07","0.05","0.03","0.05","0.06","0.06","0.04","664.00","799.00","740.00","776.00","761.00"
"Small Millets","Bihar","Kharif","0.02","0.02","0.02","0.02","0.02","0.01","0.01","0.01","0.02","0.01","755.00","754.00","755.00","751.00","753.00"
"Small Millets","Bihar","Total","0.02","0.02","0.02","0.02","0.02","0.01","0.01","0.01","0.02","0.01","755.00","754.00","755.00","751.00","753.00"
"Small Millets","Chandigarh","Kharif","0.00","","","","","0.00","","","","","0.00","","","",""
"Small Millets","Chandigarh","Total","0.00","","","","","0.00","","","","","0.00","","","",""
"Small Millets","Chhattisgarh","Kharif","0.52","0.44","0.41","0.31","0.46","0.26","0.22","0.25","0.17","0.24","501.00","492.00","599.00","572.00","529.00"
"Small Millets","Chhattisgarh","Total","0.52","0.44","0.41","0.31","0.46","0.26","0.22","0.25","0.17","0.24","501.00","492.00","599.00","572.00","529.00"
"Small Millets","Dadra And Nagar Haveli","Kharif","0.00","","","","","0.00","","","","","0.00","","","",""
"Small Millets","Dadra And Nagar Haveli","Total","0.00","","","","","0.00","","","","","0.00","","","",""
"Small Millets","Daman And Diu","Kharif","0.00","","","","","0.00","","","","","0.00","","","",""
"Small Millets","Daman And Diu","Total","0.00","","","","","0.00","","","","","0.00","","","",""
"Small Millets","Delhi","Kharif","0.00","","","","","0.00","","","","","0.00","","","",""
"Small Millets","Delhi","Total","0.00","","","","","0.00","","","","","0.00","","","",""
"Small Millets","Goa","Kharif","0.00","","","","","0.00","","","","","0.00","","","",""
"Small Millets","Goa","Total","0.00","","","","","0.00","","","","","0.00","","","",""
"Small Millets","Gujarat","Kharif","0.12","0.08","0.12","0.14","0.04","0.23","0.16","0.29","0.30","0.02","1988.00","2055.00","2409.00","2165.00","681.00"
"Small Millets","Gujarat","Total","0.12","0.08","0.12","0.14","0.04","0.23","0.16","0.29","0.30","0.02","1988.00","2055.00","2409.00","2165.00","681.00"
"Small Millets","Haryana","Kharif","","","","","","0.00","","","","","","","","",""
"Small Millets","Haryana","Total","","","","","","0.00","","","","","","","","",""
"Small Millets","Himachal Pradesh","Kharif","0.02","0.02","0.02","0.02","0.02","0.01","0.01","0.01","0.01","0.02","680.00","691.00","691.00","692.00","986.00"
"Small Millets","Himachal Pradesh","Total","0.02","0.02","0.02","0.02","0.02","0.01","0.01","0.01","0.01","0.02","680.00","691.00","691.00","692.00","986.00"
"Small Millets","Jammu And Kashmir","Kharif","0.02","0.00","0.00","0.00","","0.01","0.00","0.00","0.00","","404.00","580.00","411.00","462.00",""
"Small Millets","Jammu And Kashmir","Total","0.02","0.00","0.00","0.00","","0.01","0.00","0.00","0.00","","404.00","580.00","411.00","462.00",""
"Small Millets","Jharkhand","Kharif","","","","","","0.00","","","","","","","","",""
"Small Millets","Jharkhand","Total","","","","","","0.00","","","","","","","","",""
"Small Millets","Karnataka","Kharif","0.29","0.32","0.29","0.51","0.27","0.24","0.25","0.22","0.74","0.33","823.00","792.00","746.00","1445.00","1218.00"
"Small Millets","Karnataka","Total","0.29","0.32","0.29","0.51","0.27","0.24","0.25","0.22","0.74","0.33","823.00","792.00","746.00","1445.00","1218.00"
"Small Millets","Kerala","Kharif","0.00","0.00","0.00","0.00","0.00","0.00","0.00","0.00","0.00","0.00","1206.00","1250.00","905.00","1278.00","1282.00"
"Small Millets","Kerala","Total","0.00","0.00","0.00","0.00","0.00","0.00","0.00","0.00","0.00","0.00","1206.00","1250.00","905.00","1278.00","1282.00"
"Small Millets","Ladakh","Kharif","0.00","","","0.00","","0.00","","","0.00","","0.00","","","796.00",""
"Small Millets","Ladakh","Total","0.00","","","0.00","","0.00","","","0.00","","0.00","","","796.00",""
"Small Millets","Lakshadweep","Kharif","0.00","","","","","0.00","","","","","0.00","","","",""
"Small Millets","Lakshadweep","Total","0.00","","","","","0.00","","","","","0.00","","","",""
"Small Millets","Madhya Pradesh","Kharif","0.89","1.45","1.40","1.06","2.03","0.77","1.41","1.36","1.04","1.99","860.00","970.00","971.00","981.00","981.00"
"Small Millets","Madhya Pradesh","Total","0.89","1.45","1.40","1.06","2.03","0.77","1.41","1.36","1.04","1.99","860.00","970.00","971.00","981.00","981.00"
"Small Millets","Maharashtra","Kharif","0.60","0.54","0.58","0.48","0.29","0.26","0.27","0.30","0.26","0.14","432.00","504.00","507.00","537.00","480.00"
"Small Millets","Maharashtra","Total","0.60","0.54","0.58","0.48","0.29","0.26","0.27","0.30","0.26","0.14","432.00","504.00","507.00","537.00","480.00"
"Small Millets","Manipur","Kharif","0.00","","","","","0.00","","","","","0.00","","","",""
"Small Millets","Manipur","Total","0.00","","","","","0.00","","","","","0.00","","","",""
"Small Millets","Meghalaya","Kharif","0.03","0.03","0.03","0.03","","0.03","0.03","0.03","0.03","","960.00","921.00","921.00","921.00",""
"Small Millets","Meghalaya","Total","0.03","0.03","0.03","0.03","","0.03","0.03","0.03","0.03","","960.00","921.00","921.00","921.00",""
"Small Millets","Mizoram","Kharif","","","","","","0.00","","","","","","","","",""
"Small Millets","Mizoram","Total","","","","","","0.00","","","","","","","","",""
"Small Millets","Nagaland","Kharif","0.07","0.10","0.14","0.15","","0.07","0.11","0.15","0.16","","980.00","1138.00","1130.00","1129.00",""
"Small Millets","Nagaland","Total","0.07","0.10","0.14","0.15","","0.07","0.11","0.15","0.16","","980.00","1138.00","1130.00","1129.00",""
"Small Millets","Odisha","Kharif","0.38","0.41","0.41","0.44","0.43","0.20","0.32","0.32","0.33","0.37","511.00","780.00","780.00","752.00","865.00"
"Small Millets","Odisha","Total","0.38","0.41","0.41","0.44","0.43","0.20","0.32","0.32","0.33","0.37","511.00","780.00","780.00","752.00","865.00"
"Small Millets","Puducherry","Kharif","0.00","","0.00","","","0.00","","0.00","","","1200.00","","1200.00","",""
"Small Millets","Puducherry","Total","0.00","","0.00","","","0.00","","0.00","","","1200.00","","1200.00","",""
"Small Millets","Punjab","Kharif","","","","","","0.00","","","","","","","","",""
"Small Millets","Punjab","Total","","","","","","0.00","","","","","","","","",""
"Small Millets","Rajasthan","Kharif","0.07","0.04","0.04","0.03","0.01","0.04","0.01","0.05","0.04","0.00","633.00","338.00","1094.00","1218.00","526.00"
"Small Millets","Rajasthan","Total","0.07","0.04","0.04","0.03","0.01","0.04","0.01","0.05","0.04","0.00","633.00","338.00","1094.00","1218.00","526.00"
"Small Millets","Sikkim","Kharif","0.00","","","","","0.00","","","","","0.00","","","",""
"Small Millets","Sikkim","Total","0.00","","","","","0.00","","","","","0.00","","","",""
"Small Millets","Tamil Nadu","Kharif","0.23","0.15","0.22","0.23","0.15","0.30","0.18","0.28","0.30","0.19","1298.00","1178.00","1270.00","1287.00","1294.00"
"Small Millets","Tamil Nadu","Total","0.23","0.15","0.22","0.23","0.15","0.30","0.18","0.28","0.30","0.19","1298.00","1178.00","1270.00","1287.00","1294.00"
"Small Millets","Telangana","Kharif","0.00","0.01","","0.00","0.00","0.00","0.01","","0.01","0.00","0.00","1048.00","","1881.00","1255.00"
"Small Millets","Telangana","Total","0.00","0.01","","0.00","0.00","0.00","0.01","","0.01","0.00","0.00","1048.00","","1881.00","1255.00"
"Small Millets","Tripura","Kharif","0.02","0.01","0.01","0.01","","0.01","0.01","0.01","0.01","","812.00","984.00","984.00","881.00",""
"Small Millets","Tripura","Total","0.02","0.01","0.01","0.01","","0.01","0.01","0.01","0.01","","812.00","984.00","984.00","881.00",""
"Small Millets","Uttar Pradesh","Kharif","0.07","0.10","0.49","0.33","0.32","0.05","0.08","0.42","0.28","0.27","662.00","764.00","865.00","856.00","847.00"
"Small Millets","Uttar Pradesh","Total","0.07","0.10","0.49","0.33","0.32","0.05","0.08","0.42","0.28","0.27","662.00","764.00","865.00","856.00","847.00"
"Small Millets","Uttarakhand","Kharif","0.47","0.39","0.40","0.40","0.27","0.73","0.62","0.62","0.53","0.35","1559.00","1578.00","1523.00","1332.00","1287.00"
"Small Millets","Uttarakhand","Total","0.47","0.39","0.40","0.40","0.27","0.73","0.62","0.62","0.53","0.35","1559.00","1578.00","1523.00","1332.00","1287.00"
"Small Millets","West Bengal","Kharif","0.01","0.01","0.01","0.01","0.01","0.01","0.00","0.00","0.00","0.01","1045.00","482.00","515.00","510.00","510.00"
"Small Millets","West Bengal","Total","0.01","0.01","0.01","0.01","0.01","0.01","0.00","0.00","0.00","0.01","1045.00","482.00","515.00","510.00","510.00"
"Small Millets","Others","Kharif","","","","","0.20","","","","","0.21","","","","","1061.00"
"Small Millets","Others","Total","","","","","0.20","","","","","0.21","","","","","1061.00"
"Small Millets","All India","Kharif","4.29","4.28","4.80","4.55","4.67","3.67","3.84","4.49","4.56","4.29","857.00","898.00","935.00","1001.00","917.00"
"Small Millets","All India","Total","4.29","4.28","4.80","4.55","4.67","3.67","3.84","4.49","4.56","4.29","857.00","898.00","935.00","1001.00","917.00"
"Shree Anna /Nutri Cereals","Andaman And Nicobar Islands","Kharif","0.00","","","","","0.00","","","","","0.00","","","",""
"Shree Anna /Nutri Cereals","Andaman And Nicobar Islands","Rabi","","","","","","0.00","","","","","","","","",""
"Shree Anna /Nutri Cereals","Andaman And Nicobar Islands","Total","0.00","","","","","0.00","","","","","0.00","","","",""
"Shree Anna /Nutri Cereals","Andhra Pradesh","Kharif","0.78","0.65","0.69","0.85","0.62","1.02","0.90","1.03","1.24","0.92","1307.00","1379.00","1490.00","1461.00","1487.00"
"Shree Anna /Nutri Cereals","Andhra Pradesh","Rabi","0.74","0.64","0.97","0.79","","2.57","2.78","3.20","2.85","","3476.00","4346.00","3306.00","3612.00",""
"Shree Anna /Nutri Cereals","Andhra Pradesh","Summer","","0.04","0.03","0.04","","","0.08","0.06","0.09","","","2027.00","2108.00","2241.00",""
"Shree Anna /Nutri Cereals","Andhra Pradesh","Total","1.52","1.33","1.69","1.68","0.62","3.59","3.76","4.29","4.18","0.92","2363.00","2826.00","2543.00","2491.00","1487.00"
"Shree Anna /Nutri Cereals","Arunachal Pradesh","Kharif","0.27","0.27","0.28","0.28","","0.28","0.28","0.29","0.29","","1033.00","1036.00","1037.00","1038.00",""
"Shree Anna /Nutri Cereals","Arunachal Pradesh","Rabi","0.00","","","","","0.00","","","","","0.00","","","",""
"Shree Anna /Nutri Cereals","Arunachal Pradesh","Total","0.27","0.27","0.28","0.28","","0.28","0.28","0.29","0.29","","1033.00","1036.00","1037.00","1038.00",""
"Shree Anna /Nutri Cereals","Assam","Kharif","0.05","0.06","0.09","0.09","0.05","0.03","0.05","0.07","0.07","0.04","664.00","799.00","775.00","806.00","761.00"
"Shree Anna /Nutri Cereals","Assam","Rabi","","","","","","0.00","","","","","","","","",""
"Shree Anna /Nutri Cereals","Assam","Total","0.05","0.06","0.09","0.09","0.05","0.03","0.05","0.07","0.07","0.04","664.00","799.00","775.00","806.00","761.00"
"Shree Anna /Nutri Cereals","Bihar","Kharif","0.08","0.07","0.07","0.09","0.08","0.09","0.07","0.07","0.09","0.08","1004.00","1003.00","962.00","962.00","976.00"
"Shree Anna /Nutri Cereals","Bihar","Rabi","","","","","","0.00","","","","","","","","",""
"Shree Anna /Nutri Cereals","Bihar","Total","0.08","0.07","0.07","0.09","0.08","0.09","0.07","0.07","0.09","0.08","1004.00","1003.00","962.00","962.00","976.00"
"Shree Anna /Nutri Cereals","Chandigarh","Kharif","0.00","","","","","0.00","","","","","0.00","","","",""
"Shree Anna /Nutri Cereals","Chandigarh","Rabi","0.00","","","","","0.00","","","","","0.00","","","",""
"Shree Anna /Nutri Cereals","Chandigarh","Total","0.00","","","","","0.00","","","","","0.00","","","",""
"Shree Anna /Nutri Cereals","Chhattisgarh","Kharif","0.57","0.48","0.45","0.33","0.55","0.28","0.24","0.26","0.18","0.27","495.00","495.00","581.00","561.00","483.00"
"Shree Anna /Nutri Cereals","Chhattisgarh","Rabi","","","","","","0.00","","","","","","","","",""
"Shree Anna /Nutri Cereals","Chhattisgarh","Total","0.57","0.48","0.45","0.33","0.55","0.28","0.24","0.26","0.18","0.27","495.00","495.00","581.00","561.00","483.00"
"Shree Anna /Nutri Cereals","Dadra And Nagar Haveli","Kharif","0.01","0.01","0.01","0.01","","0.01","0.02","0.02","0.02","","1667.00","1605.00","1624.00","1624.00",""
"Shree Anna /Nutri Cereals","Dadra And Nagar Haveli","Rabi","0.00","","","","","0.00","","","","","0.00","","","",""
"Shree Anna /Nutri Cereals","Dadra And Nagar Haveli","Total","0.01","0.01","0.01","0.01","","0.01","0.02","0.02","0.02","","1667.00","1605.00","1624.00","1624.00",""
"Shree Anna /Nutri Cereals","Daman And Diu","Kharif","0.00","","","","","0.01","","","","","1530.00","","","",""
"Shree Anna /Nutri Cereals","Daman And Diu","Rabi","0.00","","","","","0.00","","","","","0.00","","","",""
"Shree Anna /Nutri Cereals","Daman And Diu","Total","0.00","","","","","0.01","","","","","1530.00","","","",""
"Shree Anna /Nutri Cereals","Delhi","Kharif","0.04","0.04","0.04","0.04","","0.06","0.08","0.07","0.08","","1527.00","1726.00","1709.00","1723.00",""
"Shree Anna /Nutri Cereals","Delhi","Rabi","","","","","","0.00","","","","","","","","",""
"Shree Anna /Nutri Cereals","Delhi","Total","0.04","0.04","0.04","0.04","","0.06","0.08","0.07","0.08","","1527.00","1726.00","1709.00","1723.00",""
"Shree Anna /Nutri Cereals","Goa","Kharif","0.00","","","","","0.00","","","","","0.00","","","",""
"Shree Anna /Nutri Cereals","Goa","Rabi","","","","","","0.00","","","","","","","","",""
"Shree Anna /Nutri Cereals","Goa","Total","0.00","","","","","0.00","","","","","0.00","","","",""
"Shree Anna /Nutri Cereals","Gujarat","Kharif","4.96","2.20","2.39","2.11","1.92","11.62","3.76","4.12","3.74","3.38","2343.00","1707.00","1725.00","1774.00","1759.00"
"Shree Anna /Nutri Cereals","Gujarat","Rabi","0.15","0.13","0.23","0.13","","0.17","0.21","0.41","0.24","","1179.00","1577.00","1800.00","1773.00",""
"Shree Anna /Nutri Cereals","Gujarat","Summer","","3.18","3.23","3.29","","","9.67","9.55","9.49","","","3042.00","2960.00","2882.00",""
"Shree Anna /Nutri Cereals","Gujarat","Total","5.10","5.52","5.85","5.54","1.92","11.79","13.64","14.09","13.47","3.38","2310.00","2473.00","2410.00","2433.00","1759.00"
"Shree Anna /Nutri Cereals","Haryana","Kharif","5.06","5.53","5.47","5.92","5.28","11.32","12.14","11.71","12.86","13.51","2235.00","2195.00","2141.00","2171.00","2558.00"
"Shree Anna /Nutri Cereals","Haryana","Rabi","","","","","","0.00","","","","","","","","",""
"Shree Anna /Nutri Cereals","Haryana","Total","5.06","5.53","5.47","5.92","5.28","11.32","12.14","11.71","12.86","13.51","2235.00","2195.00","2141.00","2171.00","2558.00"
"Shree Anna /Nutri Cereals","Himachal Pradesh","Kharif","0.03","0.03","0.03","0.03","0.03","0.02","0.02","0.02","0.02","0.03","737.00","712.00","691.00","692.00","876.00"
"Shree Anna /Nutri Cereals","Himachal Pradesh","Rabi","","","","","","0.00","","","","","","","","",""
"Shree Anna /Nutri Cereals","Himachal Pradesh","Total","0.03","0.03","0.03","0.03","0.03","0.02","0.02","0.02","0.02","0.03","737.00","712.00","691.00","692.00","876.00"
"Shree Anna /Nutri Cereals","Jammu And Kashmir","Kharif","0.11","0.18","0.19","0.20","","0.06","0.11","0.10","0.10","","558.00","586.00","513.00","513.00",""
"Shree Anna /Nutri Cereals","Jammu And Kashmir","Rabi","","","","","","0.00","","","","","","","","",""
"Shree Anna /Nutri Cereals","Jammu And Kashmir","Total","0.11","0.18","0.19","0.20","","0.06","0.11","0.10","0.10","","558.00","586.00","513.00","513.00",""
"Shree Anna /Nutri Cereals","Jharkhand","Kharif","0.21","0.17","0.33","0.43","0.37","0.18","0.14","0.32","0.48","0.42","872.00","781.00","970.00","1121.00","1144.00"
"Shree Anna /Nutri Cereals","Jharkhand","Rabi","","","","","","0.00","","","","","","","","",""
"Shree Anna /Nutri Cereals","Jharkhand","Total","0.21","0.17","0.33","0.43","0.37","0.18","0.14","0.32","0.48","0.42","872.00","781.00","970.00","1121.00","1144.00"
"Shree Anna /Nutri Cereals","Karnataka","Kharif","10.98","10.22","10.47","11.57","8.83","14.43","14.35","13.29","18.00","12.44","1315.00","1404.00","1269.00","1556.00","1409.00"
"Shree Anna /Nutri Cereals","Karnataka","Rabi","5.40","4.93","7.45","5.40","","6.10","5.82","8.33","6.01","","1130.00","1181.00","1118.00","1113.00",""
"Shree Anna /Nutri Cereals","Karnataka","Summer","","0.12","","","","","0.15","","","","","1250.00","","",""
"Shree Anna /Nutri Cereals","Karnataka","Total","16.38","15.27","17.92","16.97","8.83","20.54","20.33","21.62","24.01","12.44","1254.00","1331.00","1206.00","1415.00","1409.00"
"Shree Anna /Nutri Cereals","Kerala","Kharif","0.00","0.00","0.01","0.00","0.00","0.00","0.00","0.01","0.00","0.00","1558.00","1593.00","693.00","1538.00","1447.00"
"Shree Anna /Nutri Cereals","Kerala","Rabi","0.00","","0.00","0.00","","0.00","","0.00","0.00","","1460.00","","800.00","794.00",""
"Shree Anna /Nutri Cereals","Kerala","Summer","","0.00","0.00","0.00","","","0.00","0.00","0.00","","","1500.00","1340.00","1526.00",""
"Shree Anna /Nutri Cereals","Kerala","Total","0.00","0.00","0.01","0.00","0.00","0.01","0.00","0.01","0.00","0.00","1518.00","1588.00","771.00","1531.00","1447.00"
"Shree Anna /Nutri Cereals","Ladakh","Kharif","0.00","","","0.00","","0.00","","","0.00","","0.00","","","796.00",""
"Shree Anna /Nutri Cereals","Ladakh","Rabi","0.00","","","","","0.00","","","","","0.00","","","",""
"Shree Anna /Nutri Cereals","Ladakh","Total","0.00","","","0.00","","0.00","","","0.00","","0.00","","","796.00",""
"Shree Anna /Nutri Cereals","Lakshadweep","Kharif","0.00","","","","","0.00","","","","","0.00","","","",""
"Shree Anna /Nutri Cereals","Lakshadweep","Rabi","0.00","","","","","0.00","","","","","0.00","","","",""
"Shree Anna /Nutri Cereals","Lakshadweep","Total","0.00","","","","","0.00","","","","","0.00","","","",""
"Shree Anna /Nutri Cereals","Madhya Pradesh","Kharif","5.55","6.05","6.15","4.83","4.90","11.81","12.54","13.02","10.91","9.60","2129.00","2072.00","2117.00","2258.00","1959.00"
"Shree Anna /Nutri Cereals","Madhya Pradesh","Rabi","0.00","","","","","0.00","","","","","0.00","","","",""
"Shree Anna /Nutri Cereals","Madhya Pradesh","Total","5.55","6.05","6.15","4.83","4.90","11.81","12.54","13.02","10.91","9.60","2129.00","2072.00","2117.00","2258.00","1959.00"
"Shree Anna /Nutri Cereals","Maharashtra","Kharif","10.17","6.73","6.06","6.30","4.92","9.09","6.86","4.54","7.76","5.57","894.00","1019.00","749.00","1232.00","1132.00"
"Shree Anna /Nutri Cereals","Maharashtra","Rabi","14.40","13.29","15.91","15.46","","13.96","11.84","16.45","16.90","","970.00","891.00","1034.00","1093.00",""
"Shree Anna /Nutri Cereals","Maharashtra","Summer","","0.32","0.75","0.76","","","0.28","0.65","0.66","","","877.00","867.00","864.00",""
"Shree Anna /Nutri Cereals","Maharashtra","Total","24.57","20.35","22.72","22.52","4.92","23.05","18.99","21.64","25.32","5.57","938.00","933.00","953.00","1124.00","1132.00"
"Shree Anna /Nutri Cereals","Manipur","Kharif","0.00","","","","","0.00","","","","","0.00","","","",""
"Shree Anna /Nutri Cereals","Manipur","Rabi","","","","","","0.00","","","","","","","","",""
"Shree Anna /Nutri Cereals","Manipur","Total","0.00","","","","","0.00","","","","","0.00","","","",""
"Shree Anna /Nutri Cereals","Meghalaya","Kharif","0.03","0.03","0.03","0.03","","0.03","0.03","0.03","0.03","","960.00","921.00","921.00","921.00",""
"Shree Anna /Nutri Cereals","Meghalaya","Rabi","0.00","","","","","0.00","","","","","0.00","","","",""
"Shree Anna /Nutri Cereals","Meghalaya","Total","0.03","0.03","0.03","0.03","","0.03","0.03","0.03","0.03","","960.00","921.00","921.00","921.00",""
"Shree Anna /Nutri Cereals","Mizoram","Kharif","","","","","","0.00","","","","","","","","",""
"Shree Anna /Nutri Cereals","Mizoram","Rabi","","","","","","0.00","","","","","","","","",""
"Shree Anna /Nutri Cereals","Mizoram","Total","","","","","","0.00","","","","","","","","",""
"Shree Anna /Nutri Cereals","Nagaland","Kharif","0.09","0.13","0.18","0.19","","0.08","0.14","0.20","0.21","","948.00","1118.00","1099.00","1098.00",""
"Shree Anna /Nutri Cereals","Nagaland","Rabi","","","","","","0.00","","","","","","","","",""
"Shree Anna /Nutri Cereals","Nagaland","Total","0.09","0.13","0.18","0.19","","0.08","0.14","0.20","0.21","","948.00","1118.00","1099.00","1098.00",""
"Shree Anna /Nutri Cereals","Odisha","Kharif","1.01","0.93","1.16","1.09","1.54","0.68","0.76","0.95","0.88","1.33","674.00","820.00","819.00","809.00","867.00"
"Shree Anna /Nutri Cereals","Odisha","Rabi","","","","","","0.00","","","","","","","","",""
"Shree Anna /Nutri Cereals","Odisha","Total","1.01","0.93","1.16","1.09","1.54","0.68","0.76","0.95","0.88","1.33","674.00","820.00","819.00","809.00","867.00"
"Shree Anna /Nutri Cereals","Puducherry","Kharif","0.00","0.00","0.00","0.00","","0.00","0.00","0.00","0.00","","2221.00","2457.00","2972.00","3000.00",""
"Shree Anna /Nutri Cereals","Puducherry","Rabi","","","","","","0.00","","","","","","","","",""
"Shree Anna /Nutri Cereals","Puducherry","Summer","","","","0.00","","","","","0.00","","","","","3000.00",""
"Shree Anna /Nutri Cereals","Puducherry","Total","0.00","0.00","0.00","0.00","","0.00","0.00","0.00","0.00","","2221.00","2457.00","2972.00","3000.00",""
"Shree Anna /Nutri Cereals","Punjab","Kharif","0.01","0.01","0.01","0.01","0.01","0.01","0.00","0.01","0.01","0.01","635.00","690.00","785.00","948.00","817.00"
"Shree Anna /Nutri Cereals","Punjab","Rabi","","","","","","0.00","","","","","","","","",""
"Shree Anna /Nutri Cereals","Punjab","Total","0.01","0.01","0.01","0.01","0.01","0.01","0.00","0.01","0.01","0.01","635.00","690.00","785.00","948.00","817.00"
"Shree Anna /Nutri Cereals","Rajasthan","Kharif","43.63","51.85","47.70","49.97","48.70","42.80","56.30","48.40","55.03","53.99","981.00","1086.00","1015.00","1101.00","1109.00"
"Shree Anna /Nutri Cereals","Rajasthan","Rabi","0.00","","","","","0.00","","","","","0.00","","","",""
"Shree Anna /Nutri Cereals","Rajasthan","Summer","","0.27","0.31","0.30","","","0.43","0.46","0.48","","","1590.00","1470.00","1594.00",""
"Shree Anna /Nutri Cereals","Rajasthan","Total","43.63","52.12","48.01","50.27","48.70","42.80","56.74","48.86","55.51","53.99","981.00","1088.00","1018.00","1104.00","1109.00"
"Shree Anna /Nutri Cereals","Sikkim","Kharif","0.02","0.00","0.02","0.02","","0.02","0.00","0.02","0.02","","1041.00","1043.00","1048.00","1048.00",""
"Shree Anna /Nutri Cereals","Sikkim","Rabi","","","","","","0.00","","","","","","","","",""
"Shree Anna /Nutri Cereals","Sikkim","Total","0.02","0.00","0.02","0.02","","0.02","0.00","0.02","0.02","","1041.00","1043.00","1048.00","1048.00",""
"Shree Anna /Nutri Cereals","Tamil Nadu","Kharif","3.42","2.83","2.85","2.76","2.18","6.02","4.50","5.35","5.68","3.70","1756.00","1591.00","1877.00","2059.00","1699.00"
"Shree Anna /Nutri Cereals","Tamil Nadu","Rabi","2.12","1.85","1.83","1.89","","1.64","1.47","1.20","2.17","","773.00","795.00","658.00","1147.00",""
"Shree Anna /Nutri Cereals","Tamil Nadu","Summer","","0.23","0.28","0.13","","","0.34","0.21","0.21","","","1497.00","749.00","1596.00",""
"Shree Anna /Nutri Cereals","Tamil Nadu","Total","5.55","4.90","4.96","4.78","2.18","7.65","6.30","6.76","8.06","3.70","1380.00","1287.00","1364.00","1686.00","1699.00"
"Shree Anna /Nutri Cereals","Telangana","Kharif","0.20","0.20","0.17","0.26","0.14","0.16","0.23","0.27","0.23","0.11","781.00","1153.00","1563.00","895.00","771.00"
"Shree Anna /Nutri Cereals","Telangana","Rabi","0.54","0.53","0.97","1.49","","1.07","1.09","2.29","3.70","","1984.00","2063.00","2361.00","2479.00",""
"Shree Anna /Nutri Cereals","Telangana","Total","0.74","0.73","1.14","1.75","0.14","1.23","1.32","2.56","3.93","0.11","1659.00","1814.00","2242.00","2247.00","771.00"
"Shree Anna /Nutri Cereals","Tripura","Kharif","0.02","0.01","0.01","0.01","","0.01","0.01","0.01","0.01","","812.00","984.00","984.00","881.00",""
"Shree Anna /Nutri Cereals","Tripura","Rabi","0.00","","","","","0.00","","","","","0.00","","","",""
"Shree Anna /Nutri Cereals","Tripura","Total","0.02","0.01","0.01","0.01","","0.01","0.01","0.01","0.01","","812.00","984.00","984.00","881.00",""
"Shree Anna /Nutri Cereals","Uttar Pradesh","Kharif","10.83","11.55","13.48","11.29","12.16","22.26","23.69","27.00","21.90","23.57","2055.00","2051.00","2003.00","1939.00","1938.00"
"Shree Anna /Nutri Cereals","Uttar Pradesh","Rabi","","","","","","0.00","","","","","","","","",""
"Shree Anna /Nutri Cereals","Uttar Pradesh","Summer","","","","1.03","","","","","1.65","","","","","1601.00",""
"Shree Anna /Nutri Cereals","Uttar Pradesh","Total","10.83","11.55","13.48","12.32","12.16","22.26","23.69","27.00","23.55","23.57","2055.00","2051.00","2003.00","1911.00","1938.00"
"Shree Anna /Nutri Cereals","Uttarakhand","Kharif","1.33","1.15","1.09","1.05","0.90","2.00","1.76","1.68","1.56","1.31","1507.00","1528.00","1534.00","1488.00","1455.00"
"Shree Anna /Nutri Cereals","Uttarakhand","Rabi","","","","","","0.00","","","","","","","","",""
"Shree Anna /Nutri Cereals","Uttarakhand","Total","1.33","1.15","1.09","1.05","0.90","2.00","1.76","1.68","1.56","1.31","1507.00","1528.00","1534.00","1488.00","1455.00"
"Shree Anna /Nutri Cereals","West Bengal","Kharif","0.07","0.06","0.07","0.06","0.07","0.08","0.06","0.07","0.06","0.06","1126.00","1114.00","917.00","959.00","935.00"
"Shree Anna /Nutri Cereals","West Bengal","Rabi","","","","","","0.00","","","","","","","","",""
"Shree Anna /Nutri Cereals","West Bengal","Total","0.07","0.06","0.07","0.06","0.07","0.08","0.06","0.07","0.06","0.06","1126.00","1114.00","917.00","959.00","935.00"
"Shree Anna /Nutri Cereals","Others","Kharif","","","","","0.79","","","","","0.76","","","","","967.00"
"Shree Anna /Nutri Cereals","Others","Total","","","","","0.79","","","","","0.76","","","","","967.00"
"Shree Anna /Nutri Cereals","All India","Kharif","99.55","101.46","99.50","99.83","94.05","134.47","139.04","132.90","141.48","131.11","1351.00","1370.00","1336.00","1417.00","1394.00"
"Shree Anna /Nutri Cereals","All India","Rabi","23.34","21.37","27.36","25.17","","25.52","23.22","31.89","31.87","","1093.00","1086.00","1165.00","1266.00",""
"Shree Anna /Nutri Cereals","All India","Summer","","4.16","4.59","5.56","","","10.95","10.93","12.57","","","2634.00","2381.00","2263.00",""
"Shree Anna /Nutri Cereals","All India","Total","122.89","126.98","131.45","130.56","94.05","160.00","173.21","175.72","185.92","131.11","1302.00","1364.00","1337.00","1424.00","1394.00"
"Nutri/Coarse Cereals","Andaman And Nicobar Islands","Kharif","0.00","0.00","0.00","","","0.00","0.00","0.00","","","2680.00","2260.00","2410.00","",""
"Nutri/Coarse Cereals","Andaman And Nicobar Islands","Rabi","0.00","","","0.00","","0.00","","","0.00","","0.00","","","2229.00",""
"Nutri/Coarse Cereals","Andaman And Nicobar Islands","Total","0.00","0.00","0.00","0.00","","0.00","0.00","0.00","0.00","","2680.00","2260.00","2410.00","2229.00",""
"Nutri/Coarse Cereals","Andhra Pradesh","Kharif","2.08","2.03","2.08","2.29","2.05","5.43","6.48","6.58","7.76","7.01","2609.00","3192.00","3172.00","3387.00","3417.00"
"Nutri/Coarse Cereals","Andhra Pradesh","Rabi","2.86","3.12","2.50","2.65","","17.16","24.75","15.83","17.82","","5999.00","7933.00","6326.00","6726.00",""
"Nutri/Coarse Cereals","Andhra Pradesh","Summer","","0.04","0.03","0.04","","","0.08","0.06","0.09","","","2027.00","2108.00","2241.00",""
"Nutri/Coarse Cereals","Andhra Pradesh","Total","4.94","5.19","4.61","4.98","2.05","22.58","31.31","22.48","25.67","7.01","4572.00","6033.00","4878.00","5154.00","3417.00"
"Nutri/Coarse Cereals","Arunachal Pradesh","Kharif","0.70","0.71","0.72","0.72","","0.95","0.96","0.97","0.97","","1344.00","1348.00","1349.00","1350.00",""
"Nutri/Coarse Cereals","Arunachal Pradesh","Rabi","0.11","0.11","0.11","0.11","","0.19","0.19","0.19","0.19","","1720.00","1722.00","1725.00","1726.00",""
"Nutri/Coarse Cereals","Arunachal Pradesh","Total","0.81","0.82","0.83","0.83","","1.13","1.15","1.16","1.17","","1394.00","1398.00","1398.00","1400.00",""
"Nutri/Coarse Cereals","Assam","Kharif","0.48","0.58","0.50","0.42","0.31","1.73","1.97","2.22","1.21","1.11","3632.00","3398.00","4392.00","2889.00","3570.00"
"Nutri/Coarse Cereals","Assam","Rabi","","","0.62","0.67","","0.00","","3.18","3.61","","","","5139.00","5382.00",""
"Nutri/Coarse Cereals","Assam","Total","0.48","0.58","1.12","1.09","0.31","1.73","1.97","5.40","4.82","1.11","3632.00","3398.00","4804.00","4424.00","3570.00"
"Nutri/Coarse Cereals","Bihar","Kharif","1.82","1.88","2.23","2.02","2.04","2.43","4.52","5.93","5.80","5.41","1336.00","2403.00","2656.00","2876.00","2645.00"
"Nutri/Coarse Cereals","Bihar","Rabi","4.96","4.17","5.67","5.57","","24.46","29.28","40.67","40.84","","4931.00","7027.00","7170.00","7327.00",""
"Nutri/Coarse Cereals","Bihar","Summer","","1.58","1.82","1.54","","","10.19","10.72","8.27","","","6469.00","5904.00","5377.00",""
"Nutri/Coarse Cereals","Bihar","Total","6.78","7.62","9.72","9.13","2.04","26.89","43.99","57.32","54.91","5.41","3965.00","5770.00","5896.00","6015.00","2645.00"
"Nutri/Coarse Cereals","Chandigarh","Kharif","0.00","0.00","0.00","0.00","","0.00","0.00","0.00","0.00","","2875.00","2875.00","3000.00","3000.00",""
"Nutri/Coarse Cereals","Chandigarh","Rabi","0.00","","","","","0.00","","","","","0.00","","","",""
"Nutri/Coarse Cereals","Chandigarh","Total","0.00","0.00","0.00","0.00","","0.00","0.00","0.00","0.00","","2875.00","2875.00","3000.00","3000.00",""
"Nutri/Coarse Cereals","Chhattisgarh","Kharif","1.87","1.68","1.54","1.44","1.75","4.22","4.17","3.70","3.79","4.17","2252.00","2483.00","2402.00","2629.00","2377.00"
"Nutri/Coarse Cereals","Chhattisgarh","Rabi","0.01","0.01","0.00","0.00","","0.01","0.01","0.00","0.00","","818.00","922.00","1001.00","723.00",""
"Nutri/Coarse Cereals","Chhattisgarh","Total","1.89","1.69","1.54","1.45","1.75","4.23","4.18","3.70","3.80","4.17","2243.00","2475.00","2399.00","2623.00","2377.00"
"Nutri/Coarse Cereals","Dadra And Nagar Haveli","Kharif","0.01","0.01","0.01","0.01","","0.01","0.02","0.02","0.02","","1667.00","1605.00","1624.00","1624.00",""
"Nutri/Coarse Cereals","Dadra And Nagar Haveli","Rabi","0.00","","","","","0.00","","","","","0.00","","","",""
"Nutri/Coarse Cereals","Dadra And Nagar Haveli","Total","0.01","0.01","0.01","0.01","","0.01","0.02","0.02","0.02","","1667.00","1605.00","1624.00","1624.00",""
"Nutri/Coarse Cereals","Daman And Diu","Kharif","0.00","","","","","0.01","","","","","1530.00","","","",""
"Nutri/Coarse Cereals","Daman And Diu","Rabi","0.00","","","","","0.00","","","","","0.00","","","",""
"Nutri/Coarse Cereals","Daman And Diu","Total","0.00","","","","","0.01","","","","","1530.00","","","",""
"Nutri/Coarse Cereals","Delhi","Kharif","0.04","0.04","0.04","0.05","","0.07","0.08","0.08","0.10","","1544.00","1745.00","1744.00","2101.00",""
"Nutri/Coarse Cereals","Delhi","Rabi","0.00","0.00","0.00","0.00","","0.00","0.00","0.00","0.01","","4000.00","4000.00","4000.00","4000.00",""
"Nutri/Coarse Cereals","Delhi","Total","0.04","0.05","0.04","0.05","","0.07","0.08","0.08","0.11","","1572.00","1770.00","1751.00","2149.00",""
"Nutri/Coarse Cereals","Goa","Kharif","0.00","","","","","0.00","","","","","0.00","","","",""
"Nutri/Coarse Cereals","Goa","Rabi","","","","","","0.00","","","","","","","","",""
"Nutri/Coarse Cereals","Goa","Total","0.00","","","","","0.00","","","","","0.00","","","",""
"Nutri/Coarse Cereals","Gujarat","Kharif","7.91","5.08","5.21","4.97","3.75","17.36","9.25","9.81","7.96","6.67","2197.00","1820.00","1881.00","1602.00","1778.00"
"Nutri/Coarse Cereals","Gujarat","Rabi","1.11","1.19","1.39","1.48","","2.59","3.11","3.66","3.81","","2343.00","2617.00","2639.00","2576.00",""
"Nutri/Coarse Cereals","Gujarat","Summer","","3.25","3.30","3.37","","","9.85","9.72","9.65","","","3031.00","2945.00","2867.00",""
"Nutri/Coarse Cereals","Gujarat","Total","9.01","9.52","9.90","9.82","3.75","19.95","22.21","23.18","21.42","6.67","2215.00","2333.00","2342.00","2182.00","1778.00"
"Nutri/Coarse Cereals","Haryana","Kharif","5.11","5.58","5.52","5.97","5.32","11.48","12.30","11.89","13.02","13.66","2244.00","2205.00","2155.00","2183.00","2566.00"
"Nutri/Coarse Cereals","Haryana","Rabi","0.03","0.13","0.12","0.16","","0.11","0.46","0.46","0.58","","3237.00","3573.00","3712.00","3653.00",""
"Nutri/Coarse Cereals","Haryana","Total","5.15","5.71","5.64","6.12","5.32","11.58","12.76","12.35","13.60","13.66","2250.00","2236.00","2189.00","2221.00","2566.00"
"Nutri/Coarse Cereals","Himachal Pradesh","Kharif","2.66","2.59","2.56","2.64","2.64","7.84","6.81","6.10","6.95","6.74","2942.00","2629.00","2383.00","2629.00","2550.00"
"Nutri/Coarse Cereals","Himachal Pradesh","Rabi","0.18","0.17","0.17","0.17","","0.31","0.27","0.30","0.28","","1733.00","1579.00","1780.00","1690.00",""
"Nutri/Coarse Cereals","Himachal Pradesh","Total","2.84","2.76","2.73","2.81","2.64","8.15","7.08","6.40","7.23","6.74","2865.00","2564.00","2346.00","2573.00","2550.00"
"Nutri/Coarse Cereals","Jammu And Kashmir","Kharif","3.03","2.94","3.08","3.08","","5.87","5.58","5.98","5.98","","1935.00","1893.00","1945.00","1944.00",""
"Nutri/Coarse Cereals","Jammu And Kashmir","Rabi","0.07","0.07","0.07","0.07","","0.05","0.05","0.05","0.05","","654.00","662.00","662.00","662.00",""
"Nutri/Coarse Cereals","Jammu And Kashmir","Total","3.11","3.01","3.14","3.15","","5.92","5.62","6.03","6.03","","1906.00","1865.00","1917.00","1916.00",""
"Nutri/Coarse Cereals","Jharkhand","Kharif","2.93","2.27","2.92","3.17","2.34","6.25","4.22","5.77","7.12","4.77","2129.00","1862.00","1972.00","2248.00","2037.00"
"Nutri/Coarse Cereals","Jharkhand","Rabi","0.12","0.31","0.10","0.15","","0.29","0.50","0.21","0.34","","2373.00","1622.00","2067.00","2286.00",""
"Nutri/Coarse Cereals","Jharkhand","Total","3.05","2.57","3.02","3.31","2.34","6.53","4.72","5.97","7.46","4.77","2139.00","1833.00","1975.00","2250.00","2037.00"
"Nutri/Coarse Cereals","Karnataka","Kharif","24.96","25.68","27.92","27.42","26.47","59.62","60.50","60.82","67.65","66.24","2388.00","2356.00","2178.00","2467.00","2502.00"
"Nutri/Coarse Cereals","Karnataka","Rabi","7.34","7.88","9.37","8.08","","13.13","16.12","15.79","15.62","","1788.00","2045.00","1685.00","1933.00",""
"Nutri/Coarse Cereals","Karnataka","Summer","","0.83","0.35","0.61","","","2.82","1.30","2.64","","","3393.00","3718.00","4328.00",""
"Nutri/Coarse Cereals","Karnataka","Total","32.30","34.39","37.64","36.11","26.47","72.74","79.44","77.91","85.91","66.24","2252.00","2310.00","2070.00","2379.00","2502.00"
"Nutri/Coarse Cereals","Kerala","Kharif","0.00","0.00","0.01","0.00","0.00","0.00","0.00","0.01","0.00","0.00","1595.00","1846.00","885.00","1740.00","2736.00"
"Nutri/Coarse Cereals","Kerala","Rabi","0.00","0.00","0.00","0.00","","0.00","0.00","0.00","0.00","","1830.00","3390.00","1057.00","3359.00",""
"Nutri/Coarse Cereals","Kerala","Summer","","0.00","0.00","0.00","","","0.00","0.00","0.00","","","1364.00","1728.00","2153.00",""
"Nutri/Coarse Cereals","Kerala","Total","0.00","0.00","0.02","0.00","0.00","0.01","0.01","0.02","0.01","0.00","1708.00","2050.00","1022.00","2047.00","2736.00"
"Nutri/Coarse Cereals","Ladakh","Kharif","0.00","","","0.00","","0.00","","","0.00","","0.00","","","735.00",""
"Nutri/Coarse Cereals","Ladakh","Rabi","0.10","0.10","0.10","0.10","","0.22","0.17","0.17","0.19","","2200.00","1692.00","1692.00","1984.00",""
"Nutri/Coarse Cereals","Ladakh","Total","0.10","0.10","0.10","0.10","","0.22","0.17","0.17","0.19","","2200.00","1692.00","1692.00","1943.00",""
"Nutri/Coarse Cereals","Lakshadweep","Kharif","0.00","","","","","0.00","","","","","0.00","","","",""
"Nutri/Coarse Cereals","Lakshadweep","Rabi","0.00","","","","","0.00","","","","","0.00","","","",""
"Nutri/Coarse Cereals","Lakshadweep","Total","0.00","","","","","0.00","","","","","0.00","","","",""
"Nutri/Coarse Cereals","Madhya Pradesh","Kharif","19.55","20.53","21.45","25.60","31.83","57.89","58.74","55.76","68.79","86.16","2961.00","2861.00","2600.00","2687.00","2707.00"
"Nutri/Coarse Cereals","Madhya Pradesh","Rabi","0.16","0.24","0.19","2.46","","0.32","0.39","0.33","8.77","","2030.00","1613.00","1740.00","3566.00",""
"Nutri/Coarse Cereals","Madhya Pradesh","Summer","","","0.13","0.04","","","","0.65","0.19","","","","4972.00","4860.00",""
"Nutri/Coarse Cereals","Madhya Pradesh","Total","19.71","20.77","21.77","28.10","31.83","58.21","59.13","56.74","77.75","86.16","2953.00","2847.00","2606.00","2767.00","2707.00"
"Nutri/Coarse Cereals","Maharashtra","Kharif","18.29","15.54","15.16","17.45","19.32","30.95","33.98","18.95","41.16","48.38","1692.00","2187.00","1250.00","2358.00","2505.00"
"Nutri/Coarse Cereals","Maharashtra","Rabi","18.79","17.53","19.47","19.69","","27.95","23.15","25.50","28.94","","1487.00","1321.00","1309.00","1469.00",""
"Nutri/Coarse Cereals","Maharashtra","Summer","","0.73","1.35","1.63","","","1.04","1.69","2.71","","","1422.00","1252.00","1665.00",""
"Nutri/Coarse Cereals","Maharashtra","Total","37.08","33.80","35.98","38.78","19.32","58.90","58.17","46.13","72.81","48.38","1589.00","1721.00","1282.00","1878.00","2505.00"
"Nutri/Coarse Cereals","Manipur","Kharif","0.16","","","0.17","","0.35","","","0.39","","2281.00","","","2240.00",""
"Nutri/Coarse Cereals","Manipur","Rabi","0.07","0.07","0.07","0.07","","0.15","0.17","0.16","0.16","","2232.00","2293.00","2200.00","2160.00",""
"Nutri/Coarse Cereals","Manipur","Summer","","0.18","0.17","","","","0.40","0.38","","","","2190.00","2280.00","",""
"Nutri/Coarse Cereals","Manipur","Total","0.22","0.25","0.24","0.25","","0.51","0.57","0.54","0.54","","2266.00","2220.00","2256.00","2216.00",""
"Nutri/Coarse Cereals","Meghalaya","Kharif","0.21","0.23","0.23","0.23","","0.45","0.47","0.47","0.47","","2116.00","2082.00","2082.00","2082.00",""
"Nutri/Coarse Cereals","Meghalaya","Rabi","0.00","","","","","0.00","","","","","0.00","","","",""
"Nutri/Coarse Cereals","Meghalaya","Total","0.21","0.23","0.23","0.23","","0.45","0.47","0.47","0.47","","2116.00","2082.00","2082.00","2082.00",""
"Nutri/Coarse Cereals","Mizoram","Kharif","0.06","0.11","0.06","0.04","","0.11","0.18","0.09","0.08","","1720.00","1650.00","1620.00","1793.00",""
"Nutri/Coarse Cereals","Mizoram","Rabi","0.01","0.00","0.01","0.01","","0.01","0.01","0.01","0.02","","1503.00","2210.00","2140.00","2404.00",""
"Nutri/Coarse Cereals","Mizoram","Total","0.07","0.12","0.06","0.05","","0.11","0.19","0.11","0.10","","1703.00","1674.00","1671.00","1893.00",""
"Nutri/Coarse Cereals","Nagaland","Kharif","0.48","0.51","0.57","0.58","","0.69","0.92","0.98","1.00","","1442.00","1789.00","1715.00","1709.00",""
"Nutri/Coarse Cereals","Nagaland","Rabi","0.01","0.05","0.05","0.04","","0.01","0.11","0.11","0.08","","1903.00","1987.00","1990.00","1988.00",""
"Nutri/Coarse Cereals","Nagaland","Total","0.48","0.57","0.63","0.63","","0.70","1.03","1.09","1.08","","1450.00","1808.00","1739.00","1728.00",""
"Nutri/Coarse Cereals","Odisha","Kharif","2.00","1.74","1.98","1.79","2.30","3.43","3.20","3.83","3.02","3.68","1716.00","1837.00","1929.00","1687.00","1598.00"
"Nutri/Coarse Cereals","Odisha","Rabi","0.04","","","","","0.10","","","","","2697.00","","","",""
"Nutri/Coarse Cereals","Odisha","Summer","","0.03","0.08","0.16","","","0.07","0.28","0.51","","","2480.00","3445.00","3144.00",""
"Nutri/Coarse Cereals","Odisha","Total","2.03","1.77","2.07","1.95","2.30","3.53","3.28","4.11","3.53","3.68","1734.00","1847.00","1989.00","1808.00","1598.00"
"Nutri/Coarse Cereals","Puducherry","Kharif","0.00","0.00","0.00","0.00","","0.00","0.00","0.00","0.00","","2221.00","2457.00","2972.00","3000.00",""
"Nutri/Coarse Cereals","Puducherry","Rabi","0.00","","","","","0.00","","","","","0.00","","","",""
"Nutri/Coarse Cereals","Puducherry","Summer","","","","0.00","","","","","0.00","","","","","3000.00",""
"Nutri/Coarse Cereals","Puducherry","Total","0.00","0.00","0.00","0.00","","0.00","0.00","0.00","0.00","","2221.00","2457.00","2972.00","3000.00",""
"Nutri/Coarse Cereals","Punjab","Kharif","1.06","0.94","0.95","0.87","0.95","4.14","4.10","3.62","3.72","3.98","3893.00","4369.00","3805.00","4261.00","4185.00"
"Nutri/Coarse Cereals","Punjab","Rabi","0.05","0.05","0.05","0.05","","0.15","0.19","0.19","0.18","","3096.00","3859.00","3737.00","3723.00",""
"Nutri/Coarse Cereals","Punjab","Total","1.11","0.99","1.00","0.92","0.95","4.30","4.30","3.81","3.90","3.98","3857.00","4344.00","3801.00","4232.00","4185.00"
"Nutri/Coarse Cereals","Rajasthan","Kharif","52.99","61.26","56.32","59.68","58.37","62.35","77.23","69.03","79.81","76.05","1177.00","1261.00","1226.00","1337.00","1303.00"
"Nutri/Coarse Cereals","Rajasthan","Rabi","2.16","3.47","3.01","3.66","","8.01","12.12","11.43","14.23","","3703.00","3496.00","3791.00","3882.00",""
"Nutri/Coarse Cereals","Rajasthan","Summer","","0.27","0.31","0.30","","","0.43","0.46","0.48","","","1590.00","1470.00","1598.00",""
"Nutri/Coarse Cereals","Rajasthan","Total","55.15","65.00","59.64","63.65","58.37","70.36","89.78","80.91","94.52","76.05","1276.00","1381.00","1357.00","1485.00","1303.00"
"Nutri/Coarse Cereals","Sikkim","Kharif","0.40","0.38","0.31","0.31","","0.70","0.67","0.55","0.55","","1736.00","1781.00","1750.00","1750.00",""
"Nutri/Coarse Cereals","Sikkim","Rabi","0.00","0.00","0.00","0.00","","0.00","0.00","0.00","0.00","","0.00","1175.00","1181.00","1181.00",""
"Nutri/Coarse Cereals","Sikkim","Total","0.40","0.38","0.32","0.32","","0.70","0.68","0.55","0.55","","1736.00","1777.00","1745.00","1745.00",""
"Nutri/Coarse Cereals","Tamil Nadu","Kharif","5.44","5.06","5.26","5.09","4.49","22.23","21.90","22.85","19.49","19.88","4087.00","4330.00","4349.00","3830.00","4424.00"
"Nutri/Coarse Cereals","Tamil Nadu","Rabi","4.11","3.70","3.75","4.38","","13.69","12.85","10.94","14.84","","3334.00","3474.00","2917.00","3385.00",""
"Nutri/Coarse Cereals","Tamil Nadu","Summer","","0.41","0.50","0.16","","","1.45","1.36","0.36","","","3568.00","2703.00","2242.00",""
"Nutri/Coarse Cereals","Tamil Nadu","Total","9.55","9.16","9.51","9.64","4.49","35.92","36.20","35.15","34.69","19.88","3763.00","3950.00","3697.00","3601.00","4424.00"
"Nutri/Coarse Cereals","Telangana","Kharif","3.09","2.71","2.33","2.38","2.67","13.33","11.66","9.66","10.44","11.66","4314.00","4303.00","4147.00","4391.00","4368.00"
"Nutri/Coarse Cereals","Telangana","Rabi","1.77","3.17","3.71","5.16","","10.16","18.28","20.68","27.41","","5739.00","5767.00","5574.00","5312.00",""
"Nutri/Coarse Cereals","Telangana","Total","4.86","5.88","6.04","7.54","2.67","23.49","29.94","30.34","37.85","11.66","4833.00","5092.00","5024.00","5021.00","4368.00"
"Nutri/Coarse Cereals","Tripura","Kharif","0.16","0.12","0.12","0.12","","0.28","0.23","0.23","0.19","","1738.00","1880.00","1880.00","1643.00",""
"Nutri/Coarse Cereals","Tripura","Rabi","0.05","0.04","0.04","0.04","","0.13","0.13","0.13","0.12","","2637.00","3505.00","3505.00","3215.00",""
"Nutri/Coarse Cereals","Tripura","Total","0.21","0.16","0.16","0.15","","0.42","0.35","0.35","0.31","","1951.00","2247.00","2248.00","2024.00",""
"Nutri/Coarse Cereals","Uttar Pradesh","Kharif","17.74","19.87","21.87","14.30","17.75","36.93","41.52","45.30","28.48","35.79","2082.00","2089.00","2071.00","1992.00","2017.00"
"Nutri/Coarse Cereals","Uttar Pradesh","Rabi","2.21","2.03","1.85","2.07","","6.55","6.20","5.16","5.77","","2962.00","3056.00","2787.00","2786.00",""
"Nutri/Coarse Cereals","Uttar Pradesh","Summer","","0.49","2.50","4.53","","","1.41","7.95","13.80","","","2878.00","3178.00","3047.00",""
"Nutri/Coarse Cereals","Uttar Pradesh","Total","19.95","22.39","26.22","20.90","17.75","43.47","49.13","58.40","48.06","35.79","2179.00","2194.00","2227.00","2299.00","2017.00"
"Nutri/Coarse Cereals","Uttarakhand","Kharif","1.54","1.32","1.26","1.22","1.07","2.53","2.15","2.08","2.04","1.72","1640.00","1627.00","1652.00","1663.00","1609.00"
"Nutri/Coarse Cereals","Uttarakhand","Rabi","0.20","0.20","0.18","0.14","","0.29","0.28","0.25","0.21","","1464.00","1421.00","1368.00","1472.00",""
"Nutri/Coarse Cereals","Uttarakhand","Summer","","0.00","0.00","0.01","","","0.01","0.01","0.03","","","3000.00","3220.00","3022.00",""
"Nutri/Coarse Cereals","Uttarakhand","Total","1.74","1.52","1.45","1.38","1.07","2.82","2.44","2.35","2.28","1.72","1620.00","1603.00","1620.00","1654.00","1609.00"
"Nutri/Coarse Cereals","West Bengal","Kharif","0.59","0.58","0.58","0.40","0.34","1.66","1.96","2.07","1.60","1.32","2822.00","3391.00","3591.00","3985.00","3858.00"
"Nutri/Coarse Cereals","West Bengal","Rabi","3.10","1.67","2.00","2.05","","23.67","10.45","13.77","14.52","","7649.00","6244.00","6869.00","7079.00",""
"Nutri/Coarse Cereals","West Bengal","Summer","","1.43","1.42","1.66","","","10.41","10.28","12.29","","","7300.00","7239.00","7400.00",""
"Nutri/Coarse Cereals","West Bengal","Total","3.68","3.68","4.00","4.11","0.34","25.33","22.82","26.11","28.42","1.32","6877.00","6206.00","6529.00","6906.00","3858.00"
"Nutri/Coarse Cereals","Others","Kharif","","","","","5.32","","","","","9.76","","","","","1834.00"
"Nutri/Coarse Cereals","Others","Total","","","","","5.32","","","","","9.76","","","","","1834.00"
"Nutri/Coarse Cereals","All India","Kharif","177.39","181.99","182.79","184.44","191.10","361.28","375.78","355.35","389.56","414.14","2037.00","2065.00","1944.00","2112.00","2167.00"
"Nutri/Coarse Cereals","All India","Rabi","49.61","49.48","54.63","59.05","","149.73","159.25","169.16","198.60","","3018.00","3218.00","3097.00","3363.00",""
"Nutri/Coarse Cereals","All India","Summer","","9.24","11.96","14.05","","","38.17","44.85","51.05","","","4133.00","3750.00","3632.00",""
"Nutri/Coarse Cereals","All India","Total","227.00","240.70","249.38","257.55","191.10","511.01","573.19","569.36","639.21","414.14","2251.00","2381.00","2283.00","2482.00","2167.00"
"Cereals","Andaman And Nicobar Islands","Kharif","0.06","0.05","0.05","0.04","","0.13","0.11","0.10","0.09","","2137.00","2107.00","2101.00","2060.00",""
"Cereals","Andaman And Nicobar Islands","Rabi","0.00","","","0.00","","0.00","","","0.00","","0.00","","","2229.00",""
"Cereals","Andaman And Nicobar Islands","Total","0.06","0.05","0.05","0.04","","0.13","0.11","0.10","0.09","","2137.00","2107.00","2101.00","2060.00",""
"Cereals","Andhra Pradesh","Kharif","17.16","16.55","15.55","16.33","16.82","48.69","56.34","53.54","58.06","59.93","2837.00","3404.00","3443.00","3556.00","3563.00"
"Cereals","Andhra Pradesh","Rabi","10.67","9.89","8.24","9.38","","51.53","54.31","42.29","49.11","","4829.00","5491.00","5135.00","5235.00",""
"Cereals","Andhra Pradesh","Summer","","0.04","0.03","0.04","","","0.08","0.06","0.09","","","2027.00","2108.00","2241.00",""
"Cereals","Andhra Pradesh","Total","27.83","26.48","23.81","25.75","16.82","100.22","110.73","95.90","107.26","59.93","3601.00","4182.00","4027.00","4165.00","3563.00"
"Cereals","Arunachal Pradesh","Kharif","2.06","2.08","2.09","2.10","","3.46","3.49","3.51","3.53","","1678.00","1683.00","1683.00","1684.00",""
"Cereals","Arunachal Pradesh","Rabi","0.16","0.16","0.15","0.14","","0.28","0.28","0.27","0.25","","1767.00","1769.00","1769.00","1758.00",""
"Cereals","Arunachal Pradesh","Total","2.22","2.23","2.24","2.24","","3.74","3.77","3.77","3.78","","1685.00","1689.00","1688.00","1688.00",""
"Cereals","Assam","Kharif","20.31","20.01","19.68","18.62","18.46","37.11","47.16","45.96","38.81","40.46","1827.00","2357.00","2335.00","2084.00","2192.00"
"Cereals","Assam","Rabi","3.79","0.09","0.71","0.76","","8.56","0.12","3.32","3.73","","2256.00","1322.00","4653.00","4908.00",""
"Cereals","Assam","Summer","","3.75","3.78","3.82","","","11.06","11.64","11.42","","","2949.00","3080.00","2986.00",""
"Cereals","Assam","Total","24.10","23.85","24.17","23.21","18.46","45.67","58.33","60.92","53.96","40.46","1895.00","2446.00","2520.00","2325.00","2192.00"
"Cereals","Bihar","Kharif","32.20","29.97","32.74","33.86","34.31","78.16","73.25","83.23","87.22","87.90","2427.00","2444.00","2542.00","2576.00","2562.00"
"Cereals","Bihar","Rabi","27.89","26.16","28.43","28.44","","88.14","94.34","112.35","112.74","","3161.00","3606.00","3952.00","3964.00",""
"Cereals","Bihar","Summer","","2.12","2.41","2.12","","","11.70","12.45","9.87","","","5526.00","5156.00","4664.00",""
"Cereals","Bihar","Total","60.08","58.25","63.58","64.41","34.31","166.30","179.29","208.02","209.82","87.90","2768.00","3078.00","3272.00","3258.00","2562.00"
"Cereals","Chandigarh","Kharif","0.00","0.00","0.00","0.00","","0.00","0.00","0.00","0.00","","5240.00","3843.00","4768.00","3596.00",""
"Cereals","Chandigarh","Rabi","0.01","0.01","0.01","0.01","","0.03","0.03","0.03","0.03","","5000.00","4696.00","5000.00","5000.00",""
"Cereals","Chandigarh","Total","0.01","0.01","0.01","0.01","","0.03","0.03","0.03","0.03","","5034.00","4579.00","4966.00","4794.00",""
"Cereals","Chhattisgarh","Kharif","39.46","39.39","39.76","40.50","37.87","84.44","102.28","100.73","107.48","93.33","2140.00","2597.00","2534.00","2654.00","2465.00"
"Cereals","Chhattisgarh","Rabi","1.57","1.34","1.35","1.47","","1.93","1.90","1.82","2.35","","1226.00","1424.00","1349.00","1596.00",""
"Cereals","Chhattisgarh","Total","41.04","40.72","41.10","41.97","37.87","86.37","104.19","102.54","109.83","93.33","2105.00","2558.00","2495.00","2617.00","2465.00"
"Cereals","Dadra And Nagar Haveli","Kharif","0.17","0.19","0.19","0.17","","0.34","0.38","0.38","0.35","","2049.00","2039.00","2036.00","2033.00",""
"Cereals","Dadra And Nagar Haveli","Rabi","0.00","","","","","0.00","","","","","0.00","","","",""
"Cereals","Dadra And Nagar Haveli","Total","0.17","0.19","0.19","0.17","","0.34","0.38","0.38","0.35","","2049.00","2039.00","2036.00","2033.00",""
"Cereals","Daman And Diu","Kharif","0.02","","","","","0.04","","","","","1832.00","","","",""
"Cereals","Daman And Diu","Rabi","0.00","","","","","0.00","","","","","0.00","","","",""
"Cereals","Daman And Diu","Total","0.02","","","","","0.04","","","","","1832.00","","","",""
"Cereals","Delhi","Kharif","0.10","0.10","0.10","0.10","","0.26","0.25","0.25","0.26","","2464.00","2483.00","2483.00","2468.00",""
"Cereals","Delhi","Rabi","0.18","0.17","0.17","0.17","","0.82","0.81","0.80","0.80","","4499.00","4648.00","4650.00","4645.00",""
"Cereals","Delhi","Total","0.29","0.27","0.27","0.28","","1.07","1.06","1.05","1.06","","3757.00","3854.00","3861.00","3831.00",""
"Cereals","Goa","Kharif","0.23","0.23","0.23","0.24","","0.66","0.63","0.68","0.52","","2816.00","2789.00","2890.00","2171.00",""
"Cereals","Goa","Rabi","0.09","0.09","0.09","0.09","","0.25","0.25","0.27","0.25","","2742.00","2842.00","2983.00","2832.00",""
"Cereals","Goa","Total","0.32","0.32","0.32","0.33","","0.90","0.88","0.95","0.77","","2795.00","2804.00","2916.00","2348.00",""
"Cereals","Gujarat","Kharif","16.09","13.76","13.94","13.83","12.67","36.21","30.91","31.18","28.90","28.93","2251.00","2246.00","2236.00","2089.00","2283.00"
"Cereals","Gujarat","Rabi","12.24","11.85","13.85","14.30","","38.08","37.75","41.39","42.48","","3110.00","3185.00","2988.00","2972.00",""
"Cereals","Gujarat","Summer","","4.04","4.25","4.65","","","12.15","12.40","13.16","","","3005.00","2916.00","2831.00",""
"Cereals","Gujarat","Total","28.33","29.66","32.05","32.78","12.67","74.30","80.82","84.98","84.54","28.93","2622.00","2725.00","2652.00","2579.00","2283.00"
"Cereals","Haryana","Kharif","17.92","20.78","21.15","22.06","22.58","57.66","63.39","71.65","73.62","77.36","3217.00","3051.00","3387.00","3337.00","3426.00"
"Cereals","Haryana","Rabi","23.08","23.36","23.82","24.04","","104.58","109.75","112.37","114.58","","4531.00","4698.00","4718.00","4766.00",""
"Cereals","Haryana","Total","41.00","44.14","44.97","46.10","22.58","162.24","173.14","184.02","188.20","77.36","3957.00","3923.00","4092.00","4083.00","3426.00"
"Cereals","Himachal Pradesh","Kharif","3.33","3.26","3.26","3.33","3.33","9.51","8.11","7.83","8.37","8.22","2860.00","2488.00","2402.00","2516.00","2471.00"
"Cereals","Himachal Pradesh","Rabi","3.38","3.37","3.34","3.24","","5.80","6.19","8.16","6.79","","1715.00","1839.00","2445.00","2098.00",""
"Cereals","Himachal Pradesh","Total","6.71","6.63","6.59","6.57","3.33","15.31","14.30","15.99","15.17","8.22","2283.00","2158.00","2424.00","2310.00","2471.00"
"Cereals","Jammu And Kashmir","Kharif","5.72","5.69","5.66","5.66","","10.80","11.62","12.39","12.39","","1888.00","2042.00","2190.00","2189.00",""
"Cereals","Jammu And Kashmir","Rabi","2.90","2.91","2.91","2.91","","5.89","5.91","5.91","5.91","","2031.00","2029.00","2029.00","2029.00",""
"Cereals","Jammu And Kashmir","Total","8.62","8.60","8.57","8.57","","16.69","17.53","18.30","18.30","","1936.00","2038.00","2135.00","2135.00",""
"Cereals","Jharkhand","Kharif","17.38","10.82","13.92","17.86","19.33","35.55","19.16","20.92","34.95","36.54","2045.00","1771.00","1503.00","1957.00","1891.00"
"Cereals","Jharkhand","Rabi","2.40","2.35","2.38","2.65","","5.48","4.89","5.02","5.84","","2287.00","2077.00","2108.00","2206.00",""
"Cereals","Jharkhand","Total","19.78","13.17","16.30","20.50","19.33","41.03","24.05","25.94","40.78","36.54","2074.00","1826.00","1591.00","1989.00","1891.00"
"Cereals","Karnataka","Kharif","35.04","35.14","36.41","36.28","35.58","90.83","92.14","89.05","97.73","96.80","2592.00","2622.00","2446.00","2694.00","2721.00"
"Cereals","Karnataka","Rabi","12.89","10.26","11.25","10.12","","27.22","20.54","18.84","18.83","","2112.00","2002.00","1675.00","1860.00",""
"Cereals","Karnataka","Summer","","3.73","0.96","3.15","","","11.56","3.19","10.88","","","3099.00","3321.00","3455.00",""
"Cereals","Karnataka","Total","47.93","49.13","48.62","49.55","35.58","118.05","124.24","111.08","127.44","96.80","2463.00","2529.00","2285.00","2572.00","2721.00"
"Cereals","Kerala","Kharif","1.51","0.51","0.46","0.42","0.37","3.42","1.37","1.17","1.10","1.06","2273.00","2713.00","2558.00","2646.00","2896.00"
"Cereals","Kerala","Rabi","0.46","0.71","0.73","0.69","","1.46","2.25","1.96","2.09","","3188.00","3149.00","2701.00","3045.00",""
"Cereals","Kerala","Summer","","0.70","0.63","0.66","","","2.34","1.87","1.97","","","3349.00","2938.00","2966.00",""
"Cereals","Kerala","Total","1.96","1.92","1.82","1.77","0.37","4.88","5.96","5.00","5.17","1.06","2486.00","3107.00","2748.00","2921.00","2896.00"
"Cereals","Ladakh","Kharif","0.00","","","0.00","","0.00","","","0.00","","0.00","","","735.00",""
"Cereals","Ladakh","Rabi","0.14","0.15","0.15","0.14","","0.29","0.24","0.24","0.28","","2016.00","1649.00","1649.00","1934.00",""
"Cereals","Ladakh","Total","0.14","0.15","0.15","0.15","","0.29","0.24","0.24","0.28","","2016.00","1649.00","1649.00","1907.00",""
"Cereals","Lakshadweep","Kharif","0.00","","","","","0.00","","","","","0.00","","","",""
"Cereals","Lakshadweep","Rabi","0.00","","","","","0.00","","","","","0.00","","","",""
"Cereals","Lakshadweep","Total","0.00","","","","","0.00","","","","","0.00","","","",""
"Cereals","Madhya Pradesh","Kharif","40.64","54.67","55.85","63.90","73.93","106.04","128.96","126.87","158.24","183.27","2609.00","2359.00","2272.00","2476.00","2479.00"
"Cereals","Madhya Pradesh","Rabi","65.16","71.74","75.16","80.48","","230.10","227.69","226.14","255.44","","3531.00","3174.00","3009.00","3174.00",""
"Cereals","Madhya Pradesh","Summer","","","0.53","0.06","","","","1.93","0.26","","","","3646.00","4287.00",""
"Cereals","Madhya Pradesh","Total","105.80","126.41","131.54","144.44","73.93","336.14","356.65","354.94","413.93","183.27","3177.00","2821.00","2698.00","2866.00","2479.00"
"Cereals","Maharashtra","Kharif","33.78","31.09","30.41","32.67","33.78","63.90","68.53","53.57","75.46","84.33","1892.00","2204.00","1762.00","2310.00","2497.00"
"Cereals","Maharashtra","Rabi","31.14","29.72","29.94","31.58","","52.42","46.89","45.38","51.79","","1684.00","1578.00","1516.00","1640.00",""
"Cereals","Maharashtra","Summer","","2.36","3.02","3.24","","","5.49","6.06","7.08","","","2326.00","2005.00","2187.00",""
"Cereals","Maharashtra","Total","64.92","63.17","63.38","67.49","33.78","116.33","120.91","105.01","134.33","84.33","1792.00","1914.00","1657.00","1991.00","2497.00"
"Cereals","Manipur","Kharif","0.21","0.06","0.06","1.72","","0.51","0.18","0.17","4.00","","2459.00","3091.00","2970.00","2330.00",""
"Cereals","Manipur","Rabi","2.04","0.10","0.09","0.09","","5.73","0.23","0.22","0.20","","2807.00","2338.00","2295.00","2195.00",""
"Cereals","Manipur","Summer","","1.99","1.81","0.15","","","3.71","3.69","0.56","","","1867.00","2035.00","3780.00",""
"Cereals","Manipur","Total","2.25","2.14","1.96","1.96","","6.24","4.12","4.07","4.77","","2776.00","1922.00","2074.00","2432.00",""
"Cereals","Meghalaya","Kharif","1.16","1.18","1.18","1.18","","2.79","2.69","2.55","2.69","","2405.00","2285.00","2161.00","2285.00",""
"Cereals","Meghalaya","Rabi","0.14","0.13","0.13","0.13","","0.64","0.57","0.57","0.57","","4538.00","4509.00","4509.00","4509.00",""
"Cereals","Meghalaya","Total","1.30","1.31","1.31","1.31","","3.43","3.27","3.12","3.27","","2636.00","2502.00","2390.00","2502.00",""
"Cereals","Mizoram","Kharif","0.41","0.45","0.30","0.25","","0.70","0.57","0.48","0.42","","1737.00","1273.00","1604.00","1720.00",""
"Cereals","Mizoram","Rabi","0.01","0.01","0.01","0.01","","0.02","0.02","0.02","0.02","","1748.00","1762.00","2113.00","2334.00",""
"Cereals","Mizoram","Total","0.42","0.46","0.31","0.26","","0.72","0.59","0.51","0.45","","1737.00","1284.00","1622.00","1745.00",""
"Cereals","Nagaland","Kharif","1.70","2.60","2.65","2.54","","2.19","4.56","4.62","4.39","","1292.00","1756.00","1743.00","1728.00",""
"Cereals","Nagaland","Rabi","0.02","0.10","0.09","0.07","","0.04","0.19","0.18","0.13","","1768.00","1968.00","1969.00","1955.00",""
"Cereals","Nagaland","Total","1.72","2.69","2.74","2.61","","2.23","4.75","4.80","4.53","","1299.00","1764.00","1751.00","1734.00",""
"Cereals","Odisha","Kharif","38.48","39.03","38.99","35.98","37.79","84.97","74.01","76.62","84.46","88.22","2208.00","1896.00","1965.00","2347.00","2334.00"
"Cereals","Odisha","Rabi","3.03","0.00","0.00","0.00","","11.47","0.00","0.00","0.01","","3782.00","1548.00","1894.00","1796.00",""
"Cereals","Odisha","Summer","","3.38","3.79","4.31","","","11.76","12.23","14.35","","","3476.00","3224.00","3331.00",""
"Cereals","Odisha","Total","41.51","42.42","42.79","40.29","37.79","96.44","85.78","88.86","98.81","88.22","2323.00","2022.00","2077.00","2452.00","2334.00"
"Cereals","Puducherry","Kharif","0.04","0.04","0.04","0.03","","0.13","0.14","0.13","0.09","","2943.00","3290.00","3137.00","2776.00",""
"Cereals","Puducherry","Rabi","0.15","0.10","0.10","0.09","","0.44","0.32","0.32","0.23","","2992.00","3137.00","3139.00","2520.00",""
"Cereals","Puducherry","Summer","","0.05","0.05","0.05","","","0.19","0.16","0.15","","","3635.00","3112.00","3218.00",""
"Cereals","Puducherry","Total","0.19","0.20","0.20","0.17","","0.57","0.66","0.62","0.48","","2981.00","3300.00","3131.00","2763.00",""
"Cereals","Punjab","Kharif","30.75","31.92","32.74","33.31","33.44","133.00","134.01","147.19","147.32","140.65","4325.00","4198.00","4495.00","4423.00","4206.00"
"Cereals","Punjab","Rabi","35.30","35.40","35.21","35.17","","148.77","168.02","177.56","180.12","","4214.00","4747.00","5043.00","5121.00",""
"Cereals","Punjab","Total","66.05","67.32","67.95","68.47","33.44","281.77","302.03","324.75","327.44","140.65","4266.00","4487.00","4779.00","4782.00","4206.00"
"Cereals","Rajasthan","Kharif","54.95","63.60","59.00","63.22","61.87","67.14","83.00","76.49","88.98","85.21","1222.00","1305.00","1297.00","1408.00","1377.00"
"Cereals","Rajasthan","Rabi","27.96","31.41","30.41","35.34","","108.96","118.49","108.42","126.97","","3897.00","3773.00","3565.00","3592.00",""
"Cereals","Rajasthan","Summer","","0.27","0.31","0.30","","","0.43","0.46","0.48","","","1590.00","1470.00","1598.00",""
"Cereals","Rajasthan","Total","82.91","95.28","89.72","98.86","61.87","176.10","201.92","185.37","216.44","85.21","2124.00","2119.00","2066.00","2189.00","1377.00"
"Cereals","Sikkim","Kharif","0.49","0.46","0.38","0.38","","0.86","0.78","0.63","0.63","","1758.00","1685.00","1664.00","1664.00",""
"Cereals","Sikkim","Rabi","0.00","0.00","0.00","0.00","","0.00","0.00","0.00","0.00","","1155.00","1170.00","1175.00","1175.00",""
"Cereals","Sikkim","Total","0.49","0.46","0.38","0.38","","0.86","0.78","0.63","0.63","","1757.00","1681.00","1660.00","1660.00",""
"Cereals","Tamil Nadu","Kharif","25.68","11.99","12.05","11.73","12.21","92.74","47.03","43.75","41.90","47.77","3611.00","3924.00","3630.00","3572.00","3914.00"
"Cereals","Tamil Nadu","Rabi","6.04","16.38","15.54","16.60","","22.25","55.42","48.73","52.81","","3686.00","3383.00","3135.00","3182.00",""
"Cereals","Tamil Nadu","Summer","","2.39","2.93","2.89","","","9.33","10.67","10.92","","","3906.00","3644.00","3782.00",""
"Cereals","Tamil Nadu","Total","31.72","30.75","30.52","31.21","12.21","114.99","111.77","103.14","105.63","47.77","3625.00","3634.00","3379.00","3384.00","3914.00"
"Cereals","Telangana","Kharif","26.83","28.12","28.07","27.25","29.43","91.67","100.53","103.10","100.98","108.01","3417.00","3576.00","3673.00","3705.00","3670.00"
"Cereals","Telangana","Rabi","14.65","24.42","24.86","28.41","","56.06","88.25","96.05","111.38","","3826.00","3614.00","3864.00","3921.00",""
"Cereals","Telangana","Total","41.48","52.53","52.93","55.66","29.43","147.73","188.78","199.15","212.36","108.01","3561.00","3594.00","3762.00","3815.00","3670.00"
"Cereals","Tripura","Kharif","2.07","1.91","1.91","1.74","","6.14","6.00","6.00","5.14","","2964.00","3133.00","3133.00","2950.00",""
"Cereals","Tripura","Rabi","0.70","0.66","0.66","0.66","","2.39","2.25","2.25","2.33","","3409.00","3397.00","3397.00","3533.00",""
"Cereals","Tripura","Total","2.77","2.58","2.58","2.40","","8.53","8.24","8.24","7.47","","3077.00","3200.00","3200.00","3110.00",""
"Cereals","Uttar Pradesh","Kharif","74.50","78.54","79.19","85.80","86.65","188.76","201.85","203.96","229.94","229.90","2534.00","2570.00","2576.00","2680.00","2653.00"
"Cereals","Uttar Pradesh","Rabi","96.68","97.22","97.17","98.06","","346.93","342.31","358.56","362.30","","3588.00","3521.00","3690.00","3695.00",""
"Cereals","Uttar Pradesh","Summer","","0.81","2.86","6.53","","","2.51","9.20","19.94","","","3100.00","3215.00","3054.00",""
"Cereals","Uttar Pradesh","Total","171.18","176.56","179.22","190.39","86.65","535.68","546.66","571.71","612.17","229.90","3129.00","3096.00","3190.00","3215.00","2653.00"
"Cereals","Uttarakhand","Kharif","3.87","3.59","3.47","3.31","3.12","8.77","7.72","7.71","7.60","6.91","2266.00","2149.00","2225.00","2296.00","2212.00"
"Cereals","Uttarakhand","Rabi","3.42","3.05","2.86","2.73","","9.84","8.59","8.94","8.77","","2877.00","2818.00","3123.00","3214.00",""
"Cereals","Uttarakhand","Summer","","0.22","0.23","0.09","","","0.79","0.83","0.33","","","3518.00","3565.00","3801.00",""
"Cereals","Uttarakhand","Total","7.29","6.86","6.56","6.12","3.12","18.61","17.10","17.48","16.69","6.91","2553.00","2491.00","2664.00","2726.00","2212.00"
"Cereals","West Bengal","Kharif","43.44","38.27","38.67","42.70","43.10","123.71","109.75","111.54","111.66","119.85","2848.00","2868.00","2885.00","2615.00","2781.00"
"Cereals","West Bengal","Rabi","18.30","3.48","3.90","3.87","","75.47","16.02","19.70","20.20","","4123.00","4607.00","5049.00","5226.00",""
"Cereals","West Bengal","Summer","","14.39","14.52","15.29","","","57.47","57.67","62.43","","","3994.00","3971.00","4084.00",""
"Cereals","West Bengal","Total","61.75","56.13","57.09","61.85","43.10","199.18","183.24","188.91","194.29","119.85","3226.00","3264.00","3309.00","3141.00","2781.00"
"Cereals","Others","Kharif","","","","","16.16","","","","","34.51","","","","","2136.00"
"Cereals","Others","Total","","","","","16.16","","","","","34.51","","","","","2136.00"
"Cereals","All India","Kharif","587.77","586.01","590.13","619.10","632.80","1471.29","1480.90","1487.94","1617.28","1659.18","2503.00","2527.00","2521.00","2612.00","2622.00"
"Cereals","All India","Rabi","406.60","406.77","413.72","431.83","","1411.85","1414.82","1448.09","1539.33","","3472.00","3478.00","3500.00","3565.00",""
"Cereals","All India","Summer","","40.24","42.13","47.33","","","140.56","144.50","163.88","","","3493.00","3429.00","3462.00",""
"Cereals","All India","Total","994.37","1033.03","1045.99","1098.26","632.80","2883.14","3036.28","3080.52","3320.50","1659.18","2899.00","2939.00","2945.00","3023.00","2622.00"
"Tur","Andaman And Nicobar Islands","Kharif","0.00","0.00","0.00","","","0.00","0.00","0.00","","","100.00","300.00","810.00","",""
"Tur","Andaman And Nicobar Islands","Total","0.00","0.00","0.00","","","0.00","0.00","0.00","","","100.00","300.00","810.00","",""
"Tur","Andhra Pradesh","Kharif","2.51","2.42","2.33","3.72","2.91","0.68","0.78","0.96","1.77","1.17","271.00","323.00","413.00","475.00","401.00"
"Tur","Andhra Pradesh","Total","2.51","2.42","2.33","3.72","2.91","0.68","0.78","0.96","1.77","1.17","271.00","323.00","413.00","475.00","401.00"
"Tur","Arunachal Pradesh","Kharif","0.01","0.01","0.01","0.01","","0.01","0.01","0.01","0.01","","879.00","889.00","891.00","893.00",""
"Tur","Arunachal Pradesh","Total","0.01","0.01","0.01","0.01","","0.01","0.01","0.01","0.01","","879.00","889.00","891.00","893.00",""
"Tur","Assam","Kharif","0.06","0.06","0.06","0.06","0.03","0.05","0.05","0.05","0.05","0.03","858.00","865.00","860.00","865.00","863.00"
"Tur","Assam","Total","0.06","0.06","0.06","0.06","0.03","0.05","0.05","0.05","0.05","0.03","858.00","865.00","860.00","865.00","863.00"
"Tur","Bihar","Kharif","0.13","0.13","0.14","0.12","0.13","0.21","0.24","0.23","0.19","0.12","1607.00","1869.00","1688.00","1558.00","964.00"
"Tur","Bihar","Total","0.13","0.13","0.14","0.12","0.13","0.21","0.24","0.23","0.19","0.12","1607.00","1869.00","1688.00","1558.00","964.00"
"Tur","Chandigarh","Kharif","0.00","","","","","0.00","","","","","0.00","","","",""
"Tur","Chandigarh","Total","0.00","","","","","0.00","","","","","0.00","","","",""
"Tur","Chhattisgarh","Kharif","0.43","0.40","0.35","0.33","0.35","0.25","0.28","0.21","0.20","0.21","574.00","691.00","595.00","595.00","616.00"
"Tur","Chhattisgarh","Total","0.43","0.40","0.35","0.33","0.35","0.25","0.28","0.21","0.20","0.21","574.00","691.00","595.00","595.00","616.00"
"Tur","Dadra And Nagar Haveli","Kharif","0.00","","","","","0.00","","","","","0.00","","","",""
"Tur","Dadra And Nagar Haveli","Total","0.00","","","","","0.00","","","","","0.00","","","",""
"Tur","Daman And Diu","Kharif","0.00","","","","","0.00","","","","","0.00","","","",""
"Tur","Daman And Diu","Total","0.00","","","","","0.00","","","","","0.00","","","",""
"Tur","Delhi","Kharif","0.00","","","","","0.00","","","","","0.00","","","",""
"Tur","Delhi","Total","0.00","","","","","0.00","","","","","0.00","","","",""
"Tur","Goa","Kharif","0.00","","","","","0.00","","","","","0.00","","","",""
"Tur","Goa","Total","0.00","","","","","0.00","","","","","0.00","","","",""
"Tur","Gujarat","Kharif","2.51","2.44","2.27","1.73","2.36","2.91","2.84","2.64","2.01","2.93","1161.00","1163.00","1163.00","1162.00","1242.00"
"Tur","Gujarat","Total","2.51","2.44","2.27","1.73","2.36","2.91","2.84","2.64","2.01","2.93","1161.00","1163.00","1163.00","1162.00","1242.00"
"Tur","Haryana","Kharif","0.01","0.00","0.01","0.00","0.00","0.01","0.00","0.02","0.00","0.00","1181.00","1180.00","1180.00","1180.00","1307.00"
"Tur","Haryana","Total","0.01","0.00","0.01","0.00","0.00","0.01","0.00","0.02","0.00","0.00","1181.00","1180.00","1180.00","1180.00","1307.00"
"Tur","Himachal Pradesh","Kharif","0.00","0.00","0.00","0.00","0.00","0.00","0.00","0.00","0.00","0.00","875.00","870.00","870.00","869.00","870.00"
"Tur","Himachal Pradesh","Total","0.00","0.00","0.00","0.00","0.00","0.00","0.00","0.00","0.00","0.00","875.00","870.00","870.00","869.00","870.00"
"Tur","Jammu And Kashmir","Kharif","0.00","","","","","0.00","","","","","0.00","","","",""
"Tur","Jammu And Kashmir","Total","0.00","","","","","0.00","","","","","0.00","","","",""
"Tur","Jharkhand","Kharif","2.54","1.84","1.89","2.17","1.47","2.86","2.11","2.17","2.55","1.68","1129.00","1144.00","1149.00","1177.00","1148.00"
"Tur","Jharkhand","Total","2.54","1.84","1.89","2.17","1.47","2.86","2.11","2.17","2.55","1.68","1129.00","1144.00","1149.00","1177.00","1148.00"
"Tur","Karnataka","Kharif","17.19","12.20","13.65","17.45","13.89","11.45","8.55","10.20","9.98","9.22","666.00","701.00","747.00","572.00","664.00"
"Tur","Karnataka","Total","17.19","12.20","13.65","17.45","13.89","11.45","8.55","10.20","9.98","9.22","666.00","701.00","747.00","572.00","664.00"
"Tur","Kerala","Kharif","0.00","0.00","0.00","0.00","0.00","0.00","0.00","0.00","0.00","0.00","1652.00","1680.00","1657.00","1533.00","1700.00"
"Tur","Kerala","Total","0.00","0.00","0.00","0.00","0.00","0.00","0.00","0.00","0.00","0.00","1652.00","1680.00","1657.00","1533.00","1700.00"
"Tur","Ladakh","Kharif","0.00","","","","","0.00","","","","","0.00","","","",""
"Tur","Ladakh","Total","0.00","","","","","0.00","","","","","0.00","","","",""
"Tur","Lakshadweep","Kharif","0.00","","","","","0.00","","","","","0.00","","","",""
"Tur","Lakshadweep","Total","0.00","","","","","0.00","","","","","0.00","","","",""
"Tur","Madhya Pradesh","Kharif","2.25","1.66","1.55","1.51","1.01","1.90","1.26","1.37","1.27","0.93","844.00","762.00","885.00","842.00","926.00"
"Tur","Madhya Pradesh","Total","2.25","1.66","1.55","1.51","1.01","1.90","1.26","1.37","1.27","0.93","844.00","762.00","885.00","842.00","926.00"
"Tur","Maharashtra","Kharif","13.35","11.76","11.12","12.27","12.08","13.91","9.25","8.93","14.23","12.61","1042.00","787.00","803.00","1160.00","1044.00"
"Tur","Maharashtra","Total","13.35","11.76","11.12","12.27","12.08","13.91","9.25","8.93","14.23","12.61","1042.00","787.00","803.00","1160.00","1044.00"
"Tur","Manipur","Kharif","0.01","0.01","0.00","0.01","","0.01","0.01","0.00","0.01","","982.00","981.00","840.00","1210.00",""
"Tur","Manipur","Total","0.01","0.01","0.00","0.01","","0.01","0.01","0.00","0.01","","982.00","981.00","840.00","1210.00",""
"Tur","Meghalaya","Kharif","0.01","0.01","0.01","0.01","","0.02","0.02","0.02","0.02","","1305.00","1305.00","1305.00","1305.00",""
"Tur","Meghalaya","Total","0.01","0.01","0.01","0.01","","0.02","0.02","0.02","0.02","","1305.00","1305.00","1305.00","1305.00",""
"Tur","Mizoram","Kharif","0.00","0.00","0.00","0.00","","0.00","0.00","0.00","0.00","","1022.00","1080.00","1120.00","680.00",""
"Tur","Mizoram","Total","0.00","0.00","0.00","0.00","","0.00","0.00","0.00","0.00","","1022.00","1080.00","1120.00","680.00",""
"Tur","Nagaland","Kharif","0.00","0.01","0.01","0.01","","0.00","0.01","0.01","0.01","","880.00","950.00","951.00","946.00",""
"Tur","Nagaland","Total","0.00","0.01","0.01","0.01","","0.00","0.01","0.01","0.01","","880.00","950.00","951.00","946.00",""
"Tur","Odisha","Kharif","1.26","1.34","1.34","0.16","1.43","1.31","1.42","1.42","0.25","1.79","1036.00","1062.00","1062.00","1566.00","1254.00"
"Tur","Odisha","Total","1.26","1.34","1.34","0.16","1.43","1.31","1.42","1.42","0.25","1.79","1036.00","1062.00","1062.00","1566.00","1254.00"
"Tur","Puducherry","Kharif","0.00","","","","","0.00","","","","","0.00","","","",""
"Tur","Puducherry","Total","0.00","","","","","0.00","","","","","0.00","","","",""
"Tur","Punjab","Kharif","0.01","0.01","0.01","0.01","0.00","0.01","0.01","0.01","0.02","0.00","1014.00","1107.00","1127.00","1261.00","1136.00"
"Tur","Punjab","Total","0.01","0.01","0.01","0.01","0.00","0.01","0.01","0.01","0.02","0.00","1014.00","1107.00","1127.00","1261.00","1136.00"
"Tur","Rajasthan","Kharif","0.07","0.06","0.04","0.03","0.08","0.07","0.06","0.04","0.03","0.08","915.00","899.00","951.00","903.00","952.00"
"Tur","Rajasthan","Total","0.07","0.06","0.04","0.03","0.08","0.07","0.06","0.04","0.03","0.08","915.00","899.00","951.00","903.00","952.00"
"Tur","Sikkim","Kharif","","","","","","0.00","","","","","","","","",""
"Tur","Sikkim","Total","","","","","","0.00","","","","","","","","",""
"Tur","Tamil Nadu","Kharif","0.48","0.44","0.39","0.59","0.41","0.45","0.45","0.39","0.40","0.41","936.00","1039.00","987.00","677.00","1007.00"
"Tur","Tamil Nadu","Total","0.48","0.44","0.39","0.59","0.41","0.45","0.45","0.39","0.40","0.41","936.00","1039.00","987.00","677.00","1007.00"
"Tur","Telangana","Kharif","3.14","2.29","1.79","2.15","1.97","2.41","2.02","1.45","2.01","1.71","769.00","882.00","812.00","934.00","870.00"
"Tur","Telangana","Total","3.14","2.29","1.79","2.15","1.97","2.41","2.02","1.45","2.01","1.71","769.00","882.00","812.00","934.00","870.00"
"Tur","Tripura","Kharif","0.05","0.04","0.04","0.04","","0.04","0.03","0.03","0.04","","783.00","797.00","797.00","823.00",""
"Tur","Tripura","Total","0.05","0.04","0.04","0.04","","0.04","0.03","0.03","0.04","","783.00","797.00","797.00","823.00",""
"Tur","Uttar Pradesh","Kharif","2.90","3.50","4.24","0.93","2.31","3.55","3.64","3.95","1.15","2.86","1223.00","1039.00","932.00","1238.00","1238.00"
"Tur","Uttar Pradesh","Total","2.90","3.50","4.24","0.93","2.31","3.55","3.64","3.95","1.15","2.86","1223.00","1039.00","932.00","1238.00","1238.00"
"Tur","Uttarakhand","Kharif","0.03","0.03","0.03","0.03","0.03","0.03","0.03","0.03","0.04","0.03","1066.00","994.00","959.00","1178.00","1044.00"
"Tur","Uttarakhand","Total","0.03","0.03","0.03","0.03","0.03","0.03","0.03","0.03","0.04","0.03","1066.00","994.00","959.00","1178.00","1044.00"
"Tur","West Bengal","Kharif","0.03","0.03","0.01","0.01","0.07","0.05","0.04","0.02","0.02","0.11","1569.00","1628.00","1620.00","1800.00","1663.00"
"Tur","West Bengal","Total","0.03","0.03","0.01","0.01","0.07","0.05","0.04","0.02","0.02","0.11","1569.00","1628.00","1620.00","1800.00","1663.00"
"Tur","Others","Kharif","","","","","0.06","","","","","0.06","","","","","970.00"
"Tur","Others","Total","","","","","0.06","","","","","0.06","","","","","970.00"
"Tur","All India","Kharif","49.00","40.68","41.31","43.36","40.58","42.20","33.12","34.17","36.24","35.97","861.00","814.00","827.00","836.00","887.00"
"Tur","All India","Total","49.00","40.68","41.31","43.36","40.58","42.20","33.12","34.17","36.24","35.97","861.00","814.00","827.00","836.00","887.00"
"Gram","Andaman And Nicobar Islands","Rabi","0.00","","","","","0.00","","","","","0.00","","","",""
"Gram","Andaman And Nicobar Islands","Total","0.00","","","","","0.00","","","","","0.00","","","",""
"Gram","Andhra Pradesh","Rabi","4.45","3.29","3.02","2.87","","4.55","4.57","3.00","3.05","","1023.00","1388.00","994.00","1063.00",""
"Gram","Andhra Pradesh","Total","4.45","3.29","3.02","2.87","","4.55","4.57","3.00","3.05","","1023.00","1388.00","994.00","1063.00",""
"Gram","Arunachal Pradesh","Rabi","0.00","","","","","0.00","","","","","0.00","","","",""
"Gram","Arunachal Pradesh","Total","0.00","","","","","0.00","","","","","0.00","","","",""
"Gram","Assam","Rabi","0.02","0.02","0.03","0.03","","0.02","0.02","0.02","0.03","","740.00","766.00","837.00","877.00",""
"Gram","Assam","Total","0.02","0.02","0.03","0.03","","0.02","0.02","0.02","0.03","","740.00","766.00","837.00","877.00",""
"Gram","Bihar","Rabi","0.52","0.53","0.81","0.61","","0.54","0.57","0.78","0.64","","1053.00","1076.00","974.00","1045.00",""
"Gram","Bihar","Total","0.52","0.53","0.81","0.61","","0.54","0.57","0.78","0.64","","1053.00","1076.00","974.00","1045.00",""
"Gram","Chandigarh","Rabi","0.00","","","","","0.00","","","","","0.00","","","",""
"Gram","Chandigarh","Total","0.00","","","","","0.00","","","","","0.00","","","",""
"Gram","Chhattisgarh","Rabi","3.32","3.06","2.55","2.49","","2.40","2.79","2.11","2.53","","725.00","912.00","828.00","1018.00",""
"Gram","Chhattisgarh","Total","3.32","3.06","2.55","2.49","","2.40","2.79","2.11","2.53","","725.00","912.00","828.00","1018.00",""
"Gram","Dadra And Nagar Haveli","Rabi","0.00","","","","","0.00","","","","","0.00","","","",""
"Gram","Dadra And Nagar Haveli","Total","0.00","","","","","0.00","","","","","0.00","","","",""
"Gram","Daman And Diu","Rabi","0.00","","","","","0.00","","","","","0.00","","","",""
"Gram","Daman And Diu","Total","0.00","","","","","0.00","","","","","0.00","","","",""
"Gram","Delhi","Rabi","0.00","0.00","0.00","0.00","","0.00","0.00","0.00","0.00","","2000.00","2000.00","2000.00","2000.00",""
"Gram","Delhi","Total","0.00","0.00","0.00","0.00","","0.00","0.00","0.00","0.00","","2000.00","2000.00","2000.00","2000.00",""
"Gram","Goa","Rabi","0.00","","","","","0.00","","","","","0.00","","","",""
"Gram","Goa","Total","0.00","","","","","0.00","","","","","0.00","","","",""
"Gram","Gujarat","Rabi","11.02","7.64","6.22","8.50","","21.02","12.98","10.66","15.64","","1908.00","1699.00","1714.00","1841.00",""
"Gram","Gujarat","Total","11.02","7.64","6.22","8.50","","21.02","12.98","10.66","15.64","","1908.00","1699.00","1714.00","1841.00",""
"Gram","Haryana","Rabi","0.38","0.29","0.11","0.18","","0.45","0.26","0.11","0.30","","1194.00","911.00","1027.00","1688.00",""
"Gram","Haryana","Total","0.38","0.29","0.11","0.18","","0.45","0.26","0.11","0.30","","1194.00","911.00","1027.00","1688.00",""
"Gram","Himachal Pradesh","Rabi","0.00","0.00","0.00","0.00","","0.00","0.00","0.00","0.00","","1231.00","1020.00","1020.00","1020.00",""
"Gram","Himachal Pradesh","Total","0.00","0.00","0.00","0.00","","0.00","0.00","0.00","0.00","","1231.00","1020.00","1020.00","1020.00",""
"Gram","Jammu And Kashmir","Rabi","0.00","0.00","0.00","0.00","","0.00","0.00","0.00","0.00","","0.00","200.00","200.00","200.00",""
"Gram","Jammu And Kashmir","Total","0.00","0.00","0.00","0.00","","0.00","0.00","0.00","0.00","","0.00","200.00","200.00","200.00",""
"Gram","Jharkhand","Rabi","2.60","2.49","2.39","2.99","","3.09","2.92","2.78","3.51","","1186.00","1172.00","1167.00","1173.00",""
"Gram","Jharkhand","Total","2.60","2.49","2.39","2.99","","3.09","2.92","2.78","3.51","","1186.00","1172.00","1167.00","1173.00",""
"Gram","Karnataka","Rabi","7.12","8.22","6.38","6.79","","4.91","5.59","3.86","4.05","","689.00","680.00","605.00","597.00",""
"Gram","Karnataka","Total","7.12","8.22","6.38","6.79","","4.91","5.59","3.86","4.05","","689.00","680.00","605.00","597.00",""
"Gram","Kerala","Rabi","0.00","","","","","0.00","","","","","0.00","","","",""
"Gram","Kerala","Total","0.00","","","","","0.00","","","","","0.00","","","",""
"Gram","Ladakh","Rabi","0.00","","","","","0.00","","","","","0.00","","","",""
"Gram","Ladakh","Total","0.00","","","","","0.00","","","","","0.00","","","",""
"Gram","Lakshadweep","Rabi","0.00","","","","","0.00","","","","","0.00","","","",""
"Gram","Lakshadweep","Total","0.00","","","","","0.00","","","","","0.00","","","",""
"Gram","Madhya Pradesh","Rabi","19.36","21.08","21.10","13.54","","29.31","30.95","29.14","21.09","","1514.00","1468.00","1381.00","1558.00",""
"Gram","Madhya Pradesh","Total","19.36","21.08","21.10","13.54","","29.31","30.95","29.14","21.09","","1514.00","1468.00","1381.00","1558.00",""
"Gram","Maharashtra","Rabi","27.09","29.56","26.88","28.73","","31.01","31.75","28.36","29.62","","1145.00","1074.00","1055.00","1031.00",""
"Gram","Maharashtra","Total","27.09","29.56","26.88","28.73","","31.01","31.75","28.36","29.62","","1145.00","1074.00","1055.00","1031.00",""
"Gram","Manipur","Rabi","0.01","0.01","0.01","0.01","","0.01","0.01","0.01","0.01","","928.00","979.00","980.00","1200.00",""
"Gram","Manipur","Total","0.01","0.01","0.01","0.01","","0.01","0.01","0.01","0.01","","928.00","979.00","980.00","1200.00",""
"Gram","Meghalaya","Rabi","0.02","0.02","0.02","0.02","","0.02","0.02","0.02","0.02","","1072.00","1078.00","1078.00","1078.00",""
"Gram","Meghalaya","Total","0.02","0.02","0.02","0.02","","0.02","0.02","0.02","0.02","","1072.00","1078.00","1078.00","1078.00",""
"Gram","Mizoram","Rabi","","","","","","0.00","","","","","","","","",""
"Gram","Mizoram","Total","","","","","","0.00","","","","","","","","",""
"Gram","Nagaland","Rabi","0.00","0.01","0.01","0.00","","0.00","0.00","0.01","0.00","","840.00","827.00","842.00","845.00",""
"Gram","Nagaland","Total","0.00","0.01","0.01","0.00","","0.00","0.00","0.01","0.00","","840.00","827.00","842.00","845.00",""
"Gram","Odisha","Rabi","0.35","0.38","0.38","0.80","","0.27","0.29","0.29","0.68","","778.00","763.00","763.00","855.00",""
"Gram","Odisha","Total","0.35","0.38","0.38","0.80","","0.27","0.29","0.29","0.68","","778.00","763.00","763.00","855.00",""
"Gram","Puducherry","Rabi","0.00","","","","","0.00","","","","","0.00","","","",""
"Gram","Puducherry","Total","0.00","","","","","0.00","","","","","0.00","","","",""
"Gram","Punjab","Rabi","0.02","0.01","0.01","0.01","","0.02","0.01","0.02","0.01","","1214.00","1046.00","1395.00","1188.00",""
"Gram","Punjab","Total","0.02","0.01","0.01","0.01","","0.02","0.01","0.02","0.01","","1214.00","1046.00","1395.00","1188.00",""
"Gram","Rajasthan","Rabi","23.01","19.37","17.75","16.55","","26.85","18.09","19.19","20.11","","1167.00","934.00","1081.00","1215.00",""
"Gram","Rajasthan","Total","23.01","19.37","17.75","16.55","","26.85","18.09","19.19","20.11","","1167.00","934.00","1081.00","1215.00",""
"Gram","Sikkim","Rabi","0.00","","","","","0.00","","","","","0.00","","","",""
"Gram","Sikkim","Total","0.00","","","","","0.00","","","","","0.00","","","",""
"Gram","Tamil Nadu","Rabi","0.04","0.04","0.03","0.04","","0.04","0.04","0.03","0.03","","926.00","926.00","926.00","926.00",""
"Gram","Tamil Nadu","Total","0.04","0.04","0.03","0.04","","0.04","0.04","0.03","0.03","","926.00","926.00","926.00","926.00",""
"Gram","Telangana","Rabi","1.59","1.48","0.97","0.70","","2.24","2.32","1.64","1.23","","1409.00","1568.00","1686.00","1762.00",""
"Gram","Telangana","Total","1.59","1.48","0.97","0.70","","2.24","2.32","1.64","1.23","","1409.00","1568.00","1686.00","1762.00",""
"Gram","Tripura","Rabi","0.00","0.00","0.00","0.00","","0.00","0.00","0.00","0.00","","634.00","660.00","660.00","779.00",""
"Gram","Tripura","Total","0.00","0.00","0.00","0.00","","0.00","0.00","0.00","0.00","","634.00","660.00","660.00","779.00",""
"Gram","Uttar Pradesh","Rabi","6.08","6.80","6.82","5.97","","8.18","8.98","7.86","8.08","","1346.00","1321.00","1153.00","1354.00",""
"Gram","Uttar Pradesh","Total","6.08","6.80","6.82","5.97","","8.18","8.98","7.86","8.08","","1346.00","1321.00","1153.00","1354.00",""
"Gram","Uttarakhand","Rabi","0.01","0.01","0.01","0.01","","0.01","0.01","0.01","0.01","","790.00","800.00","900.00","845.00",""
"Gram","Uttarakhand","Total","0.01","0.01","0.01","0.01","","0.01","0.01","0.01","0.01","","790.00","800.00","900.00","845.00",""
"Gram","West Bengal","Rabi","0.40","0.40","0.39","0.38","","0.48","0.51","0.48","0.47","","1206.00","1271.00","1242.00","1240.00",""
"Gram","West Bengal","Total","0.40","0.40","0.39","0.38","","0.48","0.51","0.48","0.47","","1206.00","1271.00","1242.00","1240.00",""
"Gram","All India","Rabi","107.40","104.71","95.87","91.22","","135.44","122.67","110.39","111.14","","1261.00","1172.00","1151.00","1218.00",""
"Gram","All India","Total","107.40","104.71","95.87","91.22","","135.44","122.67","110.39","111.14","","1261.00","1172.00","1151.00","1218.00",""
"Urad","Andaman And Nicobar Islands","Kharif","0.00","0.00","","","","0.00","0.00","","","","0.00","360.00","","",""
"Urad","Andaman And Nicobar Islands","Rabi","0.00","","0.00","0.00","","0.00","","0.00","0.00","","400.00","","333.00","338.00",""
"Urad","Andaman And Nicobar Islands","Total","0.00","0.00","0.00","0.00","","0.00","0.00","0.00","0.00","","400.00","360.00","333.00","338.00",""
"Urad","Andhra Pradesh","Kharif","0.39","0.31","0.33","0.36","0.30","0.32","0.29","0.34","0.32","0.28","809.00","944.00","1016.00","882.00","948.00"
"Urad","Andhra Pradesh","Rabi","3.62","3.14","2.74","2.85","","3.93","4.02","3.12","3.61","","1086.00","1279.00","1139.00","1268.00",""
"Urad","Andhra Pradesh","Total","4.01","3.45","3.07","3.21","0.30","4.25","4.31","3.45","3.93","0.28","1059.00","1249.00","1126.00","1225.00","948.00"
"Urad","Arunachal Pradesh","Kharif","0.01","0.01","0.01","0.03","","0.01","0.01","0.01","0.03","","919.00","927.00","928.00","963.00",""
"Urad","Arunachal Pradesh","Rabi","0.01","0.01","0.01","","","0.01","0.01","0.01","","","979.00","987.00","988.00","",""
"Urad","Arunachal Pradesh","Total","0.03","0.03","0.03","0.03","","0.03","0.03","0.03","0.03","","952.00","960.00","961.00","963.00",""
"Urad","Assam","Kharif","","","0.58","","0.51","0.00","","0.38","","0.34","","","658.00","","660.00"
"Urad","Assam","Rabi","0.57","0.54","0.55","0.57","","0.38","0.35","0.36","0.37","","661.00","645.00","662.00","652.00",""
"Urad","Assam","Summer","","","0.11","0.12","","","","0.08","0.09","","","","772.00","785.00",""
"Urad","Assam","Total","0.57","0.54","1.24","0.68","0.51","0.38","0.35","0.83","0.46","0.34","661.00","645.00","670.00","675.00","660.00"
"Urad","Bihar","Kharif","0.06","0.06","0.06","0.05","0.05","0.06","0.06","0.05","0.04","0.05","930.00","954.00","959.00","979.00","964.00"
"Urad","Bihar","Rabi","","","","","","0.00","","","","","","","","",""
"Urad","Bihar","Total","0.06","0.06","0.06","0.05","0.05","0.06","0.06","0.05","0.04","0.05","930.00","954.00","959.00","979.00","964.00"
"Urad","Chandigarh","Kharif","0.00","","","","","0.00","","","","","0.00","","","",""
"Urad","Chandigarh","Rabi","0.00","","","","","0.00","","","","","0.00","","","",""
"Urad","Chandigarh","Total","0.00","","","","","0.00","","","","","0.00","","","",""
"Urad","Chhattisgarh","Kharif","0.67","0.69","0.63","0.60","0.67","0.25","0.25","0.24","0.22","0.26","368.00","367.00","385.00","374.00","383.00"
"Urad","Chhattisgarh","Rabi","0.03","0.02","0.03","0.03","","0.01","0.01","0.01","0.01","","377.00","402.00","346.00","295.00",""
"Urad","Chhattisgarh","Total","0.70","0.70","0.66","0.63","0.67","0.26","0.26","0.25","0.23","0.26","368.00","368.00","383.00","370.00","383.00"
"Urad","Dadra And Nagar Haveli","Kharif","0.00","","","","","0.00","","","","","0.00","","","",""
"Urad","Dadra And Nagar Haveli","Rabi","","","","","","0.00","","","","","","","","",""
"Urad","Dadra And Nagar Haveli","Total","0.00","","","","","0.00","","","","","0.00","","","",""
"Urad","Daman And Diu","Kharif","0.00","","","","","0.00","","","","","0.00","","","",""
"Urad","Daman And Diu","Rabi","0.00","","","","","0.00","","","","","0.00","","","",""
"Urad","Daman And Diu","Total","0.00","","","","","0.00","","","","","0.00","","","",""
"Urad","Delhi","Kharif","0.00","","","","","0.00","","","","","0.00","","","",""
"Urad","Delhi","Rabi","0.00","","","","","0.00","","","","","0.00","","","",""
"Urad","Delhi","Total","0.00","","","","","0.00","","","","","0.00","","","",""
"Urad","Goa","Kharif","","","","","","0.00","","","","","","","","",""
"Urad","Goa","Rabi","0.00","","","","","0.00","","","","","0.00","","","",""
"Urad","Goa","Total","0.00","","","","","0.00","","","","","0.00","","","",""
"Urad","Gujarat","Kharif","1.55","0.97","0.79","0.84","0.84","0.92","0.59","0.51","0.48","0.51","593.00","611.00","643.00","570.00","608.00"
"Urad","Gujarat","Rabi","0.26","","","","","0.38","","","","","1495.00","","","",""
"Urad","Gujarat","Summer","","0.20","0.21","0.30","","","0.26","0.30","0.42","","","1278.00","1422.00","1390.00",""
"Urad","Gujarat","Total","1.80","1.17","1.01","1.14","0.84","1.30","0.85","0.81","0.90","0.51","721.00","726.00","808.00","787.00","608.00"
"Urad","Haryana","Kharif","0.00","0.00","0.00","0.00","0.00","0.00","0.00","0.00","0.00","0.00","509.00","529.00","529.00","529.00","529.00"
"Urad","Haryana","Rabi","","","","","","0.00","","","","","","","","",""
"Urad","Haryana","Total","0.00","0.00","0.00","0.00","0.00","0.00","0.00","0.00","0.00","0.00","509.00","529.00","529.00","529.00","529.00"
"Urad","Himachal Pradesh","Kharif","0.06","0.06","0.06","0.06","0.06","0.05","0.04","0.04","0.04","0.04","719.00","719.00","710.00","710.00","713.00"
"Urad","Himachal Pradesh","Rabi","","","","","","0.00","","","","","","","","",""
"Urad","Himachal Pradesh","Total","0.06","0.06","0.06","0.06","0.06","0.05","0.04","0.04","0.04","0.04","719.00","719.00","710.00","710.00","713.00"
"Urad","Jammu And Kashmir","Kharif","0.00","0.10","0.11","0.11","","0.00","0.03","0.04","0.04","","0.00","324.00","314.00","314.00",""
"Urad","Jammu And Kashmir","Rabi","","0.00","0.00","0.00","","0.00","0.00","0.00","0.00","","","277.00","277.00","277.00",""
"Urad","Jammu And Kashmir","Total","0.00","0.10","0.11","0.11","","0.00","0.03","0.04","0.04","","0.00","323.00","313.00","313.00",""
"Urad","Jharkhand","Kharif","1.33","1.13","1.05","1.26","0.97","1.20","1.00","0.93","1.11","0.86","903.00","886.00","887.00","879.00","887.00"
"Urad","Jharkhand","Rabi","","","","","","0.00","","","","","","","","",""
"Urad","Jharkhand","Total","1.33","1.13","1.05","1.26","0.97","1.20","1.00","0.93","1.11","0.86","903.00","886.00","887.00","879.00","887.00"
"Urad","Karnataka","Kharif","0.75","0.67","0.44","1.02","0.95","0.37","0.31","0.20","0.60","0.48","493.00","463.00","449.00","590.00","501.00"
"Urad","Karnataka","Rabi","0.04","0.04","0.04","0.02","","0.02","0.02","0.02","0.01","","529.00","521.00","557.00","429.00",""
"Urad","Karnataka","Total","0.79","0.71","0.48","1.04","0.95","0.39","0.33","0.22","0.61","0.48","495.00","466.00","458.00","587.00","501.00"
"Urad","Kerala","Kharif","0.00","0.00","0.00","0.00","0.00","0.00","0.00","0.00","0.00","0.00","1000.00","1000.00","603.00","1239.00","1447.00"
"Urad","Kerala","Rabi","0.00","0.00","0.00","0.00","","0.00","0.00","0.00","0.00","","785.00","850.00","594.00","701.00",""
"Urad","Kerala","Summer","","0.00","0.00","0.00","","","0.00","0.00","0.00","","","745.00","964.00","733.00",""
"Urad","Kerala","Total","0.00","0.00","0.01","0.00","0.00","0.00","0.00","0.00","0.00","0.00","786.00","802.00","708.00","722.00","1447.00"
"Urad","Ladakh","Kharif","0.00","","","","","0.00","","","","","0.00","","","",""
"Urad","Ladakh","Rabi","0.00","","","","","0.00","","","","","0.00","","","",""
"Urad","Ladakh","Total","0.00","","","","","0.00","","","","","0.00","","","",""
"Urad","Lakshadweep","Kharif","0.00","","","","","0.00","","","","","0.00","","","",""
"Urad","Lakshadweep","Rabi","","","","","","0.00","","","","","","","","",""
"Urad","Lakshadweep","Total","0.00","","","","","0.00","","","","","0.00","","","",""
"Urad","Madhya Pradesh","Kharif","15.35","12.52","7.97","4.24","2.55","7.78","7.76","5.02","2.39","1.44","507.00","620.00","630.00","563.00","563.00"
"Urad","Madhya Pradesh","Rabi","0.82","","","","","1.06","","","","","1297.00","","","",""
"Urad","Madhya Pradesh","Summer","","0.57","0.60","1.15","","","0.74","0.79","1.51","","","1297.00","1312.00","1310.00",""
"Urad","Madhya Pradesh","Total","16.17","13.09","8.57","5.39","2.55","8.85","8.50","5.81","3.89","1.44","547.00","649.00","678.00","722.00","563.00"
"Urad","Maharashtra","Kharif","4.36","3.58","2.60","3.91","3.74","2.11","2.26","1.03","3.27","2.68","484.00","630.00","396.00","835.00","717.00"
"Urad","Maharashtra","Rabi","0.00","","","","","0.00","","","","","539.00","","","",""
"Urad","Maharashtra","Summer","","0.00","0.01","0.02","","","0.00","0.00","0.01","","","520.00","519.00","533.00",""
"Urad","Maharashtra","Total","4.36","3.58","2.60","3.93","3.74","2.11","2.26","1.03","3.28","2.68","484.00","630.00","396.00","833.00","717.00"
"Urad","Manipur","Kharif","0.01","0.01","0.01","0.01","","0.01","0.01","0.01","0.01","","955.00","992.00","860.00","1100.00",""
"Urad","Manipur","Rabi","0.00","","","","","0.00","","","","","0.00","","","",""
"Urad","Manipur","Total","0.01","0.01","0.01","0.01","","0.01","0.01","0.01","0.01","","955.00","992.00","860.00","1100.00",""
"Urad","Meghalaya","Kharif","0.00","","","","","0.00","","","","","0.00","","","",""
"Urad","Meghalaya","Rabi","0.00","","","","","0.00","","","","","0.00","","","",""
"Urad","Meghalaya","Total","0.00","","","","","0.00","","","","","0.00","","","",""
"Urad","Mizoram","Kharif","","","","","","0.00","","","","","","","","",""
"Urad","Mizoram","Rabi","","","","","","0.00","","","","","","","","",""
"Urad","Mizoram","Total","","","","","","0.00","","","","","","","","",""
"Urad","Nagaland","Kharif","0.00","","","","","0.00","","","","","0.00","","","",""
"Urad","Nagaland","Rabi","0.00","0.00","0.00","0.00","","0.00","0.00","0.00","0.00","","933.00","823.00","823.00","826.00",""
"Urad","Nagaland","Total","0.00","0.00","0.00","0.00","","0.00","0.00","0.00","0.00","","933.00","823.00","823.00","826.00",""
"Urad","Odisha","Kharif","0.80","0.70","0.83","0.71","0.76","0.27","0.26","0.34","0.29","0.30","338.00","370.00","406.00","410.00","401.00"
"Urad","Odisha","Rabi","0.12","","","","","0.04","","","","","351.00","","","",""
"Urad","Odisha","Summer","","0.15","0.20","0.29","","","0.07","0.09","0.14","","","437.00","430.00","483.00",""
"Urad","Odisha","Total","0.92","0.85","1.03","1.01","0.76","0.31","0.32","0.42","0.43","0.30","340.00","382.00","411.00","431.00","401.00"
"Urad","Puducherry","Kharif","0.00","0.00","0.00","0.00","","0.00","0.00","0.00","0.00","","1000.00","1000.00","1211.00","1200.00",""
"Urad","Puducherry","Rabi","0.00","0.00","0.00","0.00","","0.00","0.00","0.00","0.00","","715.00","655.00","1176.00","1200.00",""
"Urad","Puducherry","Summer","","0.00","0.00","0.00","","","0.00","0.00","0.00","","","450.00","440.00","146.00",""
"Urad","Puducherry","Total","0.00","0.01","0.00","0.01","","0.00","0.00","0.00","0.00","","716.00","547.00","908.00","667.00",""
"Urad","Punjab","Kharif","0.02","0.01","0.01","0.01","0.00","0.01","0.01","0.01","0.01","0.00","441.00","418.00","439.00","580.00","487.00"
"Urad","Punjab","Rabi","","","","","","0.00","","","","","","","","",""
"Urad","Punjab","Total","0.02","0.01","0.01","0.01","0.00","0.01","0.01","0.01","0.01","0.00","441.00","418.00","439.00","580.00","487.00"
"Urad","Rajasthan","Kharif","4.25","3.22","2.96","3.46","3.13","1.55","1.35","1.49","1.26","1.68","366.00","420.00","505.00","365.00","539.00"
"Urad","Rajasthan","Rabi","0.00","","","0.00","","0.00","","","0.00","","0.00","","","1000.00",""
"Urad","Rajasthan","Summer","","0.00","0.00","0.00","","","0.00","0.00","0.00","","","1125.00","1226.00","974.00",""
"Urad","Rajasthan","Total","4.25","3.22","2.96","3.46","3.13","1.55","1.35","1.49","1.26","1.68","366.00","420.00","505.00","365.00","539.00"
"Urad","Sikkim","Kharif","0.03","0.03","0.02","0.02","","0.03","0.03","0.01","0.01","","943.00","944.00","945.00","945.00",""
"Urad","Sikkim","Rabi","","","","","","0.00","","","","","","","","",""
"Urad","Sikkim","Total","0.03","0.03","0.02","0.02","","0.03","0.03","0.01","0.01","","943.00","944.00","945.00","945.00",""
"Urad","Tamil Nadu","Kharif","0.43","0.40","0.37","0.42","0.28","0.38","0.35","0.30","0.23","0.22","881.00","856.00","801.00","531.00","792.00"
"Urad","Tamil Nadu","Rabi","3.65","2.36","2.31","2.44","","2.31","1.55","1.08","1.11","","634.00","655.00","470.00","456.00",""
"Urad","Tamil Nadu","Summer","","1.20","0.87","0.72","","","0.79","0.41","0.33","","","655.00","470.00","456.00",""
"Urad","Tamil Nadu","Total","4.07","3.97","3.55","3.58","0.28","2.69","2.68","1.79","1.66","0.22","660.00","675.00","505.00","465.00","792.00"
"Urad","Telangana","Kharif","0.19","0.12","0.07","0.09","0.12","0.15","0.08","0.05","0.07","0.09","792.00","698.00","721.00","790.00","736.00"
"Urad","Telangana","Rabi","0.39","0.18","0.14","0.20","","0.51","0.28","0.21","0.36","","1295.00","1571.00","1489.00","1763.00",""
"Urad","Telangana","Total","0.58","0.30","0.21","0.30","0.12","0.66","0.37","0.26","0.43","0.09","1130.00","1222.00","1233.00","1462.00","736.00"
"Urad","Tripura","Kharif","0.04","0.03","0.03","0.03","","0.03","0.02","0.02","0.02","","687.00","805.00","805.00","767.00",""
"Urad","Tripura","Rabi","0.03","0.03","0.03","0.03","","0.02","0.02","0.02","0.02","","769.00","777.00","777.00","823.00",""
"Urad","Tripura","Total","0.07","0.06","0.06","0.06","","0.05","0.05","0.05","0.05","","721.00","790.00","790.00","796.00",""
"Urad","Uttar Pradesh","Kharif","5.14","5.58","7.11","3.82","3.70","2.56","2.38","4.42","2.39","2.32","498.00","426.00","622.00","626.00","626.00"
"Urad","Uttar Pradesh","Rabi","0.47","","","","","0.36","","","","","756.00","","","",""
"Urad","Uttar Pradesh","Summer","","0.50","0.66","0.97","","","0.45","0.60","0.98","","","895.00","912.00","1010.00",""
"Urad","Uttar Pradesh","Total","5.61","6.08","7.77","4.79","3.70","2.92","2.82","5.02","3.37","2.32","520.00","465.00","647.00","704.00","626.00"
"Urad","Uttarakhand","Kharif","0.13","0.11","0.11","0.10","0.10","0.16","0.11","0.10","0.09","0.08","1203.00","1017.00","961.00","918.00","831.00"
"Urad","Uttarakhand","Rabi","","","","","","0.00","","","","","","","","",""
"Urad","Uttarakhand","Summer","","","0.00","0.00","","","","0.00","0.00","","","","1022.00","918.00",""
"Urad","Uttarakhand","Total","0.13","0.11","0.11","0.10","0.10","0.16","0.11","0.10","0.10","0.08","1203.00","1017.00","961.00","918.00","831.00"
"Urad","West Bengal","Kharif","0.67","0.67","0.66","0.66","0.42","0.44","0.48","0.49","0.49","0.31","665.00","710.00","737.00","740.00","740.00"
"Urad","West Bengal","Rabi","0.06","0.07","0.03","0.03","","0.06","0.06","0.02","0.02","","919.00","868.00","791.00","790.00",""
"Urad","West Bengal","Total","0.73","0.75","0.69","0.69","0.42","0.50","0.54","0.51","0.51","0.31","687.00","726.00","739.00","742.00","740.00"
"Urad","Others","Kharif","","","","","0.19","","","","","0.11","","","","","563.00"
"Urad","Others","Total","","","","","0.19","","","","","0.11","","","","","563.00"
"Urad","All India","Kharif","36.25","30.98","26.81","21.81","19.33","18.65","17.68","16.04","13.41","12.05","515.00","571.00","598.00","615.00","623.00"
"Urad","All India","Rabi","10.09","6.41","5.89","6.18","","9.11","6.33","4.87","5.53","","903.00","988.00","828.00","894.00",""
"Urad","All India","Summer","","2.63","2.66","3.58","","","2.30","2.28","3.48","","","875.00","856.00","974.00",""
"Urad","All India","Total","46.33","40.02","35.36","31.57","19.33","27.76","26.31","23.19","22.42","12.05","599.00","657.00","656.00","710.00","623.00"
"Moong","Andaman And Nicobar Islands","Kharif","0.00","","","","","0.00","","","","","0.00","","","",""
"Moong","Andaman And Nicobar Islands","Rabi","0.00","0.00","0.00","0.00","","0.00","0.00","0.00","0.00","","420.00","370.00","403.00","355.00",""
"Moong","Andaman And Nicobar Islands","Total","0.00","0.00","0.00","0.00","","0.00","0.00","0.00","0.00","","420.00","370.00","403.00","355.00",""
"Moong","Andhra Pradesh","Kharif","0.08","0.05","0.04","0.06","0.06","0.05","0.03","0.03","0.03","0.04","563.00","541.00","811.00","452.00","601.00"
"Moong","Andhra Pradesh","Rabi","0.89","0.67","0.55","0.58","","0.79","0.70","0.54","0.55","","888.00","1045.00","986.00","954.00",""
"Moong","Andhra Pradesh","Total","0.97","0.72","0.59","0.64","0.06","0.84","0.73","0.58","0.58","0.04","861.00","1010.00","973.00","907.00","601.00"
"Moong","Arunachal Pradesh","Kharif","0.01","0.01","0.01","0.01","","0.01","0.01","0.01","0.01","","1037.00","1042.00","1043.00","1044.00",""
"Moong","Arunachal Pradesh","Rabi","0.00","","","","","0.00","","","","","0.00","","","",""
"Moong","Arunachal Pradesh","Total","0.01","0.01","0.01","0.01","","0.01","0.01","0.01","0.01","","1037.00","1042.00","1043.00","1044.00",""
"Moong","Assam","Kharif","","","","","0.12","0.00","","","","0.10","","","","","810.00"
"Moong","Assam","Rabi","0.12","0.13","0.13","0.12","","0.09","0.10","0.10","0.10","","740.00","758.00","830.00","829.00",""
"Moong","Assam","Summer","","","0.06","0.12","","","","0.04","0.10","","","","734.00","829.00",""
"Moong","Assam","Total","0.12","0.13","0.18","0.25","0.12","0.09","0.10","0.15","0.20","0.10","740.00","758.00","800.00","829.00","810.00"
"Moong","Bihar","Kharif","0.07","0.06","0.06","0.09","0.07","0.05","0.04","0.05","0.06","0.05","677.00","657.00","861.00","602.00","721.00"
"Moong","Bihar","Rabi","1.57","","","","","1.09","","","","","695.00","","","",""
"Moong","Bihar","Summer","","1.61","1.59","1.60","","","1.26","1.13","0.95","","","783.00","708.00","595.00",""
"Moong","Bihar","Total","1.64","1.67","1.65","1.70","0.07","1.14","1.30","1.18","1.01","0.05","694.00","778.00","714.00","595.00","721.00"
"Moong","Chandigarh","Kharif","0.00","","","","","0.00","","","","","0.00","","","",""
"Moong","Chandigarh","Rabi","0.00","","","","","0.00","","","","","0.00","","","",""
"Moong","Chandigarh","Total","0.00","","","","","0.00","","","","","0.00","","","",""
"Moong","Chhattisgarh","Kharif","0.03","0.02","0.03","0.02","0.03","0.01","0.01","0.01","0.01","0.01","443.00","522.00","336.00","431.00","353.00"
"Moong","Chhattisgarh","Rabi","0.03","0.02","0.01","0.02","","0.01","0.01","0.01","0.01","","359.00","385.00","405.00","339.00",""
"Moong","Chhattisgarh","Total","0.06","0.04","0.04","0.04","0.03","0.02","0.02","0.01","0.01","0.01","407.00","466.00","359.00","378.00","353.00"
"Moong","Dadra And Nagar Haveli","Kharif","0.00","","","","","0.00","","","","","0.00","","","",""
"Moong","Dadra And Nagar Haveli","Rabi","","","","","","0.00","","","","","","","","",""
"Moong","Dadra And Nagar Haveli","Total","0.00","","","","","0.00","","","","","0.00","","","",""
"Moong","Daman And Diu","Kharif","0.00","","","","","0.00","","","","","0.00","","","",""
"Moong","Daman And Diu","Rabi","0.00","","","","","0.00","","","","","0.00","","","",""
"Moong","Daman And Diu","Total","0.00","","","","","0.00","","","","","0.00","","","",""
"Moong","Delhi","Kharif","0.00","","","","","0.00","","","","","0.00","","","",""
"Moong","Delhi","Rabi","0.00","","","","","0.00","","","","","0.00","","","",""
"Moong","Delhi","Total","0.00","","","","","0.00","","","","","0.00","","","",""
"Moong","Goa","Kharif","","","","","","0.00","","","","","","","","",""
"Moong","Goa","Rabi","0.00","","","","","0.00","","","","","0.00","","","",""
"Moong","Goa","Total","0.00","","","","","0.00","","","","","0.00","","","",""
"Moong","Gujarat","Kharif","0.99","0.80","0.65","0.29","0.41","0.44","0.47","0.38","0.14","0.23","444.00","586.00","588.00","497.00","569.00"
"Moong","Gujarat","Rabi","0.70","0.25","0.24","0.24","","0.93","0.11","0.17","0.18","","1324.00","453.00","693.00","751.00",""
"Moong","Gujarat","Summer","","0.47","0.46","0.59","","","0.55","0.55","0.71","","","1153.00","1208.00","1201.00",""
"Moong","Gujarat","Total","1.69","1.52","1.34","1.12","0.41","1.37","1.13","1.10","1.04","0.23","810.00","742.00","818.00","923.00","569.00"
"Moong","Haryana","Kharif","0.79","0.31","0.26","0.41","0.56","0.52","0.15","0.17","0.37","0.40","661.00","494.00","653.00","907.00","723.00"
"Moong","Haryana","Rabi","0.00","","","","","0.00","","","","","0.00","","","",""
"Moong","Haryana","Summer","","0.45","0.06","0.09","","","0.34","0.05","0.08","","","749.00","780.00","936.00",""
"Moong","Haryana","Total","0.79","0.75","0.32","0.50","0.56","0.52","0.49","0.22","0.46","0.40","661.00","646.00","677.00","912.00","723.00"
"Moong","Himachal Pradesh","Kharif","0.00","0.00","0.00","0.00","0.00","0.00","0.00","0.00","0.00","0.00","497.00","490.00","490.00","490.00","490.00"
"Moong","Himachal Pradesh","Rabi","","","","","","0.00","","","","","","","","",""
"Moong","Himachal Pradesh","Total","0.00","0.00","0.00","0.00","0.00","0.00","0.00","0.00","0.00","0.00","497.00","490.00","490.00","490.00","490.00"
"Moong","Jammu And Kashmir","Kharif","0.00","0.00","0.01","0.01","","0.00","0.00","0.00","0.01","","392.00","384.00","405.00","696.00",""
"Moong","Jammu And Kashmir","Rabi","0.00","","","","","0.00","","","","","0.00","","","",""
"Moong","Jammu And Kashmir","Total","0.00","0.00","0.01","0.01","","0.00","0.00","0.00","0.01","","392.00","384.00","405.00","696.00",""
"Moong","Jharkhand","Kharif","0.20","0.22","0.23","0.30","0.15","0.16","0.17","0.20","0.25","0.13","803.00","794.00","873.00","834.00","825.00"
"Moong","Jharkhand","Rabi","","","","","","0.00","","","","","","","","",""
"Moong","Jharkhand","Total","0.20","0.22","0.23","0.30","0.15","0.16","0.17","0.20","0.25","0.13","803.00","794.00","873.00","834.00","825.00"
"Moong","Karnataka","Kharif","4.01","4.88","2.83","5.54","4.38","1.46","1.88","0.89","2.38","1.75","363.00","385.00","314.00","430.00","399.00"
"Moong","Karnataka","Rabi","0.18","0.11","0.14","0.13","","0.06","0.03","0.05","0.04","","307.00","307.00","333.00","299.00",""
"Moong","Karnataka","Total","4.19","4.99","2.97","5.67","4.38","1.51","1.91","0.94","2.42","1.75","361.00","383.00","315.00","427.00","399.00"
"Moong","Kerala","Kharif","0.00","","0.00","","","0.00","","0.00","","","0.00","","600.00","",""
"Moong","Kerala","Rabi","0.00","0.00","0.00","0.00","","0.00","0.00","0.00","0.00","","636.00","737.00","792.00","862.00",""
"Moong","Kerala","Summer","","0.00","0.00","0.00","","","0.00","0.00","0.00","","","649.00","639.00","807.00",""
"Moong","Kerala","Total","0.00","0.00","0.00","0.00","","0.00","0.00","0.00","0.00","","636.00","657.00","654.00","814.00",""
"Moong","Ladakh","Kharif","0.00","","","","","0.00","","","","","0.00","","","",""
"Moong","Ladakh","Rabi","0.00","","","","","0.00","","","","","0.00","","","",""
"Moong","Ladakh","Total","0.00","","","","","0.00","","","","","0.00","","","",""
"Moong","Lakshadweep","Kharif","0.00","","","","","0.00","","","","","0.00","","","",""
"Moong","Lakshadweep","Rabi","0.00","","","","","0.00","","","","","0.00","","","",""
"Moong","Lakshadweep","Total","0.00","","","","","0.00","","","","","0.00","","","",""
"Moong","Madhya Pradesh","Kharif","0.88","0.34","0.26","0.44","0.44","0.32","0.17","0.15","0.21","0.21","363.00","487.00","562.00","469.00","469.00"
"Moong","Madhya Pradesh","Rabi","8.50","","","","","11.03","","","","","1297.00","","","",""
"Moong","Madhya Pradesh","Summer","","12.18","11.37","14.56","","","14.04","13.77","17.63","","","1153.00","1211.00","1211.00",""
"Moong","Madhya Pradesh","Total","9.38","12.52","11.63","15.00","0.44","11.35","14.21","13.92","17.84","0.21","1209.00","1135.00","1196.00","1189.00","469.00"
"Moong","Maharashtra","Kharif","3.78","2.70","1.85","2.39","2.09","1.87","1.59","0.73","1.62","1.19","494.00","589.00","395.00","679.00","568.00"
"Moong","Maharashtra","Rabi","0.25","","","","","0.06","","","","","251.00","","","",""
"Moong","Maharashtra","Summer","","0.05","0.14","0.20","","","0.01","0.03","0.04","","","192.00","187.00","186.00",""
"Moong","Maharashtra","Total","4.03","2.75","2.00","2.59","2.09","1.93","1.60","0.76","1.66","1.19","479.00","582.00","380.00","640.00","568.00"
"Moong","Manipur","Kharif","0.00","","","0.00","","0.00","","","0.00","","959.00","","","800.00",""
"Moong","Manipur","Rabi","0.00","","","","","0.00","","","","","0.00","","","",""
"Moong","Manipur","Summer","","0.00","0.00","","","","0.00","0.00","","","","1000.00","900.00","",""
"Moong","Manipur","Total","0.00","0.00","0.00","0.00","","0.00","0.00","0.00","0.00","","959.00","1000.00","900.00","800.00",""
"Moong","Meghalaya","Kharif","0.00","","","","","0.00","","","","","0.00","","","",""
"Moong","Meghalaya","Rabi","0.00","","","","","0.00","","","","","0.00","","","",""
"Moong","Meghalaya","Total","0.00","","","","","0.00","","","","","0.00","","","",""
"Moong","Mizoram","Kharif","","","","","","0.00","","","","","","","","",""
"Moong","Mizoram","Rabi","","","","","","0.00","","","","","","","","",""
"Moong","Mizoram","Total","","","","","","0.00","","","","","","","","",""
"Moong","Nagaland","Kharif","0.00","0.01","0.01","0.01","","0.00","0.01","0.01","0.01","","959.00","1128.00","1128.00","1129.00",""
"Moong","Nagaland","Rabi","","","","","","0.00","","","","","","","","",""
"Moong","Nagaland","Total","0.00","0.01","0.01","0.01","","0.00","0.01","0.01","0.01","","959.00","1128.00","1128.00","1129.00",""
"Moong","Odisha","Kharif","0.99","1.20","0.99","0.01","1.14","0.30","0.36","0.30","0.00","0.36","307.00","301.00","301.00","306.00","314.00"
"Moong","Odisha","Rabi","1.51","","","","","0.58","","","","","385.00","","","",""
"Moong","Odisha","Summer","","1.48","2.12","2.34","","","0.62","0.92","1.12","","","420.00","434.00","480.00",""
"Moong","Odisha","Total","2.50","2.68","3.11","2.35","1.14","0.88","0.98","1.22","1.13","0.36","354.00","367.00","392.00","479.00","314.00"
"Moong","Puducherry","Kharif","0.00","","","","","0.00","","","","","0.00","","","",""
"Moong","Puducherry","Rabi","0.01","0.00","0.00","","","0.00","0.00","0.00","","","228.00","667.00","1000.00","",""
"Moong","Puducherry","Summer","","0.01","0.00","0.00","","","0.00","0.00","0.00","","","605.00","250.00","148.00",""
"Moong","Puducherry","Total","0.01","0.01","0.00","0.00","","0.00","0.00","0.00","0.00","","228.00","605.00","252.00","148.00",""
"Moong","Punjab","Kharif","0.02","0.04","0.03","0.03","0.01","0.02","0.03","0.03","0.02","0.00","938.00","780.00","978.00","662.00","849.00"
"Moong","Punjab","Rabi","0.52","","","","","0.65","","","","","1250.00","","","",""
"Moong","Punjab","Summer","","0.21","0.68","0.30","","","0.23","0.62","0.27","","","1080.00","911.00","914.00",""
"Moong","Punjab","Total","0.54","0.25","0.71","0.33","0.01","0.67","0.26","0.65","0.29","0.00","1238.00","1034.00","914.00","890.00","849.00"
"Moong","Rajasthan","Kharif","25.61","23.32","23.64","23.64","23.75","9.06","11.75","8.13","12.17","12.23","354.00","504.00","344.00","515.00","515.00"
"Moong","Rajasthan","Rabi","0.00","","","","","0.00","","","","","0.00","","","",""
"Moong","Rajasthan","Summer","","0.02","0.03","0.04","","","0.03","0.04","0.04","","","1338.00","1322.00","1091.00",""
"Moong","Rajasthan","Total","25.61","23.35","23.67","23.67","23.75","9.06","11.79","8.18","12.21","12.23","354.00","505.00","345.00","516.00","515.00"
"Moong","Sikkim","Kharif","0.00","","","","","0.00","","","","","0.00","","","",""
"Moong","Sikkim","Rabi","","","","","","0.00","","","","","","","","",""
"Moong","Sikkim","Total","0.00","","","","","0.00","","","","","0.00","","","",""
"Moong","Tamil Nadu","Kharif","0.18","0.19","0.17","0.17","0.15","0.15","0.15","0.11","0.10","0.12","813.00","793.00","645.00","564.00","795.00"
"Moong","Tamil Nadu","Rabi","1.46","0.25","0.22","0.18","","0.47","0.08","0.06","0.04","","325.00","306.00","281.00","248.00",""
"Moong","Tamil Nadu","Summer","","1.22","0.88","0.95","","","0.37","0.25","0.24","","","306.00","281.00","248.00",""
"Moong","Tamil Nadu","Total","1.64","1.66","1.27","1.30","0.15","0.62","0.60","0.42","0.38","0.12","379.00","361.00","331.00","290.00","795.00"
"Moong","Telangana","Kharif","0.36","0.27","0.21","0.28","0.24","0.22","0.18","0.14","0.18","0.16","598.00","672.00","687.00","643.00","667.00"
"Moong","Telangana","Rabi","0.15","0.05","0.07","0.06","","0.14","0.05","0.07","0.06","","958.00","985.00","984.00","989.00",""
"Moong","Telangana","Total","0.51","0.32","0.28","0.34","0.24","0.36","0.23","0.21","0.24","0.16","704.00","721.00","761.00","705.00","667.00"
"Moong","Tripura","Kharif","0.01","0.01","0.01","0.00","","0.01","0.00","0.00","0.00","","643.00","692.00","692.00","649.00",""
"Moong","Tripura","Rabi","0.01","0.01","0.01","0.01","","0.01","0.01","0.01","0.01","","698.00","843.00","843.00","753.00",""
"Moong","Tripura","Summer","","0.00","0.00","0.00","","","0.00","0.00","0.00","","","843.00","843.00","753.00",""
"Moong","Tripura","Total","0.02","0.02","0.02","0.01","","0.01","0.01","0.01","0.01","","671.00","782.00","782.00","726.00",""
"Moong","Uttar Pradesh","Kharif","0.38","0.42","0.43","0.43","0.47","0.14","0.16","0.17","0.17","0.18","358.00","377.00","392.00","393.00","393.00"
"Moong","Uttar Pradesh","Rabi","0.47","","","","","0.40","","","","","854.00","","","",""
"Moong","Uttar Pradesh","Summer","","0.70","0.72","2.04","","","0.50","0.52","1.93","","","718.00","718.00","947.00",""
"Moong","Uttar Pradesh","Total","0.85","1.12","1.15","2.47","0.47","0.54","0.66","0.69","2.10","0.18","632.00","590.00","596.00","851.00","393.00"
"Moong","Uttarakhand","Kharif","","","","","","0.00","","","","","","","","",""
"Moong","Uttarakhand","Rabi","","","","","","0.00","","","","","","","","",""
"Moong","Uttarakhand","Summer","","","","0.00","","","","","0.00","","","","","837.00",""
"Moong","Uttarakhand","Total","","","","0.00","","0.00","","","0.00","","","","","837.00",""
"Moong","West Bengal","Kharif","0.02","0.02","0.02","0.01","0.01","0.01","0.01","0.01","0.01","0.01","696.00","699.00","741.00","756.00","756.00"
"Moong","West Bengal","Rabi","0.72","0.02","0.01","0.01","","0.55","0.01","0.01","0.01","","759.00","771.00","712.00","700.00",""
"Moong","West Bengal","Summer","","0.69","0.63","0.64","","","0.52","0.56","0.57","","","755.00","880.00","880.00",""
"Moong","West Bengal","Total","0.74","0.73","0.66","0.67","0.01","0.56","0.55","0.58","0.58","0.01","757.00","754.00","873.00","875.00","756.00"
"Moong","Others","Kharif","","","","","0.04","","","","","0.04","","","","","904.00"
"Moong","Others","Total","","","","","0.04","","","","","0.04","","","","","904.00"
"Moong","All India","Kharif","38.43","34.86","31.74","34.14","34.12","14.80","17.18","11.54","17.74","17.20","385.00","493.00","364.00","520.00","504.00"
"Moong","All India","Rabi","17.08","1.50","1.38","1.36","","16.86","1.10","1.01","1.00","","987.00","730.00","733.00","738.00",""
"Moong","All India","Summer","","19.10","18.74","23.49","","","18.48","18.47","23.70","","","968.00","985.00","1009.00",""
"Moong","All India","Total","55.51","55.46","51.87","58.99","34.12","31.66","36.76","31.03","42.44","17.20","570.00","663.00","598.00","719.00","504.00"
"Lentil","Andaman And Nicobar Islands","Rabi","0.00","","","","","0.00","","","","","0.00","","","",""
"Lentil","Andaman And Nicobar Islands","Total","0.00","","","","","0.00","","","","","0.00","","","",""
"Lentil","Andhra Pradesh","Rabi","0.00","","","","","0.00","","","","","0.00","","","",""
"Lentil","Andhra Pradesh","Total","0.00","","","","","0.00","","","","","0.00","","","",""
"Lentil","Arunachal Pradesh","Rabi","0.00","0.00","0.00","0.00","","0.00","0.00","0.00","0.00","","795.00","808.00","808.00","809.00",""
"Lentil","Arunachal Pradesh","Total","0.00","0.00","0.00","0.00","","0.00","0.00","0.00","0.00","","795.00","808.00","808.00","809.00",""
"Lentil","Assam","Rabi","0.23","0.25","0.27","0.27","","0.18","0.20","0.23","0.22","","788.00","799.00","845.00","846.00",""
"Lentil","Assam","Total","0.23","0.25","0.27","0.27","","0.18","0.20","0.23","0.22","","788.00","799.00","845.00","846.00",""
"Lentil","Bihar","Rabi","1.33","1.34","1.40","1.34","","1.24","1.32","1.14","1.37","","933.00","985.00","813.00","1021.00",""
"Lentil","Bihar","Total","1.33","1.34","1.40","1.34","","1.24","1.32","1.14","1.37","","933.00","985.00","813.00","1021.00",""
"Lentil","Chandigarh","Rabi","0.00","","","","","0.00","","","","","0.00","","","",""
"Lentil","Chandigarh","Total","0.00","","","","","0.00","","","","","0.00","","","",""
"Lentil","Chhattisgarh","Rabi","0.13","0.13","0.13","0.13","","0.05","0.05","0.05","0.05","","401.00","425.00","413.00","398.00",""
"Lentil","Chhattisgarh","Total","0.13","0.13","0.13","0.13","","0.05","0.05","0.05","0.05","","401.00","425.00","413.00","398.00",""
"Lentil","Dadra And Nagar Haveli","Rabi","0.00","","","","","0.00","","","","","0.00","","","",""
"Lentil","Dadra And Nagar Haveli","Total","0.00","","","","","0.00","","","","","0.00","","","",""
"Lentil","Daman And Diu","Rabi","0.00","","","","","0.00","","","","","0.00","","","",""
"Lentil","Daman And Diu","Total","0.00","","","","","0.00","","","","","0.00","","","",""
"Lentil","Delhi","Rabi","0.00","","","","","0.00","","","","","0.00","","","",""
"Lentil","Delhi","Total","0.00","","","","","0.00","","","","","0.00","","","",""
"Lentil","Goa","Rabi","0.00","","","","","0.00","","","","","0.00","","","",""
"Lentil","Goa","Total","0.00","","","","","0.00","","","","","0.00","","","",""
"Lentil","Gujarat","Rabi","0.00","","","","","0.00","","","","","0.00","","","",""
"Lentil","Gujarat","Total","0.00","","","","","0.00","","","","","0.00","","","",""
"Lentil","Haryana","Rabi","0.01","0.00","0.00","0.00","","0.00","0.00","0.00","0.00","","965.00","816.00","864.00","816.00",""
"Lentil","Haryana","Total","0.01","0.00","0.00","0.00","","0.00","0.00","0.00","0.00","","965.00","816.00","864.00","816.00",""
"Lentil","Himachal Pradesh","Rabi","0.00","0.00","0.00","0.00","","0.00","0.00","0.00","0.00","","1463.00","1320.00","1320.00","1320.00",""
"Lentil","Himachal Pradesh","Total","0.00","0.00","0.00","0.00","","0.00","0.00","0.00","0.00","","1463.00","1320.00","1320.00","1320.00",""
"Lentil","Jammu And Kashmir","Rabi","0.00","","","","","0.00","","","","","586.00","","","",""
"Lentil","Jammu And Kashmir","Total","0.00","","","","","0.00","","","","","586.00","","","",""
"Lentil","Jharkhand","Rabi","0.65","0.59","0.58","0.78","","0.58","0.48","0.53","0.67","","880.00","815.00","917.00","859.00",""
"Lentil","Jharkhand","Total","0.65","0.59","0.58","0.78","","0.58","0.48","0.53","0.67","","880.00","815.00","917.00","859.00",""
"Lentil","Karnataka","Rabi","0.00","","","","","0.00","","","","","0.00","","","",""
"Lentil","Karnataka","Total","0.00","","","","","0.00","","","","","0.00","","","",""
"Lentil","Kerala","Rabi","0.00","","","","","0.00","","","","","0.00","","","",""
"Lentil","Kerala","Total","0.00","","","","","0.00","","","","","0.00","","","",""
"Lentil","Ladakh","Rabi","0.00","0.00","0.00","","","0.00","0.00","0.00","","","0.00","977.00","977.00","",""
"Lentil","Ladakh","Total","0.00","0.00","0.00","","","0.00","0.00","0.00","","","0.00","977.00","977.00","",""
"Lentil","Lakshadweep","Rabi","0.00","","","","","0.00","","","","","0.00","","","",""
"Lentil","Lakshadweep","Total","0.00","","","","","0.00","","","","","0.00","","","",""
"Lentil","Madhya Pradesh","Rabi","4.92","6.55","7.15","6.30","","4.42","6.36","8.24","6.02","","899.00","971.00","1152.00","956.00",""
"Lentil","Madhya Pradesh","Total","4.92","6.55","7.15","6.30","","4.42","6.36","8.24","6.02","","899.00","971.00","1152.00","956.00",""
"Lentil","Maharashtra","Rabi","0.00","","","","","0.00","","","","","0.00","","","",""
"Lentil","Maharashtra","Total","0.00","","","","","0.00","","","","","0.00","","","",""
"Lentil","Manipur","Rabi","0.01","0.01","0.01","0.01","","0.01","0.01","0.01","0.02","","963.00","967.00","970.00","1300.00",""
"Lentil","Manipur","Total","0.01","0.01","0.01","0.01","","0.01","0.01","0.01","0.02","","963.00","967.00","970.00","1300.00",""
"Lentil","Meghalaya","Rabi","0.00","","","","","0.00","","","","","0.00","","","",""
"Lentil","Meghalaya","Total","0.00","","","","","0.00","","","","","0.00","","","",""
"Lentil","Mizoram","Rabi","","","","","","0.00","","","","","","","","",""
"Lentil","Mizoram","Total","","","","","","0.00","","","","","","","","",""
"Lentil","Nagaland","Rabi","0.00","0.00","0.00","0.00","","0.00","0.00","0.00","0.00","","855.00","813.00","817.00","817.00",""
"Lentil","Nagaland","Total","0.00","0.00","0.00","0.00","","0.00","0.00","0.00","0.00","","855.00","813.00","817.00","817.00",""
"Lentil","Odisha","Rabi","0.12","0.15","0.15","0.19","","0.06","0.08","0.08","0.14","","528.00","526.00","526.00","723.00",""
"Lentil","Odisha","Total","0.12","0.15","0.15","0.19","","0.06","0.08","0.08","0.14","","528.00","526.00","526.00","723.00",""
"Lentil","Puducherry","Rabi","0.00","","","","","0.00","","","","","0.00","","","",""
"Lentil","Puducherry","Total","0.00","","","","","0.00","","","","","0.00","","","",""
"Lentil","Punjab","Rabi","0.01","0.01","0.00","0.00","","0.00","0.00","0.00","0.00","","553.00","954.00","478.00","723.00",""
"Lentil","Punjab","Total","0.01","0.01","0.00","0.00","","0.00","0.00","0.00","0.00","","553.00","954.00","478.00","723.00",""
"Lentil","Rajasthan","Rabi","0.17","0.21","0.27","0.25","","0.22","0.29","0.34","0.27","","1326.00","1375.00","1254.00","1070.00",""
"Lentil","Rajasthan","Total","0.17","0.21","0.27","0.25","","0.22","0.29","0.34","0.27","","1326.00","1375.00","1254.00","1070.00",""
"Lentil","Sikkim","Rabi","0.00","","","","","0.00","","","","","0.00","","","",""
"Lentil","Sikkim","Total","0.00","","","","","0.00","","","","","0.00","","","",""
"Lentil","Tamil Nadu","Rabi","0.00","","","","","0.00","","","","","0.00","","","",""
"Lentil","Tamil Nadu","Total","0.00","","","","","0.00","","","","","0.00","","","",""
"Lentil","Telangana","Rabi","0.00","","","","","0.00","","","","","0.00","","","",""
"Lentil","Telangana","Total","0.00","","","","","0.00","","","","","0.00","","","",""
"Lentil","Tripura","Rabi","0.01","0.01","0.01","0.00","","0.01","0.01","0.01","0.00","","766.00","795.00","795.00","744.00",""
"Lentil","Tripura","Total","0.01","0.01","0.01","0.00","","0.01","0.01","0.01","0.00","","766.00","795.00","795.00","744.00",""
"Lentil","Uttar Pradesh","Rabi","4.94","5.44","5.77","6.04","","4.66","5.17","5.77","6.25","","944.00","950.00","1000.00","1035.00",""
"Lentil","Uttar Pradesh","Total","4.94","5.44","5.77","6.04","","4.66","5.17","5.77","6.25","","944.00","950.00","1000.00","1035.00",""
"Lentil","Uttarakhand","Rabi","0.09","0.11","0.10","0.07","","0.08","0.10","0.07","0.06","","875.00","925.00","757.00","807.00",""
"Lentil","Uttarakhand","Total","0.09","0.11","0.10","0.07","","0.08","0.10","0.07","0.06","","875.00","925.00","757.00","807.00",""
"Lentil","West Bengal","Rabi","1.50","1.57","1.58","1.58","","1.15","1.51","1.44","1.45","","769.00","960.00","913.00","915.00",""
"Lentil","West Bengal","Total","1.50","1.57","1.58","1.58","","1.15","1.51","1.44","1.45","","769.00","960.00","913.00","915.00",""
"Lentil","All India","Rabi","14.12","16.37","17.43","16.99","","12.69","15.59","17.91","16.54","","899.00","952.00","1028.00","973.00",""
"Lentil","All India","Total","14.12","16.37","17.43","16.99","","12.69","15.59","17.91","16.54","","899.00","952.00","1028.00","973.00",""
"Other Pulses","Andaman And Nicobar Islands","Rabi","","","","","","","","","","","","","","",""
"Other Pulses","Andaman And Nicobar Islands","Total","","","","","","","","","","","","","","",""
"Other Pulses","Andhra Pradesh","Kharif","0.09","0.09","0.07","0.07","0.07","0.05","0.04","0.02","0.04","0.03","556.00","427.00","368.00","503.00","465.00"
"Other Pulses","Andhra Pradesh","Rabi","0.24","0.35","0.34","0.87","","0.18","0.33","0.21","0.60","","750.00","951.00","633.00","684.00",""
"Other Pulses","Andhra Pradesh","Total","0.33","0.44","0.40","0.94","0.07","0.23","0.37","0.24","0.63","0.03","697.00","844.00","589.00","670.00","465.00"
"Other Pulses","Arunachal Pradesh","Kharif","0.03","0.03","0.03","0.03","","0.03","0.03","0.02","0.02","","965.00","970.00","952.00","953.00",""
"Other Pulses","Arunachal Pradesh","Rabi","0.05","0.05","0.06","0.06","","0.06","0.07","0.07","0.07","","1270.00","1408.00","1248.00","1251.00",""
"Other Pulses","Arunachal Pradesh","Total","0.08","0.08","0.08","0.08","","0.09","0.10","0.10","0.10","","1150.00","1234.00","1157.00","1159.00",""
"Other Pulses","Assam","Rabi","0.44","0.44","0.42","0.43","","0.39","0.40","0.40","0.41","","890.00","912.00","947.00","964.00",""
"Other Pulses","Assam","Total","0.44","0.44","0.42","0.43","","0.39","0.40","0.40","0.41","","890.00","912.00","947.00","964.00",""
"Other Pulses","Bihar","Kharif","0.09","0.08","0.09","0.10","0.09","0.08","0.07","0.08","0.08","0.08","884.00","884.00","886.00","848.00","856.00"
"Other Pulses","Bihar","Rabi","0.59","0.53","0.55","0.54","","0.61","0.58","0.53","0.58","","1041.00","1091.00","964.00","1080.00",""
"Other Pulses","Bihar","Total","0.68","0.62","0.63","0.64","0.09","0.69","0.66","0.60","0.66","0.08","1020.00","1064.00","953.00","1045.00","856.00"
"Other Pulses","Chhattisgarh","Kharif","0.24","0.22","0.19","0.19","0.14","0.10","0.08","0.07","0.08","0.05","410.00","387.00","390.00","400.00","367.00"
"Other Pulses","Chhattisgarh","Rabi","1.69","1.71","1.54","1.47","","0.78","1.27","0.94","0.90","","463.00","739.00","612.00","614.00",""
"Other Pulses","Chhattisgarh","Total","1.93","1.93","1.73","1.66","0.14","0.88","1.35","1.01","0.98","0.05","456.00","699.00","587.00","590.00","367.00"
"Other Pulses","Dadra And Nagar Haveli","Kharif","0.00","","","","","","","","","","0.00","","","",""
"Other Pulses","Dadra And Nagar Haveli","Rabi","0.00","","","","","","","","","","0.00","","","",""
"Other Pulses","Dadra And Nagar Haveli","Total","0.00","","","","","","","","","","0.00","","","",""
"Other Pulses","Daman And Diu","Rabi","0.00","","","","","","","","","","0.00","","","",""
"Other Pulses","Daman And Diu","Total","0.00","","","","","","","","","","0.00","","","",""
"Other Pulses","Delhi","Kharif","0.00","","","","","","","","","","0.00","","","",""
"Other Pulses","Delhi","Total","0.00","","","","","","","","","","0.00","","","",""
"Other Pulses","Goa","Kharif","0.00","","","","","0.00","","","","","0.00","","","",""
"Other Pulses","Goa","Rabi","0.04","0.04","0.04","0.04","","0.03","0.03","0.04","0.04","","798.00","886.00","986.00","924.00",""
"Other Pulses","Goa","Total","0.04","0.04","0.04","0.04","","0.03","0.03","0.04","0.04","","798.00","886.00","986.00","924.00",""
"Other Pulses","Gujarat","Kharif","0.15","0.16","0.19","0.24","0.34","0.07","0.08","0.12","0.23","0.33","460.00","516.00","672.00","958.00","993.00"
"Other Pulses","Gujarat","Rabi","0.45","0.18","0.22","0.48","","0.34","0.05","0.13","0.41","","760.00","291.00","592.00","856.00",""
"Other Pulses","Gujarat","Total","0.60","0.34","0.41","0.72","0.34","0.41","0.13","0.26","0.64","0.33","685.00","397.00","629.00","890.00","993.00"
"Other Pulses","Haryana","Kharif","0.01","0.01","0.01","0.01","0.00","0.01","0.00","0.01","0.00","0.00","584.00","541.00","950.00","503.00","807.00"
"Other Pulses","Haryana","Rabi","0.05","0.03","0.02","0.04","","0.06","0.03","0.02","0.05","","1160.00","1214.00","1214.00","1245.00",""
"Other Pulses","Haryana","Total","0.06","0.04","0.03","0.05","0.00","0.06","0.04","0.03","0.06","0.00","1032.00","1064.00","1152.00","1128.00","807.00"
"Other Pulses","Himachal Pradesh","Kharif","0.22","0.09","0.09","0.10","0.09","0.42","0.12","0.12","0.16","0.11","1933.00","1283.00","1276.00","1495.00","1224.00"
"Other Pulses","Himachal Pradesh","Rabi","0.11","0.13","0.13","0.13","","0.28","0.32","0.32","0.32","","2456.00","2437.00","2435.00","2438.00",""
"Other Pulses","Himachal Pradesh","Total","0.33","0.22","0.23","0.23","0.09","0.70","0.44","0.44","0.47","0.11","2113.00","1956.00","1953.00","2016.00","1224.00"
"Other Pulses","Jammu And Kashmir","Kharif","0.13","0.07","0.19","0.19","","0.08","0.06","0.09","0.09","","633.00","776.00","501.00","501.00",""
"Other Pulses","Jammu And Kashmir","Rabi","0.01","0.01","0.01","0.01","","0.01","0.01","0.01","0.01","","781.00","919.00","919.00","919.00",""
"Other Pulses","Jammu And Kashmir","Total","0.14","0.08","0.20","0.20","","0.09","0.06","0.10","0.10","","646.00","792.00","520.00","520.00",""
"Other Pulses","Jharkhand","Kharif","0.38","0.30","0.27","0.39","0.20","0.26","0.20","0.27","0.30","0.16","669.00","680.00","1011.00","773.00","790.00"
"Other Pulses","Jharkhand","Rabi","0.84","0.71","0.70","1.10","","0.84","0.73","0.76","1.25","","993.00","1029.00","1094.00","1132.00",""
"Other Pulses","Jharkhand","Total","1.23","1.01","0.97","1.49","0.20","1.09","0.93","1.04","1.55","0.16","891.00","925.00","1071.00","1038.00","790.00"
"Other Pulses","Karnataka","Kharif","1.07","1.03","1.54","1.85","1.08","0.53","0.51","0.84","1.00","0.55","495.00","498.00","542.00","543.00","508.00"
"Other Pulses","Karnataka","Rabi","1.51","1.11","1.07","1.28","","0.93","0.67","0.64","0.80","","615.00","602.00","599.00","623.00",""
"Other Pulses","Karnataka","Total","2.58","2.14","2.61","3.13","1.08","1.46","1.18","1.48","1.80","0.55","566.00","552.00","566.00","575.00","508.00"
"Other Pulses","Kerala","Kharif","0.00","0.00","0.00","0.00","0.00","0.00","0.00","0.00","0.00","0.00","2500.00","1800.00","2436.00","1019.00","1023.00"
"Other Pulses","Kerala","Rabi","0.01","0.01","0.01","0.01","","0.01","0.01","0.01","0.00","","1065.00","1128.00","1301.00","592.00",""
"Other Pulses","Kerala","Total","0.01","0.01","0.01","0.01","0.00","0.01","0.01","0.01","0.00","0.00","1069.00","1132.00","1490.00","595.00","1023.00"
"Other Pulses","Ladakh","Kharif","0.01","0.01","0.01","0.01","","0.01","0.01","0.01","0.01","","900.00","798.00","798.00","848.00",""
"Other Pulses","Ladakh","Total","0.01","0.01","0.01","0.01","","0.01","0.01","0.01","0.01","","900.00","798.00","798.00","848.00",""
"Other Pulses","Madhya Pradesh","Kharif","0.01","","","","","0.00","","","","","267.00","","","",""
"Other Pulses","Madhya Pradesh","Rabi","1.36","1.32","1.29","2.65","","1.12","1.39","1.27","2.26","","824.00","1055.00","985.00","854.00",""
"Other Pulses","Madhya Pradesh","Total","1.37","1.32","1.29","2.65","","1.12","1.39","1.27","2.26","","819.00","1055.00","985.00","854.00",""
"Other Pulses","Maharashtra","Kharif","0.79","0.81","0.62","0.71","0.67","0.68","0.75","0.47","0.75","0.70","867.00","931.00","760.00","1046.00","1045.00"
"Other Pulses","Maharashtra","Rabi","1.31","1.49","1.10","1.63","","0.59","0.74","0.53","0.82","","449.00","501.00","479.00","500.00",""
"Other Pulses","Maharashtra","Total","2.10","2.29","1.72","2.35","0.67","1.27","1.50","1.00","1.56","0.70","605.00","652.00","580.00","666.00","1045.00"
"Other Pulses","Manipur","Kharif","0.02","0.02","0.02","0.01","","0.02","0.02","0.02","0.01","","950.00","983.00","900.00","900.00",""
"Other Pulses","Manipur","Rabi","0.27","0.26","0.25","0.16","","0.25","0.25","0.25","0.16","","936.00","986.00","983.00","1040.00",""
"Other Pulses","Manipur","Total","0.29","0.28","0.27","0.17","","0.27","0.28","0.27","0.17","","938.00","986.00","976.00","1031.00",""
"Other Pulses","Meghalaya","Kharif","0.00","","","","","0.00","","","","","0.00","","","",""
"Other Pulses","Meghalaya","Rabi","0.05","0.05","0.05","0.05","","0.09","0.09","0.09","0.09","","1612.00","1642.00","1642.00","1642.00",""
"Other Pulses","Meghalaya","Total","0.05","0.05","0.05","0.05","","0.09","0.09","0.09","0.09","","1612.00","1642.00","1642.00","1642.00",""
"Other Pulses","Mizoram","Kharif","0.02","0.01","0.01","0.01","","0.02","0.02","0.02","0.01","","1445.00","1200.00","1509.00","744.00",""
"Other Pulses","Mizoram","Rabi","0.02","0.02","0.02","0.01","","0.03","0.02","0.03","0.01","","1463.00","1265.00","1660.00","876.00",""
"Other Pulses","Mizoram","Total","0.04","0.03","0.03","0.02","","0.05","0.04","0.04","0.02","","1455.00","1237.00","1600.00","817.00",""
"Other Pulses","Nagaland","Kharif","0.13","0.17","0.16","0.17","","0.16","0.21","0.20","0.22","","1181.00","1205.00","1235.00","1250.00",""
"Other Pulses","Nagaland","Rabi","0.11","0.13","0.14","0.14","","0.13","0.16","0.16","0.17","","1181.00","1178.00","1207.00","1198.00",""
"Other Pulses","Nagaland","Total","0.24","0.30","0.30","0.32","","0.29","0.36","0.37","0.39","","1181.00","1193.00","1222.00","1227.00",""
"Other Pulses","Odisha","Kharif","1.74","1.62","2.02","1.67","1.60","0.89","0.87","1.05","1.21","0.98","515.00","536.00","519.00","723.00","608.00"
"Other Pulses","Odisha","Rabi","1.83","1.63","1.63","1.67","","1.08","0.99","0.99","1.33","","591.00","607.00","607.00","796.00",""
"Other Pulses","Odisha","Total","3.56","3.25","3.66","3.34","1.60","1.97","1.86","2.04","2.54","0.98","554.00","571.00","558.00","760.00","608.00"
"Other Pulses","Puducherry","Kharif","0.00","0.00","0.00","0.00","","0.00","0.00","0.00","0.00","","1000.00","750.00","917.00","900.00",""
"Other Pulses","Puducherry","Rabi","0.00","0.00","0.00","0.00","","0.00","0.00","0.00","0.00","","1000.00","802.00","900.00","900.00",""
"Other Pulses","Puducherry","Total","0.00","0.00","0.00","0.00","","0.00","0.00","0.00","0.00","","1000.00","801.00","901.00","900.00",""
"Other Pulses","Punjab","Kharif","0.00","","","","","0.00","","","","","0.00","","","",""
"Other Pulses","Punjab","Rabi","0.03","0.03","0.00","0.00","","0.04","0.03","0.00","0.00","","1375.00","1041.00","1250.00","1645.00",""
"Other Pulses","Punjab","Total","0.03","0.03","0.00","0.00","","0.04","0.03","0.00","0.00","","1375.00","1041.00","1250.00","1645.00",""
"Other Pulses","Rajasthan","Kharif","11.30","8.62","9.83","9.96","9.69","2.39","4.29","3.75","4.97","4.83","212.00","498.00","381.00","499.00","498.00"
"Other Pulses","Rajasthan","Rabi","0.16","0.15","0.14","0.13","","0.38","0.30","0.36","0.42","","2321.00","2008.00","2545.00","3361.00",""
"Other Pulses","Rajasthan","Total","11.46","8.77","9.97","10.09","9.69","2.77","4.59","4.10","5.39","4.83","242.00","524.00","412.00","534.00","498.00"
"Other Pulses","Sikkim","Kharif","0.00","","0.04","0.04","","0.00","","0.04","0.04","","0.00","","986.00","986.00",""
"Other Pulses","Sikkim","Rabi","0.02","0.02","","","","0.02","0.02","","","","998.00","998.00","","",""
"Other Pulses","Sikkim","Total","0.02","0.02","0.04","0.04","","0.02","0.02","0.04","0.04","","998.00","998.00","986.00","986.00",""
"Other Pulses","Tamil Nadu","Kharif","0.75","0.75","0.72","0.69","0.60","0.53","0.54","0.49","0.41","0.41","704.00","730.00","680.00","597.00","686.00"
"Other Pulses","Tamil Nadu","Rabi","1.03","1.06","1.20","1.12","","0.66","0.72","0.74","0.75","","641.00","678.00","615.00","665.00",""
"Other Pulses","Tamil Nadu","Total","1.78","1.81","1.92","1.82","0.60","1.19","1.26","1.23","1.16","0.41","668.00","700.00","639.00","639.00","686.00"
"Other Pulses","Telangana","Kharif","0.01","0.01","0.01","0.01","0.01","0.01","0.01","0.01","0.01","0.00","1000.00","730.00","683.00","1004.00","714.00"
"Other Pulses","Telangana","Rabi","0.11","0.03","0.04","0.04","","0.08","0.03","0.04","0.07","","727.00","902.00","1098.00","1597.00",""
"Other Pulses","Telangana","Total","0.12","0.04","0.05","0.05","0.01","0.09","0.03","0.05","0.08","0.00","750.00","859.00","1015.00","1490.00","714.00"
"Other Pulses","Tripura","Kharif","0.04","0.04","0.04","0.04","","0.03","0.03","0.03","0.03","","792.00","830.00","830.00","844.00",""
"Other Pulses","Tripura","Rabi","0.05","0.05","0.05","0.06","","0.04","0.04","0.04","0.05","","866.00","941.00","941.00","939.00",""
"Other Pulses","Tripura","Total","0.08","0.08","0.08","0.09","","0.07","0.07","0.07","0.08","","832.00","893.00","893.00","899.00",""
"Other Pulses","Uttar Pradesh","Kharif","","","","","","","","","","","","","","",""
"Other Pulses","Uttar Pradesh","Rabi","3.91","4.62","4.68","3.21","","6.35","7.16","7.85","5.36","","1624.00","1549.00","1678.00","1670.00",""
"Other Pulses","Uttar Pradesh","Total","3.91","4.62","4.68","3.21","","6.35","7.16","7.85","5.36","","1624.00","1549.00","1678.00","1670.00",""
"Other Pulses","Uttarakhand","Kharif","0.27","0.27","0.25","0.26","0.26","0.31","0.28","0.26","0.27","0.25","1148.00","1034.00","1006.00","1038.00","951.00"
"Other Pulses","Uttarakhand","Rabi","0.06","0.09","0.05","0.02","","0.05","0.08","0.05","0.01","","833.00","942.00","964.00","821.00",""
"Other Pulses","Uttarakhand","Total","0.33","0.36","0.30","0.27","0.26","0.36","0.36","0.30","0.28","0.25","1091.00","1011.00","999.00","1024.00","951.00"
"Other Pulses","West Bengal","Kharif","0.01","0.01","0.01","0.01","","0.01","0.00","0.00","0.00","","662.00","687.00","683.00","649.00",""
"Other Pulses","West Bengal","Rabi","1.08","1.10","1.08","0.99","","1.14","1.35","1.29","1.17","","1060.00","1237.00","1191.00","1184.00",""
"Other Pulses","West Bengal","Total","1.09","1.10","1.09","1.00","","1.15","1.36","1.30","1.18","","1057.00","1233.00","1188.00","1181.00",""
"Other Pulses","Others","Kharif","","","","","0.49","","","","","0.43","","","","","872.00"
"Other Pulses","Others","Total","","","","","0.49","","","","","0.43","","","","","872.00"
"Other Pulses","All India","Kharif","17.51","14.42","16.40","16.75","15.32","6.69","8.24","7.99","9.93","8.90","382.00","571.00","487.00","593.00","581.00"
"Other Pulses","All India","Rabi","17.44","17.34","16.82","18.33","","16.58","17.90","17.78","18.11","","951.00","1032.00","1057.00","988.00",""
"Other Pulses","All India","Total","34.95","31.77","33.22","35.08","15.32","23.27","26.14","25.77","28.04","8.90","666.00","823.00","776.00","799.00","581.00"
"Total Pulses","Andaman And Nicobar Islands","Kharif","0.00","0.00","0.00","","","0.00","0.00","0.00","","","100.00","360.00","810.00","",""
"Total Pulses","Andaman And Nicobar Islands","Rabi","0.01","0.00","0.01","0.01","","0.00","0.00","0.00","0.00","","407.00","370.00","359.00","347.00",""
"Total Pulses","Andaman And Nicobar Islands","Total","0.01","0.01","0.01","0.01","","0.00","0.00","0.00","0.00","","406.00","364.00","359.00","347.00",""
"Total Pulses","Andhra Pradesh","Kharif","3.07","2.87","2.77","4.21","3.34","1.09","1.14","1.36","2.15","1.52","355.00","397.00","491.00","510.00","455.00"
"Total Pulses","Andhra Pradesh","Rabi","9.20","7.45","6.64","7.17","","9.45","9.62","6.87","7.81","","1028.00","1291.00","1035.00","1090.00",""
"Total Pulses","Andhra Pradesh","Total","12.27","10.32","9.41","11.38","3.34","10.54","10.76","8.23","9.96","1.52","859.00","1042.00","874.00","875.00","455.00"
"Total Pulses","Arunachal Pradesh","Kharif","0.07","0.07","0.06","0.08","","0.06","0.07","0.06","0.07","","961.00","967.00","959.00","966.00",""
"Total Pulses","Arunachal Pradesh","Rabi","0.07","0.07","0.08","0.06","","0.08","0.09","0.09","0.08","","1177.00","1279.00","1171.00","1217.00",""
"Total Pulses","Arunachal Pradesh","Total","0.14","0.14","0.14","0.14","","0.15","0.15","0.15","0.15","","1071.00","1124.00","1078.00","1079.00",""
"Total Pulses","Assam","Kharif","0.06","0.06","0.64","0.06","0.66","0.05","0.05","0.43","0.05","0.46","858.00","865.00","677.00","865.00","697.00"
"Total Pulses","Assam","Rabi","1.39","1.38","1.39","1.41","","1.06","1.06","1.12","1.13","","763.00","770.00","802.00","803.00",""
"Total Pulses","Assam","Summer","","","0.17","0.24","","","","0.13","0.19","","","","759.00","808.00",""
"Total Pulses","Assam","Total","1.44","1.44","2.20","1.71","0.66","1.11","1.11","1.68","1.38","0.46","767.00","774.00","763.00","806.00","697.00"
"Total Pulses","Bihar","Kharif","0.35","0.33","0.34","0.36","0.34","0.39","0.41","0.41","0.37","0.30","1121.00","1244.00","1217.00","1041.00","885.00"
"Total Pulses","Bihar","Rabi","4.00","2.40","2.75","2.49","","3.49","2.47","2.45","2.59","","871.00","1029.00","890.00","1039.00",""
"Total Pulses","Bihar","Summer","","1.61","1.59","1.60","","","1.26","1.13","0.95","","","783.00","708.00","595.00",""
"Total Pulses","Bihar","Total","4.35","4.34","4.68","4.45","0.34","3.88","4.14","3.99","3.91","0.30","891.00","954.00","852.00","879.00","885.00"
"Total Pulses","Chandigarh","Kharif","0.00","","","","","0.00","","","","","0.00","","","",""
"Total Pulses","Chandigarh","Rabi","0.00","","","","","0.00","","","","","0.00","","","",""
"Total Pulses","Chandigarh","Total","0.00","","","","","0.00","","","","","0.00","","","",""
"Total Pulses","Chhattisgarh","Kharif","1.38","1.33","1.19","1.14","1.18","0.61","0.62","0.53","0.50","0.53","442.00","470.00","446.00","443.00","449.00"
"Total Pulses","Chhattisgarh","Rabi","5.19","4.93","4.26","4.15","","3.26","4.12","3.12","3.51","","628.00","836.00","733.00","846.00",""
"Total Pulses","Chhattisgarh","Total","6.57","6.26","5.45","5.28","1.18","3.87","4.75","3.65","4.01","0.53","589.00","759.00","670.00","759.00","449.00"
"Total Pulses","Dadra And Nagar Haveli","Kharif","0.00","","","","","0.00","","","","","0.00","","","",""
"Total Pulses","Dadra And Nagar Haveli","Rabi","0.00","","","","","0.00","","","","","0.00","","","",""
"Total Pulses","Dadra And Nagar Haveli","Total","0.00","","","","","0.00","","","","","0.00","","","",""
"Total Pulses","Daman And Diu","Kharif","0.00","","","","","0.00","","","","","0.00","","","",""
"Total Pulses","Daman And Diu","Rabi","0.00","","","","","0.00","","","","","0.00","","","",""
"Total Pulses","Daman And Diu","Total","0.00","","","","","0.00","","","","","0.00","","","",""
"Total Pulses","Delhi","Kharif","0.00","","","","","0.00","","","","","0.00","","","",""
"Total Pulses","Delhi","Rabi","0.00","0.00","0.00","0.00","","0.00","0.00","0.00","0.00","","2000.00","2000.00","2000.00","2000.00",""
"Total Pulses","Delhi","Total","0.00","0.00","0.00","0.00","","0.00","0.00","0.00","0.00","","2000.00","2000.00","2000.00","2000.00",""
"Total Pulses","Goa","Kharif","0.00","","","","","0.00","","","","","0.00","","","",""
"Total Pulses","Goa","Rabi","0.04","0.04","0.04","0.04","","0.03","0.03","0.04","0.04","","798.00","886.00","986.00","924.00",""
"Total Pulses","Goa","Total","0.04","0.04","0.04","0.04","","0.03","0.03","0.04","0.04","","798.00","886.00","986.00","924.00",""
"Total Pulses","Gujarat","Kharif","5.20","4.36","3.90","3.09","3.94","4.34","3.98","3.66","2.86","4.01","835.00","911.00","939.00","924.00","1015.00"
"Total Pulses","Gujarat","Rabi","12.42","8.07","6.68","9.22","","22.67","13.15","10.96","16.23","","1825.00","1630.00","1640.00","1761.00",""
"Total Pulses","Gujarat","Summer","","0.68","0.67","0.89","","","0.80","0.86","1.13","","","1190.00","1276.00","1265.00",""
"Total Pulses","Gujarat","Total","17.62","13.10","11.25","13.20","3.94","27.01","17.93","15.47","20.22","4.01","1533.00","1368.00","1375.00","1532.00","1015.00"
"Total Pulses","Haryana","Kharif","0.82","0.32","0.28","0.42","0.56","0.55","0.16","0.19","0.38","0.41","667.00","504.00","684.00","901.00","725.00"
"Total Pulses","Haryana","Rabi","0.43","0.32","0.13","0.22","","0.51","0.30","0.13","0.36","","1188.00","937.00","1055.00","1598.00",""
"Total Pulses","Haryana","Summer","","0.45","0.06","0.09","","","0.34","0.05","0.08","","","749.00","780.00","936.00",""
"Total Pulses","Haryana","Total","1.25","1.09","0.47","0.74","0.56","1.06","0.80","0.37","0.82","0.41","847.00","732.00","796.00","1117.00","725.00"
"Total Pulses","Himachal Pradesh","Kharif","0.28","0.15","0.16","0.17","0.15","0.47","0.16","0.16","0.20","0.15","1651.00","1060.00","1050.00","1206.00","1013.00"
"Total Pulses","Himachal Pradesh","Rabi","0.12","0.13","0.14","0.13","","0.29","0.32","0.33","0.32","","2410.00","2398.00","2395.00","2399.00",""
"Total Pulses","Himachal Pradesh","Total","0.40","0.29","0.29","0.30","0.15","0.75","0.49","0.49","0.52","0.15","1876.00","1686.00","1678.00","1739.00","1013.00"
"Total Pulses","Jammu And Kashmir","Kharif","0.13","0.17","0.31","0.31","","0.08","0.09","0.13","0.14","","626.00","514.00","430.00","440.00",""
"Total Pulses","Jammu And Kashmir","Rabi","0.02","0.01","0.01","0.01","","0.01","0.01","0.01","0.01","","750.00","816.00","814.00","814.00",""
"Total Pulses","Jammu And Kashmir","Total","0.15","0.18","0.32","0.32","","0.10","0.10","0.14","0.15","","639.00","532.00","443.00","453.00",""
"Total Pulses","Jharkhand","Kharif","4.45","3.49","3.43","4.11","2.79","4.48","3.48","3.57","4.20","2.83","1007.00","999.00","1040.00","1023.00","1014.00"
"Total Pulses","Jharkhand","Rabi","4.10","3.79","3.66","4.88","","4.50","4.13","4.07","5.43","","1097.00","1089.00","1114.00","1113.00",""
"Total Pulses","Jharkhand","Total","8.55","7.28","7.09","8.99","2.79","8.98","7.61","7.64","9.63","2.83","1050.00","1046.00","1078.00","1072.00","1014.00"
"Total Pulses","Karnataka","Kharif","23.02","18.78","18.46","25.86","20.30","13.80","11.25","12.12","13.97","12.00","600.00","599.00","656.00","540.00","591.00"
"Total Pulses","Karnataka","Rabi","8.85","9.48","7.63","8.22","","5.91","6.31","4.57","4.90","","668.00","666.00","599.00","596.00",""
"Total Pulses","Karnataka","Total","31.87","28.26","26.09","34.08","20.30","19.72","17.57","16.69","18.87","12.00","619.00","622.00","640.00","554.00","591.00"
"Total Pulses","Kerala","Kharif","0.00","0.00","0.01","0.00","0.00","0.00","0.00","0.01","0.00","0.00","1654.00","1655.00","1422.00","1519.00","1470.00"
"Total Pulses","Kerala","Rabi","0.01","0.01","0.01","0.01","","0.01","0.01","0.01","0.01","","929.00","1075.00","1137.00","621.00",""
"Total Pulses","Kerala","Summer","","0.00","0.00","0.00","","","0.00","0.00","0.00","","","693.00","831.00","766.00",""
"Total Pulses","Kerala","Total","0.01","0.02","0.02","0.01","0.00","0.01","0.02","0.02","0.01","0.00","1022.00","1038.00","1171.00","798.00","1470.00"
"Total Pulses","Ladakh","Kharif","0.01","0.01","0.01","0.01","","0.01","0.01","0.01","0.01","","900.00","798.00","798.00","848.00",""
"Total Pulses","Ladakh","Rabi","0.00","0.00","0.00","","","0.00","0.00","0.00","","","0.00","977.00","977.00","",""
"Total Pulses","Ladakh","Total","0.01","0.01","0.01","0.01","","0.01","0.01","0.01","0.01","","900.00","812.00","812.00","848.00",""
"Total Pulses","Lakshadweep","Kharif","0.00","","","","","0.00","","","","","0.00","","","",""
"Total Pulses","Lakshadweep","Rabi","0.00","","","","","0.00","","","","","0.00","","","",""
"Total Pulses","Lakshadweep","Total","0.00","","","","","0.00","","","","","0.00","","","",""
"Total Pulses","Madhya Pradesh","Kharif","18.49","14.52","9.78","6.19","4.00","10.00","9.19","6.54","3.86","2.58","541.00","633.00","669.00","624.00","644.00"
"Total Pulses","Madhya Pradesh","Rabi","34.96","28.95","29.54","22.49","","46.94","38.70","38.65","29.38","","1343.00","1337.00","1308.00","1306.00",""
"Total Pulses","Madhya Pradesh","Summer","","12.75","11.97","15.71","","","14.78","14.56","19.14","","","1159.00","1216.00","1218.00",""
"Total Pulses","Madhya Pradesh","Total","53.45","56.22","51.29","44.39","4.00","56.95","62.67","59.74","52.38","2.58","1065.00","1115.00","1165.00","1180.00","644.00"
"Total Pulses","Maharashtra","Kharif","22.28","18.84","16.19","19.28","18.57","18.57","13.85","11.16","19.87","17.17","834.00","735.00","689.00","1030.00","925.00"
"Total Pulses","Maharashtra","Rabi","28.65","31.05","27.98","30.36","","31.67","32.49","28.88","30.44","","1105.00","1047.00","1032.00","1002.00",""
"Total Pulses","Maharashtra","Summer","","0.05","0.15","0.23","","","0.01","0.03","0.05","","","211.00","200.00","218.00",""
"Total Pulses","Maharashtra","Total","50.93","49.94","44.32","49.87","18.57","50.24","46.35","40.08","50.35","17.17","986.00","928.00","904.00","1010.00","925.00"
"Total Pulses","Manipur","Kharif","0.05","0.04","0.04","0.03","","0.05","0.04","0.03","0.03","","956.00","986.00","881.00","1002.00",""
"Total Pulses","Manipur","Rabi","0.29","0.28","0.27","0.18","","0.27","0.27","0.27","0.19","","937.00","985.00","982.00","1068.00",""
"Total Pulses","Manipur","Summer","","0.00","0.00","","","","0.00","0.00","","","","1000.00","900.00","",""
"Total Pulses","Manipur","Total","0.33","0.32","0.31","0.21","","0.31","0.32","0.30","0.22","","940.00","985.00","969.00","1058.00",""
"Total Pulses","Meghalaya","Kharif","0.01","0.01","0.01","0.01","","0.02","0.02","0.02","0.02","","1305.00","1305.00","1305.00","1305.00",""
"Total Pulses","Meghalaya","Rabi","0.07","0.07","0.07","0.07","","0.11","0.11","0.11","0.11","","1471.00","1496.00","1496.00","1496.00",""
"Total Pulses","Meghalaya","Total","0.08","0.09","0.09","0.09","","0.12","0.12","0.12","0.12","","1448.00","1468.00","1469.00","1469.00",""
"Total Pulses","Mizoram","Kharif","0.02","0.02","0.01","0.01","","0.03","0.02","0.02","0.01","","1365.00","1177.00","1449.00","735.00",""
"Total Pulses","Mizoram","Rabi","0.02","0.02","0.02","0.01","","0.03","0.02","0.03","0.01","","1463.00","1265.00","1660.00","876.00",""
"Total Pulses","Mizoram","Total","0.04","0.04","0.03","0.02","","0.06","0.05","0.04","0.02","","1415.00","1223.00","1567.00","808.00",""
"Total Pulses","Nagaland","Kharif","0.14","0.18","0.18","0.19","","0.16","0.22","0.22","0.23","","1165.00","1193.00","1220.00","1234.00",""
"Total Pulses","Nagaland","Rabi","0.12","0.14","0.15","0.15","","0.14","0.17","0.17","0.18","","1162.00","1150.00","1178.00","1174.00",""
"Total Pulses","Nagaland","Total","0.26","0.33","0.32","0.34","","0.30","0.39","0.39","0.41","","1164.00","1174.00","1201.00","1207.00",""
"Total Pulses","Odisha","Kharif","4.78","4.86","5.19","2.55","4.93","2.77","2.91","3.11","1.75","3.43","580.00","599.00","599.00","686.00","696.00"
"Total Pulses","Odisha","Rabi","3.92","2.16","2.16","2.65","","2.04","1.36","1.36","2.15","","520.00","628.00","629.00","809.00",""
"Total Pulses","Odisha","Summer","","1.63","2.31","2.63","","","0.69","1.00","1.27","","","422.00","434.00","480.00",""
"Total Pulses","Odisha","Total","8.71","8.65","9.66","7.84","4.93","4.81","4.95","5.47","5.16","3.43","553.00","573.00","566.00","659.00","696.00"
"Total Pulses","Puducherry","Kharif","0.00","0.00","0.00","0.00","","0.00","0.00","0.00","0.00","","1000.00","952.00","1097.00","1150.00",""
"Total Pulses","Puducherry","Rabi","0.01","0.01","0.01","0.00","","0.01","0.00","0.01","0.00","","474.00","742.00","1010.00","1080.00",""
"Total Pulses","Puducherry","Summer","","0.01","0.00","0.01","","","0.00","0.00","0.00","","","550.00","311.00","147.00",""
"Total Pulses","Puducherry","Total","0.01","0.01","0.01","0.01","","0.01","0.01","0.01","0.01","","476.00","626.00","716.00","515.00",""
"Total Pulses","Punjab","Kharif","0.05","0.06","0.06","0.06","0.01","0.04","0.05","0.05","0.04","0.01","803.00","768.00","888.00","770.00","854.00"
"Total Pulses","Punjab","Rabi","0.58","0.05","0.02","0.02","","0.72","0.05","0.02","0.02","","1250.00","1034.00","1193.00","1143.00",""
"Total Pulses","Punjab","Summer","","0.21","0.68","0.30","","","0.23","0.62","0.27","","","1080.00","911.00","914.00",""
"Total Pulses","Punjab","Total","0.63","0.32","0.75","0.37","0.01","0.76","0.33","0.69","0.34","0.01","1213.00","1012.00","916.00","903.00","854.00"
"Total Pulses","Rajasthan","Kharif","41.23","35.23","36.47","37.09","36.64","13.08","17.46","13.41","18.43","18.82","317.00","496.00","368.00","497.00","514.00"
"Total Pulses","Rajasthan","Rabi","23.34","19.73","18.17","16.93","","27.45","18.68","19.89","20.81","","1176.00","947.00","1095.00","1229.00",""
"Total Pulses","Rajasthan","Summer","","0.02","0.03","0.04","","","0.03","0.04","0.04","","","1337.00","1320.00","1084.00",""
"Total Pulses","Rajasthan","Total","64.57","54.98","54.67","54.06","36.64","40.53","36.17","33.35","39.28","18.82","628.00","658.00","610.00","727.00","514.00"
"Total Pulses","Sikkim","Kharif","0.03","0.03","0.05","0.05","","0.03","0.03","0.05","0.05","","943.00","944.00","974.00","974.00",""
"Total Pulses","Sikkim","Rabi","0.02","0.02","","","","0.02","0.02","","","","998.00","998.00","","",""
"Total Pulses","Sikkim","Total","0.05","0.05","0.05","0.05","","0.05","0.05","0.05","0.05","","968.00","969.00","974.00","974.00",""
"Total Pulses","Tamil Nadu","Kharif","1.84","1.77","1.66","1.88","1.44","1.51","1.49","1.29","1.14","1.16","816.00","841.00","776.00","604.00","809.00"
"Total Pulses","Tamil Nadu","Rabi","6.18","3.71","3.76","3.77","","3.48","2.38","1.92","1.93","","564.00","641.00","509.00","513.00",""
"Total Pulses","Tamil Nadu","Summer","","2.42","1.75","1.67","","","1.16","0.66","0.56","","","479.00","375.00","337.00",""
"Total Pulses","Tamil Nadu","Total","8.02","7.91","7.17","7.32","1.44","4.99","5.03","3.86","3.63","1.16","622.00","636.00","538.00","496.00","809.00"
"Total Pulses","Telangana","Kharif","3.70","2.69","2.08","2.53","2.33","2.79","2.29","1.66","2.27","1.96","754.00","852.00","796.00","897.00","842.00"
"Total Pulses","Telangana","Rabi","2.24","1.74","1.22","1.00","","2.97","2.68","1.96","1.72","","1325.00","1540.00","1604.00","1709.00",""
"Total Pulses","Telangana","Total","5.94","4.43","3.30","3.54","2.33","5.76","4.97","3.61","3.99","1.96","970.00","1122.00","1094.00","1128.00","842.00"
"Total Pulses","Tripura","Kharif","0.14","0.11","0.11","0.11","","0.11","0.09","0.09","0.09","","747.00","803.00","803.00","812.00",""
"Total Pulses","Tripura","Rabi","0.09","0.09","0.09","0.10","","0.08","0.08","0.08","0.09","","806.00","864.00","864.00","880.00",""
"Total Pulses","Tripura","Summer","","0.00","0.00","0.00","","","0.00","0.00","0.00","","","843.00","843.00","753.00",""
"Total Pulses","Tripura","Total","0.24","0.21","0.21","0.21","","0.18","0.17","0.17","0.18","","770.00","831.00","831.00","843.00",""
"Total Pulses","Uttar Pradesh","Kharif","8.42","9.50","11.78","5.18","6.48","6.24","6.17","8.54","3.71","5.36","741.00","650.00","725.00","716.00","827.00"
"Total Pulses","Uttar Pradesh","Rabi","15.87","16.86","17.27","15.22","","19.95","21.30","21.48","19.69","","1257.00","1264.00","1244.00","1294.00",""
"Total Pulses","Uttar Pradesh","Summer","","1.20","1.38","3.01","","","0.95","1.12","2.91","","","791.00","811.00","967.00",""
"Total Pulses","Uttar Pradesh","Total","24.29","27.56","30.43","23.41","6.48","26.20","28.43","31.15","26.31","5.36","1078.00","1031.00","1024.00","1124.00","827.00"
"Total Pulses","Uttarakhand","Kharif","0.43","0.41","0.39","0.39","0.39","0.50","0.42","0.39","0.40","0.36","1159.00","1026.00","990.00","1018.00","929.00"
"Total Pulses","Uttarakhand","Rabi","0.16","0.21","0.16","0.10","","0.14","0.19","0.13","0.08","","854.00","926.00","831.00","813.00",""
"Total Pulses","Uttarakhand","Summer","","","0.00","0.00","","","","0.00","0.00","","","","1022.00","881.00",""
"Total Pulses","Uttarakhand","Total","0.59","0.62","0.55","0.49","0.39","0.64","0.62","0.52","0.48","0.36","1076.00","992.00","945.00","977.00","929.00"
"Total Pulses","West Bengal","Kharif","0.73","0.73","0.70","0.69","0.49","0.52","0.54","0.53","0.52","0.43","707.00","742.00","754.00","756.00","867.00"
"Total Pulses","West Bengal","Rabi","3.76","3.15","3.09","3.00","","3.38","3.44","3.25","3.13","","900.00","1092.00","1050.00","1043.00",""
"Total Pulses","West Bengal","Summer","","0.69","0.63","0.64","","","0.52","0.56","0.57","","","755.00","880.00","880.00",""
"Total Pulses","West Bengal","Total","4.49","4.57","4.42","4.33","0.49","3.90","4.51","4.33","4.22","0.43","868.00","986.00","979.00","973.00","867.00"
"Total Pulses","Others","Kharif","","","","","0.79","","","","","0.64","","","","","806.00"
"Total Pulses","Others","Total","","","","","0.79","","","","","0.64","","","","","806.00"
"Total Pulses","All India","Kharif","141.19","120.95","116.25","116.06","109.35","82.35","76.21","69.74","77.33","74.13","583.00","630.00","600.00","666.00","678.00"
"Total Pulses","All India","Rabi","166.12","146.33","137.39","134.08","","190.67","163.58","151.97","152.32","","1148.00","1118.00","1106.00","1136.00",""
"Total Pulses","All India","Summer","","21.73","21.41","27.07","","","20.79","20.75","27.18","","","957.00","969.00","1004.00",""
"Total Pulses","All India","Total","307.31","289.01","275.05","277.20","109.35","273.02","260.58","242.46","256.83","74.13","888.00","902.00","881.00","926.00","678.00"
"Total Food Grains","Andaman And Nicobar Islands","Kharif","0.06","0.05","0.05","0.04","","0.13","0.11","0.10","0.09","","2136.00","1998.00","2101.00","2060.00",""
"Total Food Grains","Andaman And Nicobar Islands","Rabi","0.01","0.00","0.01","0.01","","0.00","0.00","0.00","0.00","","407.00","370.00","359.00","378.00",""
"Total Food Grains","Andaman And Nicobar Islands","Total","0.07","0.06","0.05","0.05","","0.14","0.11","0.10","0.09","","1976.00","1938.00","1848.00","1803.00",""
"Total Food Grains","Andhra Pradesh","Kharif","20.23","19.42","18.32","20.54","20.16","49.78","57.48","54.90","60.21","61.45","2461.00","2960.00","2996.00","2931.00","3048.00"
"Total Food Grains","Andhra Pradesh","Rabi","19.87","17.34","14.88","16.55","","60.98","63.93","49.16","56.92","","3069.00","3687.00","3305.00","3439.00",""
"Total Food Grains","Andhra Pradesh","Summer","","0.04","0.03","0.04","","","0.08","0.06","0.09","","","2027.00","2108.00","2241.00",""
"Total Food Grains","Andhra Pradesh","Total","40.10","36.80","33.23","37.13","20.16","110.77","121.49","104.13","117.22","61.45","2762.00","3301.00","3134.00","3157.00","3048.00"
"Total Food Grains","Arunachal Pradesh","Kharif","2.13","2.14","2.15","2.17","","3.52","3.56","3.57","3.60","","1656.00","1660.00","1662.00","1658.00",""
"Total Food Grains","Arunachal Pradesh","Rabi","0.23","0.23","0.23","0.21","","0.36","0.37","0.36","0.33","","1585.00","1618.00","1566.00","1594.00",""
"Total Food Grains","Arunachal Pradesh","Total","2.35","2.37","2.37","2.38","","3.88","3.93","3.92","3.93","","1649.00","1656.00","1653.00","1653.00",""
"Total Food Grains","Assam","Kharif","20.37","20.07","20.32","18.69","19.12","37.16","47.21","46.39","38.86","40.92","1825.00","2352.00","2283.00","2080.00","2140.00"
"Total Food Grains","Assam","Rabi","5.18","1.47","2.11","2.17","","9.61","1.18","4.44","4.86","","1857.00","804.00","2105.00","2240.00",""
"Total Food Grains","Assam","Summer","","3.75","3.95","4.06","","","11.06","11.77","11.61","","","2949.00","2982.00","2858.00",""
"Total Food Grains","Assam","Total","25.55","25.29","26.37","24.92","19.12","46.78","59.45","62.59","55.33","40.92","1831.00","2351.00","2374.00","2221.00","2140.00"
"Total Food Grains","Bihar","Kharif","32.55","30.30","33.08","34.21","34.65","78.55","73.66","83.64","87.59","88.20","2413.00","2431.00","2529.00","2560.00","2546.00"
"Total Food Grains","Bihar","Rabi","31.89","28.56","31.18","30.92","","91.63","96.81","114.80","115.32","","2873.00","3389.00","3682.00","3729.00",""
"Total Food Grains","Bihar","Summer","","3.72","4.00","3.72","","","12.95","13.57","10.82","","","3479.00","3390.00","2911.00",""
"Total Food Grains","Bihar","Total","64.44","62.59","68.26","68.86","34.65","170.18","183.43","212.01","213.73","88.20","2641.00","2931.00","3106.00","3104.00","2546.00"
"Total Food Grains","Chandigarh","Kharif","0.00","0.00","0.00","0.00","","0.00","0.00","0.00","0.00","","5240.00","3843.00","4768.00","3596.00",""
"Total Food Grains","Chandigarh","Rabi","0.01","0.01","0.01","0.01","","0.03","0.03","0.03","0.03","","5000.00","4696.00","5000.00","5000.00",""
"Total Food Grains","Chandigarh","Total","0.01","0.01","0.01","0.01","","0.03","0.03","0.03","0.03","","5034.00","4579.00","4966.00","4794.00",""
"Total Food Grains","Chhattisgarh","Kharif","40.85","40.71","40.95","41.63","39.05","85.05","102.91","101.26","107.98","93.86","2082.00","2528.00","2473.00","2594.00","2404.00"
"Total Food Grains","Chhattisgarh","Rabi","6.76","6.27","5.60","5.62","","5.19","6.03","4.93","5.86","","767.00","961.00","881.00","1042.00",""
"Total Food Grains","Chhattisgarh","Total","47.61","46.98","46.55","47.25","39.05","90.24","108.93","106.19","113.84","93.86","1895.00","2319.00","2281.00","2409.00","2404.00"
"Total Food Grains","Dadra And Nagar Haveli","Kharif","0.17","0.19","0.19","0.17","","0.34","0.38","0.38","0.35","","2049.00","2039.00","2036.00","2033.00",""
"Total Food Grains","Dadra And Nagar Haveli","Rabi","0.00","","","","","0.00","","","","","0.00","","","",""
"Total Food Grains","Dadra And Nagar Haveli","Total","0.17","0.19","0.19","0.17","","0.34","0.38","0.38","0.35","","2049.00","2039.00","2036.00","2033.00",""
"Total Food Grains","Daman And Diu","Kharif","0.02","","","","","0.04","","","","","1832.00","","","",""
"Total Food Grains","Daman And Diu","Rabi","0.00","","","","","0.00","","","","","0.00","","","",""
"Total Food Grains","Daman And Diu","Total","0.02","","","","","0.04","","","","","1832.00","","","",""
"Total Food Grains","Delhi","Kharif","0.10","0.10","0.10","0.10","","0.26","0.25","0.25","0.26","","2464.00","2483.00","2483.00","2468.00",""
"Total Food Grains","Delhi","Rabi","0.18","0.17","0.17","0.17","","0.82","0.81","0.80","0.80","","4498.00","4648.00","4648.00","4643.00",""
"Total Food Grains","Delhi","Total","0.29","0.27","0.27","0.28","","1.07","1.06","1.05","1.06","","3757.00","3854.00","3860.00","3830.00",""
"Total Food Grains","Goa","Kharif","0.23","0.23","0.23","0.24","","0.66","0.63","0.68","0.52","","2816.00","2789.00","2890.00","2171.00",""
"Total Food Grains","Goa","Rabi","0.13","0.13","0.13","0.13","","0.28","0.29","0.31","0.28","","2167.00","2281.00","2382.00","2251.00",""
"Total Food Grains","Goa","Total","0.36","0.35","0.36","0.36","","0.93","0.92","0.99","0.80","","2585.00","2607.00","2710.00","2198.00",""
"Total Food Grains","Gujarat","Kharif","21.28","18.12","17.84","16.92","16.62","40.55","34.89","34.84","31.75","32.93","1905.00","1925.00","1953.00","1876.00","1982.00"
"Total Food Grains","Gujarat","Rabi","24.67","19.92","20.53","23.51","","60.75","50.90","52.35","58.72","","2463.00","2555.00","2550.00","2497.00",""
"Total Food Grains","Gujarat","Summer","","4.72","4.93","5.54","","","12.96","13.26","14.29","","","2745.00","2693.00","2578.00",""
"Total Food Grains","Gujarat","Total","45.95","42.77","43.30","45.98","16.62","101.31","98.75","100.45","104.76","32.93","2205.00","2309.00","2320.00","2278.00","1982.00"
"Total Food Grains","Haryana","Kharif","18.74","21.09","21.44","22.48","23.15","58.20","63.55","71.84","74.00","77.77","3105.00","3013.00","3351.00","3292.00","3360.00"
"Total Food Grains","Haryana","Rabi","23.51","23.68","23.94","24.26","","105.09","110.05","112.50","114.94","","4470.00","4647.00","4698.00","4737.00",""
"Total Food Grains","Haryana","Summer","","0.45","0.06","0.09","","","0.34","0.05","0.08","","","749.00","780.00","936.00",""
"Total Food Grains","Haryana","Total","42.26","45.22","45.44","46.83","23.15","163.30","173.93","184.39","189.02","77.77","3864.00","3846.00","4058.00","4036.00","3360.00"
"Total Food Grains","Himachal Pradesh","Kharif","3.61","3.41","3.41","3.49","3.47","9.98","8.27","7.99","8.57","8.37","2766.00","2423.00","2341.00","2454.00","2409.00"
"Total Food Grains","Himachal Pradesh","Rabi","3.50","3.50","3.47","3.37","","6.09","6.52","8.48","7.11","","1739.00","1860.00","2443.00","2110.00",""
"Total Food Grains","Himachal Pradesh","Total","7.11","6.92","6.89","6.86","3.47","16.07","14.79","16.48","15.68","8.37","2260.00","2138.00","2392.00","2285.00","2409.00"
"Total Food Grains","Jammu And Kashmir","Kharif","5.86","5.86","5.97","5.97","","10.88","11.71","12.53","12.53","","1859.00","1998.00","2099.00","2098.00",""
"Total Food Grains","Jammu And Kashmir","Rabi","2.91","2.92","2.92","2.92","","5.90","5.92","5.92","5.92","","2024.00","2024.00","2024.00","2024.00",""
"Total Food Grains","Jammu And Kashmir","Total","8.77","8.78","8.89","8.90","","16.78","17.63","18.45","18.45","","1914.00","2007.00","2074.00","2074.00",""
"Total Food Grains","Jharkhand","Kharif","21.84","14.31","17.35","21.97","22.11","40.04","22.64","24.49","39.15","39.37","1833.00","1583.00","1411.00","1782.00","1780.00"
"Total Food Grains","Jharkhand","Rabi","6.50","6.14","6.04","7.52","","9.98","9.01","9.09","11.27","","1536.00","1468.00","1506.00","1498.00",""
"Total Food Grains","Jharkhand","Total","28.33","20.45","23.39","29.49","22.11","50.01","31.66","33.58","50.42","39.37","1765.00","1548.00","1436.00","1710.00","1780.00"
"Total Food Grains","Karnataka","Kharif","58.06","53.92","54.87","62.14","55.88","104.64","103.39","101.17","111.70","108.80","1802.00","1917.00","1844.00","1798.00","1947.00"
"Total Food Grains","Karnataka","Rabi","21.74","19.74","18.88","18.34","","33.13","26.86","23.41","23.72","","1524.00","1361.00","1240.00","1294.00",""
"Total Food Grains","Karnataka","Summer","","3.73","0.96","3.15","","","11.56","3.19","10.88","","","3099.00","3321.00","3455.00",""
"Total Food Grains","Karnataka","Total","79.80","77.39","74.71","83.63","55.88","137.77","141.81","127.77","146.31","108.80","1726.00","1832.00","1710.00","1749.00","1947.00"
"Total Food Grains","Kerala","Kharif","1.51","0.51","0.46","0.42","0.37","3.42","1.38","1.18","1.11","1.06","2272.00","2710.00","2544.00","2641.00","2895.00"
"Total Food Grains","Kerala","Rabi","0.47","0.73","0.74","0.70","","1.47","2.26","1.97","2.10","","3128.00","3119.00","2679.00","3017.00",""
"Total Food Grains","Kerala","Summer","","0.70","0.64","0.67","","","2.34","1.87","1.97","","","3336.00","2927.00","2957.00",""
"Total Food Grains","Kerala","Total","1.98","1.94","1.84","1.78","0.37","4.89","5.98","5.02","5.18","1.06","2475.00","3090.00","2731.00","2906.00","2895.00"
"Total Food Grains","Ladakh","Kharif","0.01","0.01","0.01","0.01","","0.01","0.01","0.01","0.01","","900.00","798.00","798.00","821.00",""
"Total Food Grains","Ladakh","Rabi","0.14","0.15","0.15","0.14","","0.29","0.24","0.24","0.28","","2016.00","1645.00","1645.00","1934.00",""
"Total Food Grains","Ladakh","Total","0.16","0.16","0.16","0.16","","0.30","0.25","0.25","0.29","","1929.00","1583.00","1583.00","1837.00",""
"Total Food Grains","Lakshadweep","Kharif","0.00","","","","","0.00","","","","","0.00","","","",""
"Total Food Grains","Lakshadweep","Rabi","0.00","","","","","0.00","","","","","0.00","","","",""
"Total Food Grains","Lakshadweep","Total","0.00","","","","","0.00","","","","","0.00","","","",""
"Total Food Grains","Madhya Pradesh","Kharif","59.13","69.19","65.63","70.09","77.93","116.04","138.16","133.41","162.10","185.84","1962.00","1997.00","2033.00","2313.00","2385.00"
"Total Food Grains","Madhya Pradesh","Rabi","100.12","100.69","104.70","102.97","","277.04","266.38","264.79","284.82","","2767.00","2646.00","2529.00","2766.00",""
"Total Food Grains","Madhya Pradesh","Summer","","12.75","12.50","15.77","","","14.78","16.49","19.40","","","1159.00","1319.00","1230.00",""
"Total Food Grains","Madhya Pradesh","Total","159.25","182.63","182.83","188.83","77.93","393.08","419.32","414.68","466.31","185.84","2468.00","2296.00","2268.00","2470.00","2385.00"
"Total Food Grains","Maharashtra","Kharif","56.06","49.93","46.60","51.95","52.35","82.47","82.38","64.73","95.33","101.51","1471.00","1650.00","1389.00","1835.00","1939.00"
"Total Food Grains","Maharashtra","Rabi","59.79","60.76","57.92","61.95","","84.09","79.38","74.26","82.23","","1406.00","1306.00","1282.00","1327.00",""
"Total Food Grains","Maharashtra","Summer","","2.41","3.17","3.46","","","5.50","6.09","7.13","","","2281.00","1920.00","2059.00",""
"Total Food Grains","Maharashtra","Total","115.85","113.11","107.70","117.35","52.35","166.56","167.26","145.09","184.69","101.51","1438.00","1479.00","1347.00","1574.00","1939.00"
"Total Food Grains","Manipur","Kharif","0.25","0.10","0.09","1.75","","0.55","0.22","0.20","4.04","","2176.00","2207.00","2147.00","2307.00",""
"Total Food Grains","Manipur","Rabi","2.33","0.37","0.37","0.27","","6.00","0.50","0.48","0.40","","2578.00","1340.00","1321.00","1454.00",""
"Total Food Grains","Manipur","Summer","","1.99","1.82","0.15","","","3.71","3.69","0.56","","","1865.00","2032.00","3780.00",""
"Total Food Grains","Manipur","Total","2.58","2.46","2.28","2.17","","6.55","4.43","4.38","4.99","","2539.00","1799.00","1923.00","2300.00",""
"Total Food Grains","Meghalaya","Kharif","1.17","1.19","1.19","1.19","","2.80","2.71","2.56","2.71","","2394.00","2275.00","2152.00","2275.00",""
"Total Food Grains","Meghalaya","Rabi","0.21","0.20","0.20","0.20","","0.75","0.68","0.68","0.68","","3504.00","3412.00","3413.00","3413.00",""
"Total Food Grains","Meghalaya","Total","1.38","1.39","1.39","1.39","","3.55","3.39","3.25","3.39","","2564.00","2439.00","2334.00","2439.00",""
"Total Food Grains","Mizoram","Kharif","0.43","0.46","0.31","0.26","","0.73","0.59","0.50","0.43","","1720.00","1269.00","1598.00","1678.00",""
"Total Food Grains","Mizoram","Rabi","0.03","0.03","0.03","0.02","","0.05","0.04","0.05","0.03","","1557.00","1434.00","1853.00","1569.00",""
"Total Food Grains","Mizoram","Total","0.46","0.49","0.34","0.28","","0.78","0.63","0.55","0.47","","1709.00","1279.00","1618.00","1670.00",""
"Total Food Grains","Nagaland","Kharif","1.84","2.78","2.83","2.73","","2.35","4.78","4.84","4.63","","1282.00","1719.00","1710.00","1694.00",""
"Total Food Grains","Nagaland","Rabi","0.14","0.24","0.24","0.22","","0.18","0.36","0.35","0.31","","1265.00","1478.00","1482.00","1412.00",""
"Total Food Grains","Nagaland","Total","1.98","3.02","3.07","2.95","","2.53","5.14","5.19","4.94","","1281.00","1700.00","1692.00","1673.00",""
"Total Food Grains","Odisha","Kharif","43.27","43.89","44.18","38.53","42.72","87.75","76.92","79.73","86.21","91.65","2028.00","1753.00","1805.00","2237.00","2145.00"
"Total Food Grains","Odisha","Rabi","6.96","2.16","2.16","2.66","","13.51","1.36","1.36","2.15","","1942.00","629.00","630.00","810.00",""
"Total Food Grains","Odisha","Summer","","5.01","6.11","6.94","","","12.45","13.23","15.61","","","2483.00","2167.00","2249.00",""
"Total Food Grains","Odisha","Total","50.22","51.06","52.45","48.13","42.72","101.25","90.73","94.32","103.97","91.65","2016.00","1777.00","1798.00","2160.00","2145.00"
"Total Food Grains","Puducherry","Kharif","0.04","0.04","0.04","0.03","","0.13","0.14","0.13","0.09","","2941.00","3279.00","3122.00","2773.00",""
"Total Food Grains","Puducherry","Rabi","0.16","0.11","0.11","0.09","","0.45","0.33","0.33","0.23","","2821.00","3024.00","3019.00","2457.00",""
"Total Food Grains","Puducherry","Summer","","0.06","0.06","0.05","","","0.19","0.16","0.15","","","3191.00","2873.00","2851.00",""
"Total Food Grains","Puducherry","Total","0.20","0.21","0.21","0.18","","0.58","0.66","0.63","0.48","","2847.00","3124.00","3001.00","2632.00",""
"Total Food Grains","Punjab","Kharif","30.81","31.98","32.80","33.36","33.45","133.04","134.06","147.24","147.37","140.66","4319.00","4191.00","4489.00","4417.00","4205.00"
"Total Food Grains","Punjab","Rabi","35.88","35.45","35.23","35.19","","149.49","168.07","177.59","180.14","","4167.00","4742.00","5041.00","5119.00",""
"Total Food Grains","Punjab","Summer","","0.21","0.68","0.30","","","0.23","0.62","0.27","","","1080.00","911.00","914.00",""
"Total Food Grains","Punjab","Total","66.68","67.64","68.70","68.85","33.45","282.52","302.36","325.44","327.78","140.66","4237.00","4470.00","4737.00","4761.00","4205.00"
"Total Food Grains","Rajasthan","Kharif","96.18","98.83","95.46","100.31","98.51","80.22","100.46","89.90","107.41","104.03","834.00","1016.00","942.00","1071.00","1056.00"
"Total Food Grains","Rajasthan","Rabi","51.30","51.14","48.58","52.27","","136.41","137.17","128.31","147.78","","2659.00","2682.00","2641.00","2827.00",""
"Total Food Grains","Rajasthan","Summer","","0.30","0.34","0.34","","","0.46","0.50","0.53","","","1569.00","1455.00","1537.00",""
"Total Food Grains","Rajasthan","Total","147.48","150.26","144.39","152.92","98.51","216.63","238.09","218.72","255.72","104.03","1469.00","1584.00","1515.00","1672.00","1056.00"
"Total Food Grains","Sikkim","Kharif","0.52","0.49","0.43","0.43","","0.89","0.80","0.68","0.68","","1713.00","1643.00","1580.00","1580.00",""
"Total Food Grains","Sikkim","Rabi","0.03","0.03","0.00","0.00","","0.03","0.03","0.00","0.00","","1004.00","1022.00","1175.00","1175.00",""
"Total Food Grains","Sikkim","Total","0.54","0.52","0.43","0.43","","0.91","0.83","0.69","0.69","","1680.00","1610.00","1577.00","1577.00",""
"Total Food Grains","Tamil Nadu","Kharif","27.53","13.76","13.71","13.61","13.64","94.24","48.52","45.03","43.04","48.94","3424.00","3526.00","3285.00","3161.00","3587.00"
"Total Food Grains","Tamil Nadu","Rabi","12.21","20.09","19.31","20.37","","25.74","57.79","50.64","54.74","","2107.00","2876.00","2623.00","2688.00",""
"Total Food Grains","Tamil Nadu","Summer","","4.81","4.68","4.55","","","10.49","11.32","11.48","","","2180.00","2421.00","2522.00",""
"Total Food Grains","Tamil Nadu","Total","39.74","38.66","37.69","38.53","13.64","119.98","116.80","107.00","109.26","48.94","3019.00","3021.00","2839.00","2835.00","3587.00"
"Total Food Grains","Telangana","Kharif","30.53","30.81","30.15","29.78","31.77","94.46","102.82","104.76","103.25","109.98","3094.00","3338.00","3474.00","3467.00","3462.00"
"Total Food Grains","Telangana","Rabi","16.89","26.16","26.08","29.41","","59.03","90.93","98.01","113.10","","3495.00","3476.00","3758.00","3845.00",""
"Total Food Grains","Telangana","Total","47.42","56.96","56.23","59.19","31.77","153.49","193.75","202.76","216.35","109.98","3237.00","3401.00","3606.00","3655.00","3462.00"
"Total Food Grains","Tripura","Kharif","2.21","2.03","2.03","1.86","","6.24","6.09","6.09","5.23","","2821.00","3003.00","3003.00","2818.00",""
"Total Food Grains","Tripura","Rabi","0.80","0.76","0.76","0.76","","2.47","2.33","2.33","2.42","","3102.00","3081.00","3080.00","3193.00",""
"Total Food Grains","Tripura","Summer","","0.00","0.00","0.00","","","0.00","0.00","0.00","","","843.00","843.00","753.00",""
"Total Food Grains","Tripura","Total","3.01","2.78","2.78","2.61","","8.71","8.42","8.42","7.65","","2895.00","3023.00","3023.00","2926.00",""
"Total Food Grains","Uttar Pradesh","Kharif","82.92","88.04","90.97","90.98","93.13","195.00","208.02","212.50","233.64","235.26","2352.00","2363.00","2336.00","2568.00","2526.00"
"Total Food Grains","Uttar Pradesh","Rabi","112.55","114.08","114.44","113.28","","366.88","363.61","380.04","381.99","","3260.00","3187.00","3321.00","3372.00",""
"Total Food Grains","Uttar Pradesh","Summer","","2.01","4.24","9.54","","","3.46","10.31","22.85","","","1722.00","2433.00","2395.00",""
"Total Food Grains","Uttar Pradesh","Total","195.47","204.12","209.65","213.79","93.13","561.88","575.09","602.86","638.48","235.26","2875.00","2817.00","2876.00","2986.00","2526.00"
"Total Food Grains","Uttarakhand","Kharif","4.30","4.00","3.86","3.70","3.52","9.27","8.14","8.10","8.00","7.27","2155.00","2034.00","2099.00","2160.00","2069.00"
"Total Food Grains","Uttarakhand","Rabi","3.58","3.26","3.02","2.83","","9.98","8.79","9.07","8.85","","2786.00","2696.00","3005.00","3130.00",""
"Total Food Grains","Uttarakhand","Summer","","0.22","0.23","0.09","","","0.79","0.83","0.33","","","3518.00","3560.00","3769.00",""
"Total Food Grains","Uttarakhand","Total","7.88","7.48","7.11","6.62","3.52","19.24","17.71","18.00","17.17","7.27","2442.00","2367.00","2532.00","2596.00","2069.00"
"Total Food Grains","West Bengal","Kharif","44.17","38.99","39.36","43.39","43.60","124.23","110.28","112.07","112.18","120.28","2812.00","2828.00","2847.00","2586.00","2759.00"
"Total Food Grains","West Bengal","Rabi","22.06","6.63","7.00","6.86","","78.85","19.46","22.95","23.33","","3574.00","2936.00","3281.00","3399.00",""
"Total Food Grains","West Bengal","Summer","","15.08","15.15","15.93","","","57.99","58.23","62.99","","","3845.00","3842.00","3955.00",""
"Total Food Grains","West Bengal","Total","66.23","60.70","61.51","66.18","43.60","203.08","187.74","193.24","198.50","120.28","3066.00","3093.00","3141.00","2999.00","2759.00"
"Total Food Grains","Others","Kharif","","","","","16.95","","","","","35.15","","","","","2074.00"
"Total Food Grains","Others","Total","","","","","16.95","","","","","35.15","","","","","2074.00"
"Total Food Grains","All India","Kharif","728.96","706.96","706.39","735.16","742.15","1553.64","1557.11","1557.68","1694.60","1733.30","2131.00","2203.00","2205.00","2305.00","2336.00"
"Total Food Grains","All India","Rabi","572.72","553.10","551.11","565.91","","1602.52","1578.41","1600.06","1691.66","","2798.00","2854.00","2903.00","2989.00",""
"Total Food Grains","All India","Summer","","61.97","63.54","74.40","","","161.35","165.24","191.06","","","2603.00","2601.00","2568.00",""
"Total Food Grains","All India","Total","1301.69","1322.04","1321.04","1375.46","742.15","3156.16","3296.87","3322.98","3577.32","1733.30","2425.00","2494.00","2515.00","2601.00","2336.00"
"Groundnut","Andaman And Nicobar Islands","Kharif","0.00","0.00","","","","0.00","0.00","","","","545.00","600.00","","",""
"Groundnut","Andaman And Nicobar Islands","Rabi","0.00","","","","","0.00","","","","","0.00","","","",""
"Groundnut","Andaman And Nicobar Islands","Total","0.00","0.00","","","","0.00","0.00","","","","545.00","600.00","","",""
"Groundnut","Andhra Pradesh","Kharif","7.23","4.97","2.42","2.76","1.98","3.16","3.29","1.60","2.59","1.49","437.00","661.00","660.00","937.00","753.00"
"Groundnut","Andhra Pradesh","Rabi","1.02","0.97","0.70","0.52","","2.00","2.72","1.64","1.19","","1962.00","2807.00","2351.00","2284.00",""
"Groundnut","Andhra Pradesh","Total","8.25","5.94","3.11","3.28","1.98","5.16","6.01","3.23","3.77","1.49","626.00","1011.00","1038.00","1151.00","753.00"
"Groundnut","Arunachal Pradesh","Kharif","0.01","0.01","0.01","0.01","","0.01","0.01","0.01","0.01","","993.00","939.00","940.00","941.00",""
"Groundnut","Arunachal Pradesh","Rabi","0.00","","","","","0.00","","","","","0.00","","","",""
"Groundnut","Arunachal Pradesh","Total","0.01","0.01","0.01","0.01","","0.01","0.01","0.01","0.01","","993.00","939.00","940.00","941.00",""
"Groundnut","Assam","Kharif","","","","","","0.00","","","","","","","","",""
"Groundnut","Assam","Rabi","","","","","","0.00","","","","","","","","",""
"Groundnut","Assam","Total","","","","","","0.00","","","","","","","","",""
"Groundnut","Bihar","Kharif","0.01","0.01","0.01","0.01","0.01","0.01","0.01","0.01","0.01","0.01","1021.00","1021.00","1022.00","1133.00","1059.00"
"Groundnut","Bihar","Rabi","","","","","","0.00","","","","","","","","",""
"Groundnut","Bihar","Total","0.01","0.01","0.01","0.01","0.01","0.01","0.01","0.01","0.01","0.01","1021.00","1021.00","1022.00","1133.00","1059.00"
"Groundnut","Chandigarh","Kharif","0.00","","","","","0.00","","","","","0.00","","","",""
"Groundnut","Chandigarh","Rabi","0.00","","","","","0.00","","","","","0.00","","","",""
"Groundnut","Chandigarh","Total","0.00","","","","","0.00","","","","","0.00","","","",""
"Groundnut","Chhattisgarh","Kharif","0.22","0.23","0.20","0.15","0.21","0.38","0.34","0.32","0.17","0.29","1725.00","1499.00","1619.00","1112.00","1438.00"
"Groundnut","Chhattisgarh","Rabi","","","","","","0.00","","","","","","","","",""
"Groundnut","Chhattisgarh","Total","0.22","0.23","0.20","0.15","0.21","0.38","0.34","0.32","0.17","0.29","1725.00","1499.00","1619.00","1112.00","1438.00"
"Groundnut","Dadra And Nagar Haveli","Kharif","0.00","","","","","0.00","","","","","0.00","","","",""
"Groundnut","Dadra And Nagar Haveli","Rabi","0.00","","","","","0.00","","","","","0.00","","","",""
"Groundnut","Dadra And Nagar Haveli","Total","0.00","","","","","0.00","","","","","0.00","","","",""
"Groundnut","Daman And Diu","Kharif","0.00","","","","","0.00","","","","","0.00","","","",""
"Groundnut","Daman And Diu","Rabi","0.00","","","","","0.00","","","","","0.00","","","",""
"Groundnut","Daman And Diu","Total","0.00","","","","","0.00","","","","","0.00","","","",""
"Groundnut","Delhi","Kharif","0.00","","","","","0.00","","","","","0.00","","","",""
"Groundnut","Delhi","Rabi","0.00","","","","","0.00","","","","","0.00","","","",""
"Groundnut","Delhi","Total","0.00","","","","","0.00","","","","","0.00","","","",""
"Groundnut","Goa","Kharif","0.00","0.00","0.00","0.00","","0.00","0.00","0.00","0.00","","1750.00","2091.00","1833.00","1833.00",""
"Groundnut","Goa","Rabi","0.00","0.00","0.00","0.00","","0.00","0.00","0.00","0.00","","2040.00","1482.00","1556.00","1818.00",""
"Groundnut","Goa","Total","0.00","0.00","0.00","0.00","","0.00","0.00","0.00","0.00","","2025.00","1582.00","1584.00","1820.00",""
"Groundnut","Gujarat","Kharif","19.27","17.09","16.35","19.09","22.10","43.58","44.08","45.08","50.86","66.10","2262.00","2579.00","2757.00","2665.00","2991.00"
"Groundnut","Gujarat","Rabi","0.61","","","","","1.31","","","","","2162.00","","","",""
"Groundnut","Gujarat","Summer","","0.54","0.60","0.56","","","1.24","1.36","1.35","","","2295.00","2259.00","2393.00",""
"Groundnut","Gujarat","Total","19.88","17.63","16.95","19.65","22.10","44.90","45.31","46.44","52.21","66.10","2259.00","2570.00","2739.00","2657.00","2991.00"
"Groundnut","Haryana","Kharif","0.14","0.06","0.05","0.12","0.11","0.15","0.06","0.05","0.12","0.11","1044.00","1066.00","1066.00","1066.00","1066.00"
"Groundnut","Haryana","Rabi","","","","","","0.00","","","","","","","","",""
"Groundnut","Haryana","Total","0.14","0.06","0.05","0.12","0.11","0.15","0.06","0.05","0.12","0.11","1044.00","1066.00","1066.00","1066.00","1066.00"
"Groundnut","Himachal Pradesh","Kharif","0.00","0.00","0.00","0.00","0.00","0.00","0.00","0.00","0.00","0.00","957.00","950.00","950.00","950.00","952.00"
"Groundnut","Himachal Pradesh","Rabi","","","","","","0.00","","","","","","","","",""
"Groundnut","Himachal Pradesh","Total","0.00","0.00","0.00","0.00","0.00","0.00","0.00","0.00","0.00","0.00","957.00","950.00","950.00","950.00","952.00"
"Groundnut","Jammu And Kashmir","Kharif","0.00","","","","","0.00","","","","","0.00","","","",""
"Groundnut","Jammu And Kashmir","Rabi","","","","","","0.00","","","","","","","","",""
"Groundnut","Jammu And Kashmir","Total","0.00","","","","","0.00","","","","","0.00","","","",""
"Groundnut","Jharkhand","Kharif","0.26","0.22","0.24","0.25","0.18","0.30","0.26","0.29","0.31","0.25","1154.00","1167.00","1236.00","1219.00","1389.00"
"Groundnut","Jharkhand","Rabi","","","","","","0.00","","","","","","","","",""
"Groundnut","Jharkhand","Total","0.26","0.22","0.24","0.25","0.18","0.30","0.26","0.29","0.31","0.25","1154.00","1167.00","1236.00","1219.00","1389.00"
"Groundnut","Karnataka","Kharif","3.98","2.92","2.59","2.63","2.24","2.95","2.37","1.48","2.45","1.73","740.00","812.00","571.00","930.00","771.00"
"Groundnut","Karnataka","Rabi","1.78","1.47","1.00","1.13","","1.93","3.20","0.80","1.19","","1084.00","2180.00","800.00","1053.00",""
"Groundnut","Karnataka","Summer","","0.26","0.14","0.21","","","0.23","0.14","0.18","","","882.00","987.00","849.00",""
"Groundnut","Karnataka","Total","5.76","4.65","3.73","3.97","2.24","4.88","5.80","2.42","3.81","1.73","846.00","1248.00","648.00","961.00","771.00"
"Groundnut","Kerala","Kharif","0.00","0.00","0.00","0.00","0.00","0.00","0.00","0.00","0.00","0.00","1315.00","1387.00","1473.00","1378.00","1374.00"
"Groundnut","Kerala","Rabi","0.00","0.00","0.00","0.00","","0.00","0.00","0.00","0.00","","1323.00","1585.00","1528.00","1589.00",""
"Groundnut","Kerala","Summer","","0.00","0.00","0.00","","","0.00","0.00","0.00","","","2182.00","1085.00","1522.00",""
"Groundnut","Kerala","Total","0.00","0.00","0.00","0.00","0.00","0.00","0.00","0.00","0.00","0.00","1319.00","1540.00","1446.00","1497.00","1374.00"
"Groundnut","Ladakh","Kharif","0.00","","","","","0.00","","","","","0.00","","","",""
"Groundnut","Ladakh","Rabi","0.00","","","","","0.00","","","","","0.00","","","",""
"Groundnut","Ladakh","Total","0.00","","","","","0.00","","","","","0.00","","","",""
"Groundnut","Lakshadweep","Kharif","0.00","","","","","0.00","","","","","0.00","","","",""
"Groundnut","Lakshadweep","Rabi","0.00","","","","","0.00","","","","","0.00","","","",""
"Groundnut","Lakshadweep","Total","0.00","","","","","0.00","","","","","0.00","","","",""
"Groundnut","Madhya Pradesh","Kharif","3.87","3.86","4.68","7.00","4.38","6.67","7.39","9.66","15.47","9.68","1724.00","1916.00","2065.00","2210.00","2210.00"
"Groundnut","Madhya Pradesh","Rabi","0.03","","","","","0.04","","","","","1456.00","","","",""
"Groundnut","Madhya Pradesh","Summer","","0.03","0.11","0.03","","","0.04","0.16","0.04","","","1456.00","1459.00","1460.00",""
"Groundnut","Madhya Pradesh","Total","3.90","3.89","4.79","7.03","4.38","6.72","7.44","9.82","15.51","9.68","1722.00","1912.00","2051.00","2207.00","2210.00"
"Groundnut","Maharashtra","Kharif","2.32","1.61","1.45","1.50","1.34","2.69","1.91","1.56","2.19","1.78","1161.00","1189.00","1073.00","1457.00","1330.00"
"Groundnut","Maharashtra","Rabi","0.88","","","","","1.32","","","","","1502.00","","","",""
"Groundnut","Maharashtra","Summer","","0.49","0.81","1.00","","","0.76","1.29","1.44","","","1572.00","1585.00","1434.00",""
"Groundnut","Maharashtra","Total","3.20","2.09","2.26","2.50","1.34","4.01","2.67","2.85","3.62","1.78","1255.00","1278.00","1257.00","1448.00","1330.00"
"Groundnut","Manipur","Kharif","0.03","","","0.02","","0.02","","","0.03","","667.00","","","1100.00",""
"Groundnut","Manipur","Rabi","0.00","","","","","0.00","","","","","0.00","","","",""
"Groundnut","Manipur","Summer","","0.03","0.03","","","","0.03","0.02","","","","863.00","880.00","",""
"Groundnut","Manipur","Total","0.03","0.03","0.03","0.02","","0.02","0.03","0.02","0.03","","667.00","863.00","880.00","1100.00",""
"Groundnut","Meghalaya","Kharif","0.00","","","","","0.00","","","","","0.00","","","",""
"Groundnut","Meghalaya","Rabi","0.00","","","","","0.00","","","","","0.00","","","",""
"Groundnut","Meghalaya","Total","0.00","","","","","0.00","","","","","0.00","","","",""
"Groundnut","Mizoram","Kharif","","","","","","0.00","","","","","","","","",""
"Groundnut","Mizoram","Rabi","","","","","","0.00","","","","","","","","",""
"Groundnut","Mizoram","Total","","","","","","0.00","","","","","","","","",""
"Groundnut","Nagaland","Kharif","0.01","0.02","0.02","0.02","","0.01","0.02","0.02","0.02","","966.00","1043.00","1070.00","1050.00",""
"Groundnut","Nagaland","Rabi","","","","","","0.00","","","","","","","","",""
"Groundnut","Nagaland","Total","0.01","0.02","0.02","0.02","","0.01","0.02","0.02","0.02","","966.00","1043.00","1070.00","1050.00",""
"Groundnut","Odisha","Kharif","0.23","0.20","0.16","0.14","0.16","0.37","0.34","0.28","0.23","0.25","1656.00","1709.00","1746.00","1692.00","1597.00"
"Groundnut","Odisha","Rabi","0.24","","","","","0.50","","","","","2136.00","","","",""
"Groundnut","Odisha","Summer","","0.24","0.28","0.32","","","0.49","0.61","0.72","","","2024.00","2124.00","2267.00",""
"Groundnut","Odisha","Total","0.46","0.44","0.44","0.45","0.16","0.88","0.83","0.88","0.95","0.25","1901.00","1881.00","1989.00","2096.00","1597.00"
"Groundnut","Puducherry","Kharif","0.00","0.00","0.00","0.00","","0.00","0.00","0.00","0.00","","2500.00","2519.00","3000.00","2600.00",""
"Groundnut","Puducherry","Rabi","0.00","0.00","0.00","0.00","","0.01","0.01","0.01","0.01","","2994.00","3000.00","3000.00","3100.00",""
"Groundnut","Puducherry","Summer","","0.00","0.00","0.00","","","0.00","0.00","0.00","","","2970.00","3000.00","3100.00",""
"Groundnut","Puducherry","Total","0.00","0.00","0.00","0.00","","0.01","0.01","0.01","0.01","","2988.00","2951.00","3000.00","3065.00",""
"Groundnut","Punjab","Kharif","0.01","0.02","0.02","0.02","0.02","0.03","0.03","0.03","0.03","0.04","1985.00","1717.00","1740.00","1710.00","1739.00"
"Groundnut","Punjab","Rabi","","","","","","0.00","","","","","","","","",""
"Groundnut","Punjab","Total","0.01","0.02","0.02","0.02","0.02","0.03","0.03","0.03","0.03","0.04","1985.00","1717.00","1740.00","1710.00","1739.00"
"Groundnut","Rajasthan","Kharif","7.96","8.00","8.84","10.48","10.00","16.97","19.23","20.16","21.24","22.19","2132.00","2404.00","2281.00","2026.00","2219.00"
"Groundnut","Rajasthan","Rabi","0.00","","","","","0.00","","","","","0.00","","","",""
"Groundnut","Rajasthan","Summer","","0.05","0.07","0.07","","","0.09","0.11","0.12","","","1803.00","1583.00","1728.00",""
"Groundnut","Rajasthan","Total","7.96","8.05","8.91","10.55","10.00","16.97","19.32","20.27","21.36","22.19","2132.00","2400.00","2276.00","2024.00","2219.00"
"Groundnut","Sikkim","Kharif","0.00","","","","","0.00","","","","","0.00","","","",""
"Groundnut","Sikkim","Rabi","","","","","","0.00","","","","","","","","",""
"Groundnut","Sikkim","Total","0.00","","","","","0.00","","","","","0.00","","","",""
"Groundnut","Tamil Nadu","Kharif","2.49","2.28","1.97","1.95","1.79","5.67","4.83","4.17","3.85","3.81","2274.00","2116.00","2116.00","1970.00","2122.00"
"Groundnut","Tamil Nadu","Rabi","1.23","0.76","0.85","0.73","","4.80","2.65","3.04","2.32","","3903.00","3491.00","3583.00","3202.00",""
"Groundnut","Tamil Nadu","Summer","","0.47","0.44","0.47","","","1.64","1.57","1.52","","","3491.00","3571.00","3202.00",""
"Groundnut","Tamil Nadu","Total","3.72","3.51","3.26","3.16","1.79","10.47","9.12","8.78","7.69","3.81","2812.00","2598.00","2694.00","2439.00","2122.00"
"Groundnut","Telangana","Kharif","0.12","0.08","0.10","0.10","0.06","0.26","0.19","0.28","0.22","0.14","2150.00","2400.00","2832.00","2137.00","2454.00"
"Groundnut","Telangana","Rabi","1.43","0.95","0.82","0.94","","3.24","2.33","1.97","1.98","","2266.00","2452.00","2403.00","2102.00",""
"Groundnut","Telangana","Total","1.55","1.03","0.92","1.05","0.06","3.50","2.52","2.25","2.20","0.14","2257.00","2448.00","2450.00","2106.00","2454.00"
"Groundnut","Tripura","Kharif","0.01","0.00","0.00","0.00","","0.01","0.01","0.01","0.01","","1363.00","1455.00","1455.00","1438.00",""
"Groundnut","Tripura","Rabi","0.01","0.01","0.01","0.01","","0.02","0.01","0.01","0.02","","1513.00","1507.00","1507.00","1490.00",""
"Groundnut","Tripura","Summer","","0.00","0.00","0.00","","","0.00","0.00","0.00","","","1520.00","1520.00","1470.00",""
"Groundnut","Tripura","Total","0.02","0.01","0.01","0.02","","0.03","0.02","0.02","0.02","","1449.00","1492.00","1492.00","1475.00",""
"Groundnut","Uttar Pradesh","Kharif","0.90","0.98","1.26","3.70","2.51","1.03","1.14","1.48","4.18","2.87","1139.00","1168.00","1172.00","1130.00","1145.00"
"Groundnut","Uttar Pradesh","Rabi","","","","","","0.00","","","","","","","","",""
"Groundnut","Uttar Pradesh","Summer","","","","0.81","","","","","0.77","","","","","959.00",""
"Groundnut","Uttar Pradesh","Total","0.90","0.98","1.26","4.51","2.51","1.03","1.14","1.48","4.96","2.87","1139.00","1168.00","1172.00","1100.00","1145.00"
"Groundnut","Uttarakhand","Kharif","0.01","0.01","0.00","0.00","0.00","0.02","0.01","0.01","0.01","0.00","1511.00","1629.00","1596.00","1505.00","1490.00"
"Groundnut","Uttarakhand","Rabi","","","","","","0.00","","","","","","","","",""
"Groundnut","Uttarakhand","Total","0.01","0.01","0.00","0.00","0.00","0.02","0.01","0.01","0.01","0.00","1511.00","1629.00","1596.00","1505.00","1490.00"
"Groundnut","West Bengal","Kharif","0.05","0.06","0.08","0.08","0.06","0.07","0.09","0.12","0.13","0.10","1307.00","1532.00","1560.00","1565.00","1565.00"
"Groundnut","West Bengal","Rabi","0.69","0.05","0.04","0.04","","1.82","0.10","0.08","0.08","","2638.00","1954.00","1902.00","1900.00",""
"Groundnut","West Bengal","Summer","","0.67","0.73","0.73","","","1.80","2.39","2.38","","","2700.00","3280.00","3280.00",""
"Groundnut","West Bengal","Total","0.74","0.78","0.85","0.85","0.06","1.89","1.99","2.59","2.59","0.10","2544.00","2561.00","3060.00","3045.00","1565.00"
"Groundnut","Others","Kharif","","","","","0.06","","","","","0.07","","","","","1079.00"
"Groundnut","Others","Total","","","","","0.06","","","","","0.07","","","","","1079.00"
"Groundnut","All India","Kharif","49.13","42.63","40.44","50.05","47.21","84.34","85.62","86.60","104.12","110.93","1717.00","2009.00","2142.00","2080.00","2350.00"
"Groundnut","All India","Rabi","7.92","4.21","3.42","3.37","","17.01","11.03","7.55","6.78","","2147.00","2619.00","2208.00","2011.00",""
"Groundnut","All India","Summer","","2.77","3.22","4.20","","","6.32","7.65","8.52","","","2279.00","2377.00","2029.00",""
"Groundnut","All India","Total","57.05","49.61","47.07","57.62","47.21","101.35","102.97","101.80","119.42","110.93","1777.00","2075.00","2163.00","2073.00","2350.00"
"Castorseed","Andaman And Nicobar Islands","Kharif","0.00","","","","","0.00","","","","","0.00","","","",""
"Castorseed","Andaman And Nicobar Islands","Total","0.00","","","","","0.00","","","","","0.00","","","",""
"Castorseed","Andhra Pradesh","Kharif","0.15","0.46","0.66","0.37","0.31","0.03","0.14","0.25","0.19","0.12","233.00","309.00","385.00","510.00","402.00"
"Castorseed","Andhra Pradesh","Total","0.15","0.46","0.66","0.37","0.31","0.03","0.14","0.25","0.19","0.12","233.00","309.00","385.00","510.00","402.00"
"Castorseed","Arunachal Pradesh","Kharif","0.00","","","","","0.00","","","","","0.00","","","",""
"Castorseed","Arunachal Pradesh","Total","0.00","","","","","0.00","","","","","0.00","","","",""
"Castorseed","Assam","Kharif","0.01","0.01","0.01","0.01","0.01","0.00","0.00","0.00","0.00","0.00","459.00","495.00","494.00","501.00","497.00"
"Castorseed","Assam","Total","0.01","0.01","0.01","0.01","0.01","0.00","0.00","0.00","0.00","0.00","459.00","495.00","494.00","501.00","497.00"
"Castorseed","Bihar","Kharif","0.00","0.00","0.00","0.00","0.00","0.00","0.00","0.00","0.00","0.00","975.00","975.00","978.00","973.00","975.00"
"Castorseed","Bihar","Total","0.00","0.00","0.00","0.00","0.00","0.00","0.00","0.00","0.00","0.00","975.00","975.00","978.00","973.00","975.00"
"Castorseed","Chandigarh","Kharif","0.00","","","","","0.00","","","","","0.00","","","",""
"Castorseed","Chandigarh","Total","0.00","","","","","0.00","","","","","0.00","","","",""
"Castorseed","Chhattisgarh","Kharif","","","","","","0.00","","","","","","","","",""
"Castorseed","Chhattisgarh","Total","","","","","","0.00","","","","","","","","",""
"Castorseed","Dadra And Nagar Haveli","Kharif","","","","","","0.00","","","","","","","","",""
"Castorseed","Dadra And Nagar Haveli","Total","","","","","","0.00","","","","","","","","",""
"Castorseed","Daman And Diu","Kharif","0.00","","","","","0.00","","","","","0.00","","","",""
"Castorseed","Daman And Diu","Total","0.00","","","","","0.00","","","","","0.00","","","",""
"Castorseed","Delhi","Kharif","0.00","","","","","0.00","","","","","0.00","","","",""
"Castorseed","Delhi","Total","0.00","","","","","0.00","","","","","0.00","","","",""
"Castorseed","Goa","Kharif","0.00","","","","","0.00","","","","","0.00","","","",""
"Castorseed","Goa","Total","0.00","","","","","0.00","","","","","0.00","","","",""
"Castorseed","Gujarat","Kharif","6.50","7.16","7.25","6.46","6.54","14.01","16.03","15.95","13.61","13.76","2155.00","2240.00","2201.00","2105.00","2105.00"
"Castorseed","Gujarat","Total","6.50","7.16","7.25","6.46","6.54","14.01","16.03","15.95","13.61","13.76","2155.00","2240.00","2201.00","2105.00","2105.00"
"Castorseed","Haryana","Kharif","0.01","0.01","0.01","0.01","0.01","0.01","0.00","0.01","0.01","0.00","851.00","789.00","789.00","789.00","789.00"
"Castorseed","Haryana","Total","0.01","0.01","0.01","0.01","0.01","0.01","0.00","0.01","0.01","0.00","851.00","789.00","789.00","789.00","789.00"
"Castorseed","Himachal Pradesh","Kharif","","","","","","0.00","","","","","","","","",""
"Castorseed","Himachal Pradesh","Total","","","","","","0.00","","","","","","","","",""
"Castorseed","Jammu And Kashmir","Kharif","0.00","","","","","0.00","","","","","0.00","","","",""
"Castorseed","Jammu And Kashmir","Total","0.00","","","","","0.00","","","","","0.00","","","",""
"Castorseed","Jharkhand","Kharif","0.00","0.00","0.00","0.04","","0.00","0.00","0.00","0.02","","549.00","496.00","648.00","412.00",""
"Castorseed","Jharkhand","Total","0.00","0.00","0.00","0.04","","0.00","0.00","0.00","0.02","","549.00","496.00","648.00","412.00",""
"Castorseed","Karnataka","Kharif","0.02","0.03","0.04","0.03","0.03","0.02","0.02","0.01","0.02","0.02","918.00","631.00","199.00","663.00","511.00"
"Castorseed","Karnataka","Total","0.02","0.03","0.04","0.03","0.03","0.02","0.02","0.01","0.02","0.02","918.00","631.00","199.00","663.00","511.00"
"Castorseed","Kerala","Kharif","","","","","","0.00","","","","","","","","",""
"Castorseed","Kerala","Total","","","","","","0.00","","","","","","","","",""
"Castorseed","Ladakh","Kharif","0.00","","","","","0.00","","","","","0.00","","","",""
"Castorseed","Ladakh","Total","0.00","","","","","0.00","","","","","0.00","","","",""
"Castorseed","Lakshadweep","Kharif","0.00","","","","","0.00","","","","","0.00","","","",""
"Castorseed","Lakshadweep","Total","0.00","","","","","0.00","","","","","0.00","","","",""
"Castorseed","Madhya Pradesh","Kharif","0.02","0.01","0.02","0.02","0.02","0.01","0.00","0.01","0.01","0.01","378.00","468.00","482.00","606.00","606.00"
"Castorseed","Madhya Pradesh","Total","0.02","0.01","0.02","0.02","0.02","0.01","0.00","0.01","0.01","0.01","378.00","468.00","482.00","606.00","606.00"
"Castorseed","Maharashtra","Kharif","0.03","0.03","0.04","0.02","0.02","0.01","0.01","0.01","0.01","0.01","300.00","343.00","301.00","318.00","298.00"
"Castorseed","Maharashtra","Total","0.03","0.03","0.04","0.02","0.02","0.01","0.01","0.01","0.01","0.01","300.00","343.00","301.00","318.00","298.00"
"Castorseed","Manipur","Kharif","0.00","","","","","0.00","","","","","0.00","","","",""
"Castorseed","Manipur","Total","0.00","","","","","0.00","","","","","0.00","","","",""
"Castorseed","Meghalaya","Kharif","0.00","0.00","0.00","0.00","","0.00","0.00","0.00","0.00","","903.00","890.00","890.00","890.00",""
"Castorseed","Meghalaya","Total","0.00","0.00","0.00","0.00","","0.00","0.00","0.00","0.00","","903.00","890.00","890.00","890.00",""
"Castorseed","Mizoram","Kharif","","","","","","0.00","","","","","","","","",""
"Castorseed","Mizoram","Total","","","","","","0.00","","","","","","","","",""
"Castorseed","Nagaland","Kharif","0.00","0.00","0.00","0.00","","0.00","0.00","0.00","0.00","","1000.00","500.00","500.00","500.00",""
"Castorseed","Nagaland","Total","0.00","0.00","0.00","0.00","","0.00","0.00","0.00","0.00","","1000.00","500.00","500.00","500.00",""
"Castorseed","Odisha","Kharif","0.08","0.07","0.07","0.06","0.05","0.05","0.04","0.04","0.04","0.03","624.00","635.00","635.00","731.00","679.00"
"Castorseed","Odisha","Total","0.08","0.07","0.07","0.06","0.05","0.05","0.04","0.04","0.04","0.03","624.00","635.00","635.00","731.00","679.00"
"Castorseed","Puducherry","Kharif","","","","","","0.00","","","","","","","","",""
"Castorseed","Puducherry","Total","","","","","","0.00","","","","","","","","",""
"Castorseed","Punjab","Kharif","","","","","","0.00","","","","","","","","",""
"Castorseed","Punjab","Total","","","","","","0.00","","","","","","","","",""
"Castorseed","Rajasthan","Kharif","1.39","2.31","2.23","2.55","1.88","1.99","3.47","3.25","3.91","2.98","1429.00","1503.00","1459.00","1535.00","1588.00"
"Castorseed","Rajasthan","Total","1.39","2.31","2.23","2.55","1.88","1.99","3.47","3.25","3.91","2.98","1429.00","1503.00","1459.00","1535.00","1588.00"
"Castorseed","Sikkim","Kharif","","","","","","0.00","","","","","","","","",""
"Castorseed","Sikkim","Total","","","","","","0.00","","","","","","","","",""
"Castorseed","Tamil Nadu","Kharif","0.06","0.06","0.05","0.05","0.04","0.02","0.02","0.02","0.01","0.01","312.00","312.00","312.00","312.00","313.00"
"Castorseed","Tamil Nadu","Total","0.06","0.06","0.05","0.05","0.04","0.02","0.02","0.02","0.01","0.01","312.00","312.00","312.00","312.00","313.00"
"Castorseed","Telangana","Kharif","0.04","0.05","0.03","0.02","0.00","0.04","0.05","0.02","0.02","0.00","954.00","984.00","785.00","1102.00","650.00"
"Castorseed","Telangana","Total","0.04","0.05","0.03","0.02","0.00","0.04","0.05","0.02","0.02","0.00","954.00","984.00","785.00","1102.00","650.00"
"Castorseed","Tripura","Kharif","0.00","","","","","0.00","","","","","0.00","","","",""
"Castorseed","Tripura","Total","0.00","","","","","0.00","","","","","0.00","","","",""
"Castorseed","Uttar Pradesh","Kharif","","","","","","0.00","","","","","","","","",""
"Castorseed","Uttar Pradesh","Total","","","","","","0.00","","","","","","","","",""
"Castorseed","Uttarakhand","Kharif","","","","","","0.00","","","","","","","","",""
"Castorseed","Uttarakhand","Total","","","","","","0.00","","","","","","","","",""
"Castorseed","West Bengal","Kharif","0.00","","","","","0.00","","","","","0.00","","","",""
"Castorseed","West Bengal","Total","0.00","","","","","0.00","","","","","0.00","","","",""
"Castorseed","Others","Kharif","","","","","0.00","","","","","0.00","","","","","879.00"
"Castorseed","Others","Total","","","","","0.00","","","","","0.00","","","","","879.00"
"Castorseed","All India","Kharif","8.31","10.19","10.41","9.65","8.90","16.19","19.80","19.59","17.86","16.96","1948.00","1942.00","1881.00","1852.00","1906.00"
"Castorseed","All India","Total","8.31","10.19","10.41","9.65","8.90","16.19","19.80","19.59","17.86","16.96","1948.00","1942.00","1881.00","1852.00","1906.00"
"Sesamum","Andaman And Nicobar Islands","Kharif","0.00","0.00","","","","0.00","0.00","","","","667.00","450.00","","",""
"Sesamum","Andaman And Nicobar Islands","Total","0.00","0.00","","","","0.00","0.00","","","","667.00","450.00","","",""
"Sesamum","Andhra Pradesh","Kharif","0.40","0.17","0.06","0.08","0.10","0.09","0.03","0.01","0.02","0.02","215.00","180.00","170.00","222.00","191.00"
"Sesamum","Andhra Pradesh","Rabi","","0.16","0.25","0.19","","","0.05","0.11","0.06","","","329.00","425.00","309.00",""
"Sesamum","Andhra Pradesh","Total","0.40","0.33","0.31","0.27","0.10","0.09","0.08","0.12","0.08","0.02","215.00","252.00","376.00","283.00","191.00"
"Sesamum","Arunachal Pradesh","Kharif","0.02","0.02","0.02","0.03","","0.02","0.02","0.02","0.02","","904.00","896.00","897.00","898.00",""
"Sesamum","Arunachal Pradesh","Total","0.02","0.02","0.02","0.03","","0.02","0.02","0.02","0.02","","904.00","896.00","897.00","898.00",""
"Sesamum","Assam","Kharif","0.12","","0.12","0.12","","0.08","","0.08","0.08","","677.00","","683.00","683.00",""
"Sesamum","Assam","Rabi","","0.14","","","","","0.10","","","","","707.00","","",""
"Sesamum","Assam","Summer","","","0.04","0.04","","","","0.03","0.03","","","","731.00","725.00",""
"Sesamum","Assam","Total","0.12","0.14","0.16","0.16","","0.08","0.10","0.11","0.11","","677.00","707.00","695.00","694.00",""
"Sesamum","Bihar","Kharif","0.01","0.01","0.01","0.01","0.01","0.01","0.01","0.01","0.01","0.01","874.00","878.00","877.00","851.00","870.00"
"Sesamum","Bihar","Rabi","","0.00","0.01","0.00","","","0.00","0.01","0.00","","","875.00","878.00","887.00",""
"Sesamum","Bihar","Total","0.01","0.01","0.02","0.01","0.01","0.01","0.01","0.01","0.01","0.01","874.00","877.00","877.00","859.00","870.00"
"Sesamum","Chandigarh","Kharif","0.00","","","","","0.00","","","","","0.00","","","",""
"Sesamum","Chandigarh","Total","0.00","","","","","0.00","","","","","0.00","","","",""
"Sesamum","Chhattisgarh","Kharif","0.15","0.14","0.13","0.12","0.11","0.07","0.07","0.05","0.09","0.06","478.00","493.00","402.00","804.00","544.00"
"Sesamum","Chhattisgarh","Total","0.15","0.14","0.13","0.12","0.11","0.07","0.07","0.05","0.09","0.06","478.00","493.00","402.00","804.00","544.00"
"Sesamum","Dadra And Nagar Haveli","Kharif","0.00","","","","","0.00","","","","","0.00","","","",""
"Sesamum","Dadra And Nagar Haveli","Total","0.00","","","","","0.00","","","","","0.00","","","",""
"Sesamum","Daman And Diu","Kharif","0.00","","","","","0.00","","","","","0.00","","","",""
"Sesamum","Daman And Diu","Total","0.00","","","","","0.00","","","","","0.00","","","",""
"Sesamum","Delhi","Kharif","0.00","","","","","0.00","","","","","0.00","","","",""
"Sesamum","Delhi","Total","0.00","","","","","0.00","","","","","0.00","","","",""
"Sesamum","Goa","Kharif","0.00","","","","","0.00","","","","","0.00","","","",""
"Sesamum","Goa","Total","0.00","","","","","0.00","","","","","0.00","","","",""
"Sesamum","Gujarat","Kharif","2.09","0.72","0.58","0.49","0.45","1.34","0.37","0.31","0.22","0.22","641.00","509.00","526.00","450.00","486.00"
"Sesamum","Gujarat","Summer","","1.24","1.15","1.23","","","1.07","1.13","1.20","","","863.00","985.00","977.00",""
"Sesamum","Gujarat","Total","2.09","1.96","1.73","1.72","0.45","1.34","1.44","1.44","1.42","0.22","641.00","733.00","831.00","826.00","486.00"
"Sesamum","Haryana","Kharif","0.03","0.01","0.01","0.01","0.00","0.01","0.01","0.00","0.00","0.00","448.00","566.00","566.00","566.00","566.00"
"Sesamum","Haryana","Total","0.03","0.01","0.01","0.01","0.00","0.01","0.01","0.00","0.00","0.00","448.00","566.00","566.00","566.00","566.00"
"Sesamum","Himachal Pradesh","Kharif","0.02","0.02","0.02","0.02","0.02","0.01","0.00","0.00","0.00","0.00","295.00","290.00","293.00","290.00","290.00"
"Sesamum","Himachal Pradesh","Total","0.02","0.02","0.02","0.02","0.02","0.01","0.00","0.00","0.00","0.00","295.00","290.00","293.00","290.00","290.00"
"Sesamum","Jammu And Kashmir","Kharif","0.03","0.04","0.04","0.04","","0.01","0.02","0.02","0.02","","402.00","378.00","413.00","413.00",""
"Sesamum","Jammu And Kashmir","Rabi","","0.00","0.00","0.00","","","0.00","0.00","0.00","","","453.00","453.00","453.00",""
"Sesamum","Jammu And Kashmir","Total","0.03","0.04","0.04","0.04","","0.01","0.02","0.02","0.02","","402.00","378.00","413.00","413.00",""
"Sesamum","Jharkhand","Kharif","0.05","0.04","0.03","0.04","0.02","0.02","0.02","0.01","0.02","0.01","418.00","437.00","409.00","415.00","420.00"
"Sesamum","Jharkhand","Total","0.05","0.04","0.03","0.04","0.02","0.02","0.02","0.01","0.02","0.01","418.00","437.00","409.00","415.00","420.00"
"Sesamum","Karnataka","Kharif","0.31","0.20","0.18","0.27","0.19","0.23","0.13","0.14","0.19","0.14","754.00","650.00","780.00","697.00","711.00"
"Sesamum","Karnataka","Total","0.31","0.20","0.18","0.27","0.19","0.23","0.13","0.14","0.19","0.14","754.00","650.00","780.00","697.00","711.00"
"Sesamum","Kerala","Kharif","0.01","0.00","0.00","0.00","","0.00","0.00","0.00","0.00","","270.00","1000.00","757.00","920.00",""
"Sesamum","Kerala","Rabi","","0.00","0.00","0.00","","","0.00","0.00","0.00","","","500.00","350.00","544.00",""
"Sesamum","Kerala","Summer","","0.00","0.00","0.00","","","0.00","0.00","0.00","","","498.00","1016.00","517.00",""
"Sesamum","Kerala","Total","0.01","0.00","0.00","0.00","","0.00","0.00","0.00","0.00","","270.00","498.00","994.00","526.00",""
"Sesamum","Ladakh","Kharif","0.00","","","","","0.00","","","","","0.00","","","",""
"Sesamum","Ladakh","Total","0.00","","","","","0.00","","","","","0.00","","","",""
"Sesamum","Lakshadweep","Kharif","0.00","","","","","0.00","","","","","0.00","","","",""
"Sesamum","Lakshadweep","Total","0.00","","","","","0.00","","","","","0.00","","","",""
"Sesamum","Madhya Pradesh","Kharif","2.91","2.89","2.36","2.73","2.27","1.22","1.46","1.22","1.69","1.41","420.00","504.00","519.00","620.00","620.00"
"Sesamum","Madhya Pradesh","Total","2.91","2.89","2.36","2.73","2.27","1.22","1.46","1.22","1.69","1.41","420.00","504.00","519.00","620.00","620.00"
"Sesamum","Maharashtra","Kharif","0.28","0.06","0.04","0.05","0.03","0.06","0.01","0.01","0.01","0.01","209.00","262.00","236.00","265.00","250.00"
"Sesamum","Maharashtra","Rabi","","0.02","0.01","0.01","","","0.01","0.01","0.00","","","338.00","693.00","332.00",""
"Sesamum","Maharashtra","Summer","","0.03","0.22","0.30","","","0.01","0.04","0.12","","","183.00","179.00","392.00",""
"Sesamum","Maharashtra","Total","0.28","0.11","0.28","0.36","0.03","0.06","0.03","0.06","0.14","0.01","209.00","248.00","212.00","373.00","250.00"
"Sesamum","Manipur","Kharif","0.00","","","","","0.00","","","","","0.00","","","",""
"Sesamum","Manipur","Total","0.00","","","","","0.00","","","","","0.00","","","",""
"Sesamum","Meghalaya","Kharif","0.02","","","","","0.02","","","","","941.00","","","",""
"Sesamum","Meghalaya","Rabi","","0.02","0.02","0.02","","","0.02","0.02","0.02","","","942.00","942.00","942.00",""
"Sesamum","Meghalaya","Total","0.02","0.02","0.02","0.02","","0.02","0.02","0.02","0.02","","941.00","942.00","942.00","942.00",""
"Sesamum","Mizoram","Kharif","0.01","0.01","0.01","0.01","","0.01","0.01","0.01","0.01","","608.00","700.00","678.00","465.00",""
"Sesamum","Mizoram","Total","0.01","0.01","0.01","0.01","","0.01","0.01","0.01","0.01","","608.00","700.00","678.00","465.00",""
"Sesamum","Nagaland","Kharif","0.01","0.01","0.02","0.02","","0.01","0.01","0.01","0.01","","495.00","597.00","619.00","612.00",""
"Sesamum","Nagaland","Total","0.01","0.01","0.02","0.02","","0.01","0.01","0.01","0.01","","495.00","597.00","619.00","612.00",""
"Sesamum","Odisha","Kharif","0.24","0.13","0.11","0.10","0.10","0.06","0.04","0.03","0.03","0.03","248.00","309.00","269.00","299.00","298.00"
"Sesamum","Odisha","Summer","","0.07","0.12","0.16","","","0.02","0.02","0.04","","","215.00","207.00","245.00",""
"Sesamum","Odisha","Total","0.24","0.20","0.23","0.26","0.10","0.06","0.05","0.05","0.07","0.03","248.00","275.00","238.00","265.00","298.00"
"Sesamum","Puducherry","Kharif","0.01","0.00","0.00","0.00","","0.00","0.00","0.00","0.00","","914.00","1000.00","1000.00","1000.00",""
"Sesamum","Puducherry","Rabi","","0.00","0.00","0.00","","","0.00","0.00","0.00","","","1000.00","1000.00","1000.00",""
"Sesamum","Puducherry","Summer","","0.01","0.00","0.01","","","0.01","0.00","0.00","","","955.00","792.00","740.00",""
"Sesamum","Puducherry","Total","0.01","0.01","0.01","0.01","","0.00","0.01","0.00","0.00","","914.00","955.00","806.00","756.00",""
"Sesamum","Punjab","Kharif","0.03","0.02","0.02","0.01","0.00","0.01","0.01","0.01","0.01","0.00","361.00","345.00","380.00","437.00","373.00"
"Sesamum","Punjab","Total","0.03","0.02","0.02","0.01","0.00","0.01","0.01","0.01","0.01","0.00","361.00","345.00","380.00","437.00","373.00"
"Sesamum","Rajasthan","Kharif","2.90","2.16","2.12","1.83","1.68","0.77","0.78","0.71","0.66","0.68","265.00","363.00","337.00","363.00","407.00"
"Sesamum","Rajasthan","Summer","","0.00","0.00","0.00","","","0.00","0.00","0.00","","","857.00","564.00","550.00",""
"Sesamum","Rajasthan","Total","2.90","2.16","2.12","1.84","1.68","0.77","0.79","0.72","0.67","0.68","265.00","363.00","337.00","363.00","407.00"
"Sesamum","Sikkim","Kharif","0.00","","","","","0.00","","","","","0.00","","","",""
"Sesamum","Sikkim","Total","0.00","","","","","0.00","","","","","0.00","","","",""
"Sesamum","Tamil Nadu","Kharif","0.47","0.09","0.11","0.15","0.15","0.28","0.04","0.05","0.07","0.08","589.00","462.00","461.00","487.00","566.00"
"Sesamum","Tamil Nadu","Rabi","","0.04","0.06","0.05","","","0.02","0.03","0.02","","","538.00","482.00","414.00",""
"Sesamum","Tamil Nadu","Summer","","0.35","0.44","0.59","","","0.19","0.21","0.25","","","538.00","482.00","414.00",""
"Sesamum","Tamil Nadu","Total","0.47","0.48","0.60","0.79","0.15","0.28","0.25","0.29","0.34","0.08","589.00","524.00","478.00","428.00","566.00"
"Sesamum","Telangana","Kharif","0.34","","","0.00","0.00","0.26","","","0.00","0.00","766.00","","","646.00","551.00"
"Sesamum","Telangana","Rabi","","0.14","0.14","0.13","","","0.11","0.10","0.08","","","756.00","740.00","636.00",""
"Sesamum","Telangana","Total","0.34","0.14","0.14","0.13","0.00","0.26","0.11","0.10","0.08","0.00","766.00","756.00","740.00","636.00","551.00"
"Sesamum","Tripura","Kharif","0.06","0.05","0.05","0.05","","0.04","0.03","0.03","0.03","","641.00","676.00","676.00","699.00",""
"Sesamum","Tripura","Total","0.06","0.05","0.05","0.05","","0.04","0.03","0.03","0.03","","641.00","676.00","676.00","699.00",""
"Sesamum","Uttar Pradesh","Kharif","3.13","3.61","4.02","4.19","4.38","0.71","0.84","1.19","1.22","1.27","226.00","233.00","297.00","291.00","291.00"
"Sesamum","Uttar Pradesh","Total","3.13","3.61","4.02","4.19","4.38","0.71","0.84","1.19","1.22","1.27","226.00","233.00","297.00","291.00","291.00"
"Sesamum","Uttarakhand","Kharif","0.02","0.02","0.02","0.02","0.02","0.01","0.01","0.01","0.01","0.00","264.00","253.00","257.00","258.00","231.00"
"Sesamum","Uttarakhand","Total","0.02","0.02","0.02","0.02","0.02","0.01","0.01","0.01","0.01","0.00","264.00","253.00","257.00","258.00","231.00"
"Sesamum","West Bengal","Kharif","2.60","0.01","0.01","0.01","0.01","2.54","0.01","0.01","0.01","0.00","979.00","716.00","694.00","705.00","705.00"
"Sesamum","West Bengal","Summer","","2.57","2.76","2.63","","","2.51","2.80","2.67","","","975.00","1015.00","1015.00",""
"Sesamum","West Bengal","Total","2.60","2.58","2.76","2.64","0.01","2.54","2.51","2.80","2.67","0.00","979.00","974.00","1014.00","1014.00","705.00"
"Sesamum","Others","Kharif","","","","","0.14","","","","","0.09","","","","","624.00"
"Sesamum","Others","Total","","","","","0.14","","","","","0.09","","","","","624.00"
"Sesamum","All India","Kharif","16.27","10.43","10.08","10.39","9.69","7.89","3.92","3.95","4.44","4.05","485.00","375.00","392.00","427.00","418.00"
"Sesamum","All India","Rabi","","0.53","0.49","0.41","","","0.31","0.28","0.19","","","592.00","559.00","467.00",""
"Sesamum","All India","Summer","","4.27","4.74","4.96","","","3.79","4.24","4.31","","","888.00","896.00","867.00",""
"Sesamum","All India","Total","16.27","15.23","15.31","15.76","9.69","7.89","8.02","8.47","8.93","4.05","485.00","527.00","553.00","567.00","418.00"
"Nigerseed","Andaman And Nicobar Islands","Kharif","0.00","","","","","0.00","","","","","0.00","","","",""
"Nigerseed","Andaman And Nicobar Islands","Total","0.00","","","","","0.00","","","","","0.00","","","",""
"Nigerseed","Andhra Pradesh","Kharif","0.04","0.03","0.01","0.01","","0.01","0.01","0.00","0.00","","357.00","386.00","376.00","366.00",""
"Nigerseed","Andhra Pradesh","Total","0.04","0.03","0.01","0.01","","0.01","0.01","0.00","0.00","","357.00","386.00","376.00","366.00",""
"Nigerseed","Arunachal Pradesh","Kharif","0.00","","","","","0.00","","","","","0.00","","","",""
"Nigerseed","Arunachal Pradesh","Total","0.00","","","","","0.00","","","","","0.00","","","",""
"Nigerseed","Assam","Kharif","0.06","0.05","0.05","0.05","","0.03","0.03","0.03","0.03","","580.00","595.00","563.00","580.00",""
"Nigerseed","Assam","Total","0.06","0.05","0.05","0.05","","0.03","0.03","0.03","0.03","","580.00","595.00","563.00","580.00",""
"Nigerseed","Bihar","Kharif","","","","","","0.00","","","","","","","","",""
"Nigerseed","Bihar","Total","","","","","","0.00","","","","","","","","",""
"Nigerseed","Chandigarh","Kharif","0.00","","","","","0.00","","","","","0.00","","","",""
"Nigerseed","Chandigarh","Total","0.00","","","","","0.00","","","","","0.00","","","",""
"Nigerseed","Chhattisgarh","Kharif","0.21","0.25","0.23","0.26","0.21","0.05","0.05","0.05","0.05","0.04","213.00","207.00","205.00","195.00","194.00"
"Nigerseed","Chhattisgarh","Total","0.21","0.25","0.23","0.26","0.21","0.05","0.05","0.05","0.05","0.04","213.00","207.00","205.00","195.00","194.00"
"Nigerseed","Dadra And Nagar Haveli","Kharif","0.00","","","","","0.00","","","","","0.00","","","",""
"Nigerseed","Dadra And Nagar Haveli","Total","0.00","","","","","0.00","","","","","0.00","","","",""
"Nigerseed","Daman And Diu","Kharif","0.00","","","","","0.00","","","","","0.00","","","",""
"Nigerseed","Daman And Diu","Total","0.00","","","","","0.00","","","","","0.00","","","",""
"Nigerseed","Delhi","Kharif","0.00","","","","","0.00","","","","","0.00","","","",""
"Nigerseed","Delhi","Total","0.00","","","","","0.00","","","","","0.00","","","",""
"Nigerseed","Goa","Kharif","0.00","","","","","0.00","","","","","0.00","","","",""
"Nigerseed","Goa","Total","0.00","","","","","0.00","","","","","0.00","","","",""
"Nigerseed","Gujarat","Kharif","0.03","0.01","0.01","0.01","0.01","0.01","0.01","0.00","0.00","0.00","426.00","423.00","437.00","437.00","440.00"
"Nigerseed","Gujarat","Total","0.03","0.01","0.01","0.01","0.01","0.01","0.01","0.00","0.00","0.00","426.00","423.00","437.00","437.00","440.00"
"Nigerseed","Haryana","Kharif","","","","","","0.00","","","","","","","","",""
"Nigerseed","Haryana","Total","","","","","","0.00","","","","","","","","",""
"Nigerseed","Himachal Pradesh","Kharif","","","","","","0.00","","","","","","","","",""
"Nigerseed","Himachal Pradesh","Total","","","","","","0.00","","","","","","","","",""
"Nigerseed","Jammu And Kashmir","Kharif","","","","","","0.00","","","","","","","","",""
"Nigerseed","Jammu And Kashmir","Total","","","","","","0.00","","","","","","","","",""
"Nigerseed","Jharkhand","Kharif","0.02","0.02","0.01","0.02","0.01","0.01","0.01","0.01","0.01","0.00","398.00","355.00","378.00","427.00","629.00"
"Nigerseed","Jharkhand","Total","0.02","0.02","0.01","0.02","0.01","0.01","0.01","0.01","0.01","0.00","398.00","355.00","378.00","427.00","629.00"
"Nigerseed","Karnataka","Kharif","0.00","0.00","0.00","0.00","0.01","0.00","0.00","0.00","0.00","0.00","250.00","233.00","200.00","410.00","282.00"
"Nigerseed","Karnataka","Total","0.00","0.00","0.00","0.00","0.01","0.00","0.00","0.00","0.00","0.00","250.00","233.00","200.00","410.00","282.00"
"Nigerseed","Kerala","Kharif","","","","","","0.00","","","","","","","","",""
"Nigerseed","Kerala","Total","","","","","","0.00","","","","","","","","",""
"Nigerseed","Ladakh","Kharif","0.00","","","","","0.00","","","","","0.00","","","",""
"Nigerseed","Ladakh","Total","0.00","","","","","0.00","","","","","0.00","","","",""
"Nigerseed","Lakshadweep","Kharif","0.00","","","","","0.00","","","","","0.00","","","",""
"Nigerseed","Lakshadweep","Total","0.00","","","","","0.00","","","","","0.00","","","",""
"Nigerseed","Madhya Pradesh","Kharif","0.07","0.10","0.11","0.11","0.32","0.03","0.03","0.03","0.03","0.09","361.00","303.00","293.00","289.00","289.00"
"Nigerseed","Madhya Pradesh","Total","0.07","0.10","0.11","0.11","0.32","0.03","0.03","0.03","0.03","0.09","361.00","303.00","293.00","289.00","289.00"
"Nigerseed","Maharashtra","Kharif","0.06","0.05","0.04","0.04","0.03","0.01","0.01","0.01","0.01","0.01","150.00","248.00","270.00","210.00","233.00"
"Nigerseed","Maharashtra","Total","0.06","0.05","0.04","0.04","0.03","0.01","0.01","0.01","0.01","0.01","150.00","248.00","270.00","210.00","233.00"
"Nigerseed","Manipur","Kharif","0.00","","","","","0.00","","","","","0.00","","","",""
"Nigerseed","Manipur","Total","0.00","","","","","0.00","","","","","0.00","","","",""
"Nigerseed","Meghalaya","Kharif","0.00","","","","","0.00","","","","","0.00","","","",""
"Nigerseed","Meghalaya","Total","0.00","","","","","0.00","","","","","0.00","","","",""
"Nigerseed","Mizoram","Kharif","","","","","","0.00","","","","","","","","",""
"Nigerseed","Mizoram","Total","","","","","","0.00","","","","","","","","",""
"Nigerseed","Nagaland","Kharif","","","","","","0.00","","","","","","","","",""
"Nigerseed","Nagaland","Total","","","","","","0.00","","","","","","","","",""
"Nigerseed","Odisha","Kharif","0.46","0.35","0.35","0.51","0.49","0.17","0.13","0.13","0.26","0.24","370.00","371.00","371.00","511.00","502.00"
"Nigerseed","Odisha","Total","0.46","0.35","0.35","0.51","0.49","0.17","0.13","0.13","0.26","0.24","370.00","371.00","371.00","511.00","502.00"
"Nigerseed","Puducherry","Kharif","","","","","","0.00","","","","","","","","",""
"Nigerseed","Puducherry","Total","","","","","","0.00","","","","","","","","",""
"Nigerseed","Punjab","Kharif","","","","","","0.00","","","","","","","","",""
"Nigerseed","Punjab","Total","","","","","","0.00","","","","","","","","",""
"Nigerseed","Rajasthan","Kharif","","","","","","0.00","","","","","","","","",""
"Nigerseed","Rajasthan","Total","","","","","","0.00","","","","","","","","",""
"Nigerseed","Sikkim","Kharif","","","","","","0.00","","","","","","","","",""
"Nigerseed","Sikkim","Total","","","","","","0.00","","","","","","","","",""
"Nigerseed","Tamil Nadu","Kharif","","","0.00","","","0.00","","0.00","","","","","233.00","",""
"Nigerseed","Tamil Nadu","Total","","","0.00","","","0.00","","0.00","","","","","233.00","",""
"Nigerseed","Telangana","Kharif","","","","","0.00","0.00","","","","0.00","","","","","322.00"
"Nigerseed","Telangana","Total","","","","","0.00","0.00","","","","0.00","","","","","322.00"
"Nigerseed","Tripura","Kharif","0.00","","","","","0.00","","","","","0.00","","","",""
"Nigerseed","Tripura","Total","0.00","","","","","0.00","","","","","0.00","","","",""
"Nigerseed","Uttar Pradesh","Kharif","","","","","","0.00","","","","","","","","",""
"Nigerseed","Uttar Pradesh","Total","","","","","","0.00","","","","","","","","",""
"Nigerseed","Uttarakhand","Kharif","","","","","","0.00","","","","","","","","",""
"Nigerseed","Uttarakhand","Total","","","","","","0.00","","","","","","","","",""
"Nigerseed","West Bengal","Kharif","0.01","0.01","0.01","0.01","","0.01","0.01","0.00","0.00","","523.00","529.00","507.00","510.00",""
"Nigerseed","West Bengal","Total","0.01","0.01","0.01","0.01","","0.01","0.01","0.00","0.00","","523.00","529.00","507.00","510.00",""
"Nigerseed","All India","Kharif","0.97","0.88","0.83","1.01","1.07","0.33","0.29","0.27","0.40","0.40","337.00","325.00","323.00","394.00","369.00"
"Nigerseed","All India","Total","0.97","0.88","0.83","1.01","1.07","0.33","0.29","0.27","0.40","0.40","337.00","325.00","323.00","394.00","369.00"
"Soybean","Andaman And Nicobar Islands","Kharif","0.00","","","","","0.00","","","","","0.00","","","",""
"Soybean","Andaman And Nicobar Islands","Total","0.00","","","","","0.00","","","","","0.00","","","",""
"Soybean","Andhra Pradesh","Kharif","0.03","0.15","0.09","0.06","0.06","0.05","0.28","0.13","0.08","0.09","1547.00","1838.00","1364.00","1321.00","1508.00"
"Soybean","Andhra Pradesh","Total","0.03","0.15","0.09","0.06","0.06","0.05","0.28","0.13","0.08","0.09","1547.00","1838.00","1364.00","1321.00","1508.00"
"Soybean","Arunachal Pradesh","Kharif","0.03","0.04","0.04","0.04","","0.05","0.05","0.05","0.05","","1433.00","1419.00","1421.00","1423.00",""
"Soybean","Arunachal Pradesh","Total","0.03","0.04","0.04","0.04","","0.05","0.05","0.05","0.05","","1433.00","1419.00","1421.00","1423.00",""
"Soybean","Assam","Kharif","","","","","","0.00","","","","","","","","",""
"Soybean","Assam","Total","","","","","","0.00","","","","","","","","",""
"Soybean","Bihar","Kharif","0.23","0.18","0.18","0.09","0.15","0.17","0.17","0.12","0.07","0.12","746.00","957.00","676.00","812.00","815.00"
"Soybean","Bihar","Total","0.23","0.18","0.18","0.09","0.15","0.17","0.17","0.12","0.07","0.12","746.00","957.00","676.00","812.00","815.00"
"Soybean","Chandigarh","Kharif","0.00","","","","","0.00","","","","","0.00","","","",""
"Soybean","Chandigarh","Total","0.00","","","","","0.00","","","","","0.00","","","",""
"Soybean","Chhattisgarh","Kharif","0.50","0.28","0.27","0.22","0.22","0.32","0.28","0.25","0.20","0.18","635.00","973.00","949.00","904.00","834.00"
"Soybean","Chhattisgarh","Total","0.50","0.28","0.27","0.22","0.22","0.32","0.28","0.25","0.20","0.18","635.00","973.00","949.00","904.00","834.00"
"Soybean","Dadra And Nagar Haveli","Kharif","","","","","","0.00","","","","","","","","",""
"Soybean","Dadra And Nagar Haveli","Total","","","","","","0.00","","","","","","","","",""
"Soybean","Daman And Diu","Kharif","0.00","","","","","0.00","","","","","0.00","","","",""
"Soybean","Daman And Diu","Total","0.00","","","","","0.00","","","","","0.00","","","",""
"Soybean","Delhi","Kharif","0.00","","","","","0.00","","","","","0.00","","","",""
"Soybean","Delhi","Total","0.00","","","","","0.00","","","","","0.00","","","",""
"Soybean","Goa","Kharif","","","","","","0.00","","","","","","","","",""
"Soybean","Goa","Total","","","","","","0.00","","","","","","","","",""
"Soybean","Gujarat","Kharif","2.24","2.22","2.66","3.01","2.87","3.66","3.73","3.68","4.58","4.37","1630.00","1682.00","1386.00","1523.00","1523.00"
"Soybean","Gujarat","Total","2.24","2.22","2.66","3.01","2.87","3.66","3.73","3.68","4.58","4.37","1630.00","1682.00","1386.00","1523.00","1523.00"
"Soybean","Haryana","Kharif","","","","","","0.00","","","","","","","","",""
"Soybean","Haryana","Total","","","","","","0.00","","","","","","","","",""
"Soybean","Himachal Pradesh","Kharif","0.00","0.00","0.00","0.00","0.00","0.00","0.00","0.00","0.00","0.00","769.00","790.00","790.00","790.00","790.00"
"Soybean","Himachal Pradesh","Total","0.00","0.00","0.00","0.00","0.00","0.00","0.00","0.00","0.00","0.00","769.00","790.00","790.00","790.00","790.00"
"Soybean","Jammu And Kashmir","Kharif","","","","","","0.00","","","","","","","","",""
"Soybean","Jammu And Kashmir","Total","","","","","","0.00","","","","","","","","",""
"Soybean","Jharkhand","Kharif","0.01","0.01","0.00","0.00","0.00","0.01","0.01","0.00","0.00","0.00","880.00","802.00","1556.00","1187.00","1524.00"
"Soybean","Jharkhand","Total","0.01","0.01","0.00","0.00","0.00","0.01","0.01","0.00","0.00","0.00","880.00","802.00","1556.00","1187.00","1524.00"
"Soybean","Karnataka","Kharif","3.81","4.60","3.89","3.73","4.17","4.37","5.45","4.13","4.83","4.95","1147.00","1184.00","1062.00","1294.00","1188.00"
"Soybean","Karnataka","Total","3.81","4.60","3.89","3.73","4.17","4.37","5.45","4.13","4.83","4.95","1147.00","1184.00","1062.00","1294.00","1188.00"
"Soybean","Kerala","Kharif","","","","","","0.00","","","","","","","","",""
"Soybean","Kerala","Total","","","","","","0.00","","","","","","","","",""
"Soybean","Ladakh","Kharif","0.00","","","","","0.00","","","","","0.00","","","",""
"Soybean","Ladakh","Total","0.00","","","","","0.00","","","","","0.00","","","",""
"Soybean","Lakshadweep","Kharif","0.00","","","","","0.00","","","","","0.00","","","",""
"Soybean","Lakshadweep","Total","0.00","","","","","0.00","","","","","0.00","","","",""
"Soybean","Madhya Pradesh","Kharif","55.13","59.74","60.60","58.72","54.54","53.92","57.89","54.72","53.85","50.72","978.00","969.00","903.00","917.00","930.00"
"Soybean","Madhya Pradesh","Total","55.13","59.74","60.60","58.72","54.54","53.92","57.89","54.72","53.85","50.72","978.00","969.00","903.00","917.00","930.00"
"Soybean","Maharashtra","Kharif","45.95","49.26","51.15","50.72","49.43","55.00","66.16","52.58","73.70","68.23","1197.00","1343.00","1028.00","1453.00","1380.00"
"Soybean","Maharashtra","Total","45.95","49.26","51.15","50.72","49.43","55.00","66.16","52.58","73.70","68.23","1197.00","1343.00","1028.00","1453.00","1380.00"
"Soybean","Manipur","Kharif","0.05","0.04","0.03","0.03","","0.03","0.03","0.03","0.02","","671.00","864.00","960.00","820.00",""
"Soybean","Manipur","Total","0.05","0.04","0.03","0.03","","0.03","0.03","0.03","0.02","","671.00","864.00","960.00","820.00",""
"Soybean","Meghalaya","Kharif","0.02","0.02","0.02","0.02","","0.04","0.04","0.04","0.04","","1922.00","1929.00","1929.00","1929.00",""
"Soybean","Meghalaya","Total","0.02","0.02","0.02","0.02","","0.04","0.04","0.04","0.04","","1922.00","1929.00","1929.00","1929.00",""
"Soybean","Mizoram","Kharif","0.01","0.03","0.01","0.01","","0.02","0.04","0.01","0.01","","1531.00","1190.00","1300.00","1176.00",""
"Soybean","Mizoram","Total","0.01","0.03","0.01","0.01","","0.02","0.04","0.01","0.01","","1531.00","1190.00","1300.00","1176.00",""
"Soybean","Nagaland","Kharif","0.07","0.14","0.14","0.14","","0.08","0.17","0.17","0.17","","1182.00","1248.00","1260.00","1262.00",""
"Soybean","Nagaland","Total","0.07","0.14","0.14","0.14","","0.08","0.17","0.17","0.17","","1182.00","1248.00","1260.00","1262.00",""
"Soybean","Odisha","Kharif","0.00","","","","","0.00","","","","","0.00","","","",""
"Soybean","Odisha","Total","0.00","","","","","0.00","","","","","0.00","","","",""
"Soybean","Puducherry","Kharif","","","","","","0.00","","","","","","","","",""
"Soybean","Puducherry","Total","","","","","","0.00","","","","","","","","",""
"Soybean","Punjab","Kharif","","","","","","0.00","","","","","","","","",""
"Soybean","Punjab","Total","","","","","","0.00","","","","","","","","",""
"Soybean","Rajasthan","Kharif","11.55","11.80","11.26","10.79","9.76","9.25","12.07","11.70","11.75","10.63","801.00","1023.00","1038.00","1089.00","1089.00"
"Soybean","Rajasthan","Total","11.55","11.80","11.26","10.79","9.76","9.25","12.07","11.70","11.75","10.63","801.00","1023.00","1038.00","1089.00","1089.00"
"Soybean","Sikkim","Kharif","0.03","0.03","","","","0.03","0.03","","","","976.00","976.00","","",""
"Soybean","Sikkim","Total","0.03","0.03","","","","0.03","0.03","","","","976.00","976.00","","",""
"Soybean","Tamil Nadu","Kharif","","","0.02","0.01","","0.00","","0.02","0.01","","","","1079.00","1130.00",""
"Soybean","Tamil Nadu","Total","","","0.02","0.01","","0.00","","0.02","0.01","","","","1079.00","1130.00",""
"Soybean","Telangana","Kharif","1.55","2.02","1.82","1.54","1.46","2.68","3.26","2.70","2.91","2.42","1731.00","1612.00","1483.00","1884.00","1661.00"
"Soybean","Telangana","Total","1.55","2.02","1.82","1.54","1.46","2.68","3.26","2.70","2.91","2.42","1731.00","1612.00","1483.00","1884.00","1661.00"
"Soybean","Tripura","Kharif","0.00","","","","","0.00","","","","","0.00","","","",""
"Soybean","Tripura","Total","0.00","","","","","0.00","","","","","0.00","","","",""
"Soybean","Uttar Pradesh","Kharif","0.17","0.21","0.29","0.32","0.59","0.09","0.11","0.18","0.31","0.57","521.00","545.00","627.00","967.00","967.00"
"Soybean","Uttar Pradesh","Total","0.17","0.21","0.29","0.32","0.59","0.09","0.11","0.18","0.31","0.57","521.00","545.00","627.00","967.00","967.00"
"Soybean","Uttarakhand","Kharif","0.07","0.08","0.08","0.07","0.06","0.10","0.10","0.09","0.11","0.07","1380.00","1265.00","1162.00","1454.00","1256.00"
"Soybean","Uttarakhand","Total","0.07","0.08","0.08","0.07","0.06","0.10","0.10","0.09","0.11","0.07","1380.00","1265.00","1162.00","1454.00","1256.00"
"Soybean","West Bengal","Kharif","0.00","0.00","0.00","0.00","","0.00","0.00","0.00","0.00","","798.00","817.00","736.00","750.00",""
"Soybean","West Bengal","Total","0.00","0.00","0.00","0.00","","0.00","0.00","0.00","0.00","","798.00","817.00","736.00","750.00",""
"Soybean","Others","Kharif","","","","","0.23","","","","","0.30","","","","","1288.00"
"Soybean","Others","Total","","","","","0.23","","","","","0.30","","","","","1288.00"
"Soybean","All India","Kharif","121.47","130.84","132.55","129.52","123.53","129.87","149.85","130.62","152.68","142.66","1069.00","1145.00","985.00","1179.00","1155.00"
"Soybean","All India","Total","121.47","130.84","132.55","129.52","123.53","129.87","149.85","130.62","152.68","142.66","1069.00","1145.00","985.00","1179.00","1155.00"
"Sunflower","Andaman And Nicobar Islands","Kharif","0.00","","","","","0.00","","","","","0.00","","","",""
"Sunflower","Andaman And Nicobar Islands","Rabi","0.00","","","","","0.00","","","","","0.00","","","",""
"Sunflower","Andaman And Nicobar Islands","Total","0.00","","","","","0.00","","","","","0.00","","","",""
"Sunflower","Andhra Pradesh","Kharif","0.09","0.11","0.02","0.02","0.02","0.04","0.08","0.02","0.02","0.02","498.00","688.00","670.00","901.00","753.00"
"Sunflower","Andhra Pradesh","Rabi","0.11","0.10","0.02","0.01","","0.08","0.10","0.02","0.01","","693.00","994.00","1177.00","1088.00",""
"Sunflower","Andhra Pradesh","Total","0.20","0.21","0.04","0.03","0.02","0.12","0.18","0.04","0.03","0.02","605.00","834.00","886.00","963.00","753.00"
"Sunflower","Arunachal Pradesh","Kharif","0.01","0.01","0.01","","","0.01","0.01","0.01","","","835.00","836.00","837.00","",""
"Sunflower","Arunachal Pradesh","Rabi","0.00","","","0.01","","0.00","","","0.00","","0.00","","","837.00",""
"Sunflower","Arunachal Pradesh","Total","0.01","0.01","0.01","0.01","","0.01","0.01","0.01","0.00","","835.00","836.00","837.00","837.00",""
"Sunflower","Assam","Kharif","","","","","","0.00","","","","","","","","",""
"Sunflower","Assam","Rabi","","","","","","0.00","","","","","","","","",""
"Sunflower","Assam","Total","","","","","","0.00","","","","","","","","",""
"Sunflower","Bihar","Kharif","0.01","0.01","0.01","0.01","0.01","0.01","0.01","0.01","0.01","0.01","1307.00","1404.00","1392.00","1377.00","1391.00"
"Sunflower","Bihar","Rabi","0.06","0.02","0.02","0.01","","0.08","0.03","0.02","0.01","","1439.00","1492.00","1437.00","1538.00",""
"Sunflower","Bihar","Summer","","0.04","0.04","0.01","","","0.05","0.05","0.02","","","1389.00","1387.00","1433.00",""
"Sunflower","Bihar","Total","0.06","0.06","0.06","0.03","0.01","0.09","0.09","0.09","0.05","0.01","1422.00","1419.00","1401.00","1450.00","1391.00"
"Sunflower","Chandigarh","Kharif","0.00","","","","","0.00","","","","","0.00","","","",""
"Sunflower","Chandigarh","Rabi","0.00","","","","","0.00","","","","","0.00","","","",""
"Sunflower","Chandigarh","Total","0.00","","","","","0.00","","","","","0.00","","","",""
"Sunflower","Chhattisgarh","Kharif","0.00","0.00","0.00","0.00","0.00","0.00","0.00","0.00","0.00","0.00","533.00","528.00","571.00","501.00","362.00"
"Sunflower","Chhattisgarh","Rabi","","","","","","0.00","","","","","","","","",""
"Sunflower","Chhattisgarh","Total","0.00","0.00","0.00","0.00","0.00","0.00","0.00","0.00","0.00","0.00","533.00","528.00","571.00","501.00","362.00"
"Sunflower","Dadra And Nagar Haveli","Kharif","","","","","","0.00","","","","","","","","",""
"Sunflower","Dadra And Nagar Haveli","Rabi","","","","","","0.00","","","","","","","","",""
"Sunflower","Dadra And Nagar Haveli","Total","","","","","","0.00","","","","","","","","",""
"Sunflower","Daman And Diu","Kharif","0.00","","","","","0.00","","","","","0.00","","","",""
"Sunflower","Daman And Diu","Rabi","0.00","","","","","0.00","","","","","0.00","","","",""
"Sunflower","Daman And Diu","Total","0.00","","","","","0.00","","","","","0.00","","","",""
"Sunflower","Delhi","Kharif","0.00","","","","","0.00","","","","","0.00","","","",""
"Sunflower","Delhi","Rabi","0.00","","","","","0.00","","","","","0.00","","","",""
"Sunflower","Delhi","Total","0.00","","","","","0.00","","","","","0.00","","","",""
"Sunflower","Goa","Kharif","","","","","","0.00","","","","","","","","",""
"Sunflower","Goa","Rabi","","","","","","0.00","","","","","","","","",""
"Sunflower","Goa","Total","","","","","","0.00","","","","","","","","",""
"Sunflower","Gujarat","Kharif","","","","","","0.00","","","","","","","","",""
"Sunflower","Gujarat","Rabi","0.00","0.02","0.00","0.02","","0.00","0.02","0.01","0.04","","0.00","1168.00","1520.00","1644.00",""
"Sunflower","Gujarat","Total","0.00","0.02","0.00","0.02","","0.00","0.02","0.01","0.04","","0.00","1168.00","1520.00","1644.00",""
"Sunflower","Haryana","Kharif","0.00","","","","","0.00","","","","","0.00","","","",""
"Sunflower","Haryana","Rabi","0.13","0.14","0.15","0.25","","0.18","0.25","0.29","0.53","","1393.00","1746.00","1942.00","2158.00",""
"Sunflower","Haryana","Total","0.13","0.14","0.15","0.25","","0.18","0.25","0.29","0.53","","1393.00","1746.00","1942.00","2158.00",""
"Sunflower","Himachal Pradesh","Kharif","","","","","","0.00","","","","","","","","",""
"Sunflower","Himachal Pradesh","Rabi","","","","","","0.00","","","","","","","","",""
"Sunflower","Himachal Pradesh","Total","","","","","","0.00","","","","","","","","",""
"Sunflower","Jammu And Kashmir","Kharif","0.00","","","","","0.00","","","","","0.00","","","",""
"Sunflower","Jammu And Kashmir","Rabi","0.00","","","","","0.00","","","","","0.00","","","",""
"Sunflower","Jammu And Kashmir","Total","0.00","","","","","0.00","","","","","0.00","","","",""
"Sunflower","Jharkhand","Kharif","0.00","0.00","0.00","0.00","0.03","0.00","0.00","0.00","0.00","0.02","676.00","601.00","739.00","434.00","739.00"
"Sunflower","Jharkhand","Rabi","0.00","0.00","0.02","0.00","","0.00","0.00","0.01","0.00","","500.00","625.00","704.00","818.00",""
"Sunflower","Jharkhand","Total","0.00","0.00","0.02","0.00","0.03","0.00","0.00","0.01","0.00","0.02","560.00","614.00","705.00","599.00","739.00"
"Sunflower","Karnataka","Kharif","1.15","1.86","0.58","0.64","0.56","0.97","1.82","0.53","0.63","0.54","846.00","978.00","911.00","986.00","958.00"
"Sunflower","Karnataka","Rabi","0.47","0.57","0.15","0.35","","0.39","0.49","0.17","0.39","","830.00","865.00","1127.00","1102.00",""
"Sunflower","Karnataka","Summer","","0.03","0.02","0.03","","","0.04","0.03","0.04","","","1218.00","1336.00","1192.00",""
"Sunflower","Karnataka","Total","1.62","2.46","0.75","1.02","0.56","1.36","2.35","0.72","1.05","0.54","841.00","955.00","966.00","1032.00","958.00"
"Sunflower","Kerala","Kharif","0.00","0.00","","0.00","","0.00","0.00","","0.00","","0.00","1250.00","","1200.00",""
"Sunflower","Kerala","Rabi","0.00","0.00","","0.00","","0.00","0.00","","0.00","","263.00","1000.00","","1250.00",""
"Sunflower","Kerala","Summer","","0.00","","0.00","","","0.00","","0.00","","","1000.00","","662.00",""
"Sunflower","Kerala","Total","0.00","0.00","","0.00","","0.00","0.00","","0.00","","250.00","1125.00","","959.00",""
"Sunflower","Ladakh","Kharif","0.00","","","","","0.00","","","","","0.00","","","",""
"Sunflower","Ladakh","Rabi","0.00","","","","","0.00","","","","","0.00","","","",""
"Sunflower","Ladakh","Total","0.00","","","","","0.00","","","","","0.00","","","",""
"Sunflower","Lakshadweep","Kharif","0.00","","","","","0.00","","","","","0.00","","","",""
"Sunflower","Lakshadweep","Rabi","0.00","","","","","0.00","","","","","0.00","","","",""
"Sunflower","Lakshadweep","Total","0.00","","","","","0.00","","","","","0.00","","","",""
"Sunflower","Madhya Pradesh","Kharif","0.00","","","","","0.00","","","","","0.00","","","",""
"Sunflower","Madhya Pradesh","Rabi","0.00","","","","","0.00","","","","","0.00","","","",""
"Sunflower","Madhya Pradesh","Total","0.00","","","","","0.00","","","","","0.00","","","",""
"Sunflower","Maharashtra","Kharif","0.11","0.16","0.03","0.09","0.04","0.05","0.07","0.00","0.04","0.02","431.00","433.00","173.00","451.00","494.00"
"Sunflower","Maharashtra","Rabi","0.09","0.10","0.02","0.02","","0.07","0.06","0.01","0.01","","768.00","597.00","414.00","580.00",""
"Sunflower","Maharashtra","Summer","","0.04","0.01","0.02","","","0.02","0.01","0.03","","","514.00","759.00","1205.00",""
"Sunflower","Maharashtra","Total","0.20","0.30","0.06","0.14","0.04","0.12","0.15","0.02","0.08","0.02","590.00","498.00","387.00","597.00","494.00"
"Sunflower","Manipur","Kharif","0.00","","","","","0.00","","","","","0.00","","","",""
"Sunflower","Manipur","Rabi","0.00","","","","","0.00","","","","","0.00","","","",""
"Sunflower","Manipur","Total","0.00","","","","","0.00","","","","","0.00","","","",""
"Sunflower","Meghalaya","Kharif","0.00","","","","","0.00","","","","","0.00","","","",""
"Sunflower","Meghalaya","Rabi","","","","","","0.00","","","","","","","","",""
"Sunflower","Meghalaya","Total","0.00","","","","","0.00","","","","","0.00","","","",""
"Sunflower","Mizoram","Kharif","0.00","","","","","0.00","","","","","0.00","","","",""
"Sunflower","Mizoram","Rabi","","","","","","0.00","","","","","","","","",""
"Sunflower","Mizoram","Total","0.00","","","","","0.00","","","","","0.00","","","",""
"Sunflower","Nagaland","Kharif","0.00","0.00","0.00","0.00","","0.00","0.00","0.00","0.00","","1127.00","905.00","872.00","849.00",""
"Sunflower","Nagaland","Rabi","0.00","","","","","0.00","","","","","0.00","","","",""
"Sunflower","Nagaland","Total","0.00","0.00","0.00","0.00","","0.00","0.00","0.00","0.00","","1127.00","905.00","872.00","849.00",""
"Sunflower","Odisha","Kharif","0.00","0.00","0.00","0.01","0.01","0.00","0.00","0.00","0.01","0.01","771.00","813.00","813.00","790.00","787.00"
"Sunflower","Odisha","Rabi","0.15","","","","","0.19","","","","","1260.00","","","",""
"Sunflower","Odisha","Summer","","0.18","0.18","0.21","","","0.23","0.23","0.27","","","1264.00","1264.00","1250.00",""
"Sunflower","Odisha","Total","0.15","0.18","0.18","0.22","0.01","0.19","0.23","0.23","0.27","0.01","1245.00","1256.00","1256.00","1229.00","787.00"
"Sunflower","Puducherry","Kharif","","","","","","0.00","","","","","","","","",""
"Sunflower","Puducherry","Rabi","0.00","","","","","0.00","","","","","0.00","","","",""
"Sunflower","Puducherry","Total","0.00","","","","","0.00","","","","","0.00","","","",""
"Sunflower","Punjab","Kharif","","","","","","0.00","","","","","","","","",""
"Sunflower","Punjab","Rabi","0.01","0.02","0.01","0.01","","0.02","0.03","0.02","0.02","","1680.00","1740.00","2022.00","1930.00",""
"Sunflower","Punjab","Total","0.01","0.02","0.01","0.01","","0.02","0.03","0.02","0.02","","1680.00","1740.00","2022.00","1930.00",""
"Sunflower","Rajasthan","Kharif","","","","","","0.00","","","","","","","","",""
"Sunflower","Rajasthan","Rabi","0.00","","","","","0.00","","","","","0.00","","","",""
"Sunflower","Rajasthan","Total","0.00","","","","","0.00","","","","","0.00","","","",""
"Sunflower","Sikkim","Kharif","","","","","","0.00","","","","","","","","",""
"Sunflower","Sikkim","Rabi","","","","","","0.00","","","","","","","","",""
"Sunflower","Sikkim","Total","","","","","","0.00","","","","","","","","",""
"Sunflower","Tamil Nadu","Kharif","0.01","0.03","0.01","0.00","0.01","0.02","0.05","0.02","0.01","0.02","1724.00","1596.00","1594.00","1935.00","1853.00"
"Sunflower","Tamil Nadu","Rabi","0.04","0.06","0.05","0.05","","0.03","0.05","0.04","0.04","","764.00","778.00","698.00","902.00",""
"Sunflower","Tamil Nadu","Summer","","0.01","0.00","0.01","","","0.00","0.00","0.01","","","778.00","618.00","902.00",""
"Sunflower","Tamil Nadu","Total","0.06","0.10","0.07","0.06","0.01","0.05","0.10","0.06","0.06","0.02","981.00","1050.00","886.00","970.00","1853.00"
"Sunflower","Telangana","Kharif","0.00","","","0.00","","0.00","","","0.00","","0.00","","","1581.00",""
"Sunflower","Telangana","Rabi","0.18","0.08","0.09","0.09","","0.24","0.15","0.15","0.14","","1360.00","1865.00","1698.00","1632.00",""
"Sunflower","Telangana","Total","0.18","0.08","0.09","0.09","","0.24","0.15","0.15","0.14","","1360.00","1865.00","1698.00","1632.00",""
"Sunflower","Tripura","Kharif","0.00","","","","","0.00","","","","","0.00","","","",""
"Sunflower","Tripura","Rabi","0.00","","","","","0.00","","","","","0.00","","","",""
"Sunflower","Tripura","Total","0.00","","","","","0.00","","","","","0.00","","","",""
"Sunflower","Uttar Pradesh","Kharif","","","","","","0.00","","","","","","","","",""
"Sunflower","Uttar Pradesh","Rabi","0.04","","","","","0.05","","","","","1342.00","","","",""
"Sunflower","Uttar Pradesh","Summer","","0.02","0.02","0.01","","","0.03","0.03","0.02","","","1365.00","1375.00","1851.00",""
"Sunflower","Uttar Pradesh","Total","0.04","0.02","0.02","0.01","","0.05","0.03","0.03","0.02","","1342.00","1365.00","1375.00","1851.00",""
"Sunflower","Uttarakhand","Kharif","","","0.00","","","0.00","","0.00","","","","","562.00","",""
"Sunflower","Uttarakhand","Rabi","","","","","","0.00","","","","","","","","",""
"Sunflower","Uttarakhand","Total","","","0.00","","","0.00","","0.00","","","","","562.00","",""
"Sunflower","West Bengal","Kharif","","","","","","0.00","","","","","","","","",""
"Sunflower","West Bengal","Rabi","0.04","","","","","0.05","","","","","1218.00","","","",""
"Sunflower","West Bengal","Summer","","0.05","0.04","0.05","","","0.06","0.05","0.05","","","1247.00","1148.00","1150.00",""
"Sunflower","West Bengal","Total","0.04","0.05","0.04","0.05","","0.05","0.06","0.05","0.05","","1218.00","1247.00","1148.00","1150.00",""
"Sunflower","Others","Kharif","","","","","0.00","","","","","0.00","","","","","849.00"
"Sunflower","Others","Total","","","","","0.00","","","","","0.00","","","","","849.00"
"Sunflower","All India","Kharif","1.38","2.18","0.67","0.78","0.69","1.11","2.04","0.60","0.72","0.64","802.00","933.00","894.00","925.00","929.00"
"Sunflower","All India","Rabi","1.33","1.10","0.53","0.81","","1.39","1.17","0.74","1.21","","1048.00","1061.00","1397.00","1481.00",""
"Sunflower","All India","Summer","","0.36","0.32","0.35","","","0.43","0.39","0.43","","","1181.00","1247.00","1241.00",""
"Sunflower","All India","Total","2.71","3.64","1.51","1.94","0.69","2.50","3.63","1.73","2.36","0.64","923.00","996.00","1144.00","1214.00","929.00"
"Rapeseed & Mustard","Andaman And Nicobar Islands","Rabi","0.00","","","","","0.00","","","","","0.00","","","",""
"Rapeseed & Mustard","Andaman And Nicobar Islands","Total","0.00","","","","","0.00","","","","","0.00","","","",""
"Rapeseed & Mustard","Andhra Pradesh","Rabi","0.03","0.02","0.01","0.02","","0.02","0.01","0.01","0.01","","645.00","742.00","545.00","705.00",""
"Rapeseed & Mustard","Andhra Pradesh","Total","0.03","0.02","0.01","0.02","","0.02","0.01","0.01","0.01","","645.00","742.00","545.00","705.00",""
"Rapeseed & Mustard","Arunachal Pradesh","Rabi","0.29","0.29","0.29","0.29","","0.30","0.30","0.30","0.30","","1034.00","1038.00","1043.00","1045.00",""
"Rapeseed & Mustard","Arunachal Pradesh","Total","0.29","0.29","0.29","0.29","","0.30","0.30","0.30","0.30","","1034.00","1038.00","1043.00","1045.00",""
"Rapeseed & Mustard","Assam","Rabi","2.89","2.96","3.20","3.07","","1.86","2.33","2.51","2.42","","644.00","788.00","786.00","788.00",""
"Rapeseed & Mustard","Assam","Total","2.89","2.96","3.20","3.07","","1.86","2.33","2.51","2.42","","644.00","788.00","786.00","788.00",""
"Rapeseed & Mustard","Bihar","Rabi","0.79","0.81","0.97","0.89","","0.88","0.95","1.22","1.07","","1125.00","1175.00","1263.00","1204.00",""
"Rapeseed & Mustard","Bihar","Total","0.79","0.81","0.97","0.89","","0.88","0.95","1.22","1.07","","1125.00","1175.00","1263.00","1204.00",""
"Rapeseed & Mustard","Chandigarh","Rabi","0.00","","","","","0.00","","","","","0.00","","","",""
"Rapeseed & Mustard","Chandigarh","Total","0.00","","","","","0.00","","","","","0.00","","","",""
"Rapeseed & Mustard","Chhattisgarh","Rabi","0.37","0.30","0.28","0.27","","0.19","0.16","0.12","0.12","","514.00","520.00","441.00","441.00",""
"Rapeseed & Mustard","Chhattisgarh","Total","0.37","0.30","0.28","0.27","","0.19","0.16","0.12","0.12","","514.00","520.00","441.00","441.00",""
"Rapeseed & Mustard","Dadra And Nagar Haveli","Rabi","0.00","","","","","0.00","","","","","0.00","","","",""
"Rapeseed & Mustard","Dadra And Nagar Haveli","Total","0.00","","","","","0.00","","","","","0.00","","","",""
"Rapeseed & Mustard","Daman And Diu","Rabi","0.00","","","","","0.00","","","","","0.00","","","",""
"Rapeseed & Mustard","Daman And Diu","Total","0.00","","","","","0.00","","","","","0.00","","","",""
"Rapeseed & Mustard","Delhi","Rabi","0.04","0.00","0.05","0.05","","0.06","0.00","0.07","0.07","","1300.00","1375.00","1600.00","1600.00",""
"Rapeseed & Mustard","Delhi","Total","0.04","0.00","0.05","0.05","","0.06","0.00","0.07","0.07","","1300.00","1375.00","1600.00","1600.00",""
"Rapeseed & Mustard","Goa","Rabi","0.00","","","","","0.00","","","","","0.00","","","",""
"Rapeseed & Mustard","Goa","Total","0.00","","","","","0.00","","","","","0.00","","","",""
"Rapeseed & Mustard","Gujarat","Rabi","2.51","3.07","2.77","2.58","","5.01","6.04","5.26","4.83","","1995.00","1966.00","1896.00","1871.00",""
"Rapeseed & Mustard","Gujarat","Total","2.51","3.07","2.77","2.58","","5.01","6.04","5.26","4.83","","1995.00","1966.00","1896.00","1871.00",""
"Rapeseed & Mustard","Haryana","Rabi","7.14","7.65","7.41","6.68","","13.66","13.02","13.45","14.34","","1914.00","1701.00","1816.00","2146.00",""
"Rapeseed & Mustard","Haryana","Total","7.14","7.65","7.41","6.68","","13.66","13.02","13.45","14.34","","1914.00","1701.00","1816.00","2146.00",""
"Rapeseed & Mustard","Himachal Pradesh","Rabi","0.08","0.09","0.08","0.08","","0.07","0.07","0.07","0.06","","808.00","810.00","810.00","810.00",""
"Rapeseed & Mustard","Himachal Pradesh","Total","0.08","0.09","0.08","0.08","","0.07","0.07","0.07","0.06","","808.00","810.00","810.00","810.00",""
"Rapeseed & Mustard","Jammu And Kashmir","Rabi","0.43","0.41","0.41","0.41","","0.34","0.36","0.36","0.36","","785.00","879.00","879.00","879.00",""
"Rapeseed & Mustard","Jammu And Kashmir","Total","0.43","0.41","0.41","0.41","","0.34","0.36","0.36","0.36","","785.00","879.00","879.00","879.00",""
"Rapeseed & Mustard","Jharkhand","Rabi","4.06","3.84","4.14","4.58","","3.33","3.20","3.31","4.05","","819.00","834.00","801.00","883.00",""
"Rapeseed & Mustard","Jharkhand","Total","4.06","3.84","4.14","4.58","","3.33","3.20","3.31","4.05","","819.00","834.00","801.00","883.00",""
"Rapeseed & Mustard","Karnataka","Rabi","0.00","","0.04","","","0.00","","0.01","","","225.00","","188.00","",""
"Rapeseed & Mustard","Karnataka","Total","0.00","","0.04","","","0.00","","0.01","","","225.00","","188.00","",""
"Rapeseed & Mustard","Kerala","Rabi","0.00","0.00","","0.00","","0.00","0.00","","0.00","","1000.00","1000.00","","987.00",""
"Rapeseed & Mustard","Kerala","Total","0.00","0.00","","0.00","","0.00","0.00","","0.00","","1000.00","1000.00","","987.00",""
"Rapeseed & Mustard","Ladakh","Rabi","0.00","0.01","0.01","0.00","","0.00","0.00","0.00","0.00","","0.00","154.00","154.00","823.00",""
"Rapeseed & Mustard","Ladakh","Total","0.00","0.01","0.01","0.00","","0.00","0.00","0.00","0.00","","0.00","154.00","154.00","823.00",""
"Rapeseed & Mustard","Lakshadweep","Rabi","0.00","","","","","0.00","","","","","0.00","","","",""
"Rapeseed & Mustard","Lakshadweep","Total","0.00","","","","","0.00","","","","","0.00","","","",""
"Rapeseed & Mustard","Madhya Pradesh","Rabi","12.26","10.07","13.35","8.38","","16.91","15.51","19.62","11.08","","1379.00","1540.00","1470.00","1322.00",""
"Rapeseed & Mustard","Madhya Pradesh","Total","12.26","10.07","13.35","8.38","","16.91","15.51","19.62","11.08","","1379.00","1540.00","1470.00","1322.00",""
"Rapeseed & Mustard","Maharashtra","Rabi","0.30","0.31","0.19","0.25","","0.10","0.10","0.07","0.10","","348.00","317.00","381.00","403.00",""
"Rapeseed & Mustard","Maharashtra","Total","0.30","0.31","0.19","0.25","","0.10","0.10","0.07","0.10","","348.00","317.00","381.00","403.00",""
"Rapeseed & Mustard","Manipur","Rabi","0.30","0.32","0.31","0.25","","0.20","0.24","0.23","0.24","","670.00","745.00","720.00","960.00",""
"Rapeseed & Mustard","Manipur","Total","0.30","0.32","0.31","0.25","","0.20","0.24","0.23","0.24","","670.00","745.00","720.00","960.00",""
"Rapeseed & Mustard","Meghalaya","Rabi","0.10","0.10","0.10","0.10","","0.09","0.09","0.09","0.09","","940.00","940.00","940.00","940.00",""
"Rapeseed & Mustard","Meghalaya","Total","0.10","0.10","0.10","0.10","","0.09","0.09","0.09","0.09","","940.00","940.00","940.00","940.00",""
"Rapeseed & Mustard","Mizoram","Rabi","0.01","0.01","0.00","0.00","","0.00","0.00","0.00","0.00","","614.00","729.00","761.00","1420.00",""
"Rapeseed & Mustard","Mizoram","Total","0.01","0.01","0.00","0.00","","0.00","0.00","0.00","0.00","","614.00","729.00","761.00","1420.00",""
"Rapeseed & Mustard","Nagaland","Rabi","0.08","0.15","0.16","0.16","","0.08","0.16","0.17","0.17","","1037.00","1060.00","1080.00","1102.00",""
"Rapeseed & Mustard","Nagaland","Total","0.08","0.15","0.16","0.16","","0.08","0.16","0.17","0.17","","1037.00","1060.00","1080.00","1102.00",""
"Rapeseed & Mustard","Odisha","Rabi","0.18","0.15","0.21","0.17","","0.06","0.05","0.08","0.06","","323.00","350.00","363.00","342.00",""
"Rapeseed & Mustard","Odisha","Total","0.18","0.15","0.21","0.17","","0.06","0.05","0.08","0.06","","323.00","350.00","363.00","342.00",""
"Rapeseed & Mustard","Puducherry","Rabi","0.00","","","","","0.00","","","","","0.00","","","",""
"Rapeseed & Mustard","Puducherry","Total","0.00","","","","","0.00","","","","","0.00","","","",""
"Rapeseed & Mustard","Punjab","Rabi","0.44","0.54","0.43","0.42","","0.69","0.87","0.69","0.74","","1579.00","1604.00","1611.00","1766.00",""
"Rapeseed & Mustard","Punjab","Total","0.44","0.54","0.43","0.42","","0.69","0.87","0.69","0.74","","1579.00","1604.00","1611.00","1766.00",""
"Rapeseed & Mustard","Rajasthan","Rabi","33.66","39.73","37.66","34.93","","57.76","58.32","57.58","54.21","","1716.00","1468.00","1529.00","1552.00",""
"Rapeseed & Mustard","Rajasthan","Total","33.66","39.73","37.66","34.93","","57.76","58.32","57.58","54.21","","1716.00","1468.00","1529.00","1552.00",""
"Rapeseed & Mustard","Sikkim","Rabi","0.03","0.02","0.02","0.02","","0.03","0.02","0.02","0.02","","878.00","878.00","870.00","870.00",""
"Rapeseed & Mustard","Sikkim","Total","0.03","0.02","0.02","0.02","","0.03","0.02","0.02","0.02","","878.00","878.00","870.00","870.00",""
"Rapeseed & Mustard","Tamil Nadu","Rabi","0.00","0.00","0.00","0.00","","0.00","0.00","0.00","0.00","","233.00","233.00","238.00","235.00",""
"Rapeseed & Mustard","Tamil Nadu","Total","0.00","0.00","0.00","0.00","","0.00","0.00","0.00","0.00","","233.00","233.00","238.00","235.00",""
"Rapeseed & Mustard","Telangana","Rabi","0.02","0.01","","0.00","","0.02","0.01","","0.00","","922.00","1316.00","","799.00",""
"Rapeseed & Mustard","Telangana","Total","0.02","0.01","","0.00","","0.02","0.01","","0.00","","922.00","1316.00","","799.00",""
"Rapeseed & Mustard","Tripura","Rabi","0.07","0.07","0.07","0.08","","0.06","0.06","0.06","0.07","","841.00","848.00","848.00","897.00",""
"Rapeseed & Mustard","Tripura","Total","0.07","0.07","0.07","0.08","","0.06","0.06","0.06","0.07","","841.00","848.00","848.00","897.00",""
"Rapeseed & Mustard","Uttar Pradesh","Rabi","7.55","10.82","13.11","16.34","","10.33","16.20","19.16","24.09","","1368.00","1497.00","1462.00","1474.00",""
"Rapeseed & Mustard","Uttar Pradesh","Total","7.55","10.82","13.11","16.34","","10.33","16.20","19.16","24.09","","1368.00","1497.00","1462.00","1474.00",""
"Rapeseed & Mustard","Uttarakhand","Rabi","0.19","0.20","0.24","0.18","","0.16","0.19","0.24","0.19","","833.00","940.00","1005.00","1055.00",""
"Rapeseed & Mustard","Uttarakhand","Total","0.19","0.20","0.24","0.18","","0.16","0.19","0.24","0.19","","833.00","940.00","1005.00","1055.00",""
"Rapeseed & Mustard","West Bengal","Rabi","6.10","6.57","6.33","6.37","","7.43","8.16","7.87","7.96","","1218.00","1243.00","1244.00","1250.00",""
"Rapeseed & Mustard","West Bengal","Total","6.10","6.57","6.33","6.37","","7.43","8.16","7.87","7.96","","1218.00","1243.00","1244.00","1250.00",""
"Rapeseed & Mustard","All India","Rabi","79.91","88.52","91.83","86.57","","119.63","126.43","132.59","126.67","","1497.00","1428.00","1444.00","1463.00",""
"Rapeseed & Mustard","All India","Total","79.91","88.52","91.83","86.57","","119.63","126.43","132.59","126.67","","1497.00","1428.00","1444.00","1463.00",""
"Linseed","Andaman And Nicobar Islands","Rabi","0.00","","","","","0.00","","","","","0.00","","","",""
"Linseed","Andaman And Nicobar Islands","Total","0.00","","","","","0.00","","","","","0.00","","","",""
"Linseed","Andhra Pradesh","Rabi","0.00","","","","","0.00","","","","","0.00","","","",""
"Linseed","Andhra Pradesh","Total","0.00","","","","","0.00","","","","","0.00","","","",""
"Linseed","Arunachal Pradesh","Rabi","0.00","","","","","0.00","","","","","0.00","","","",""
"Linseed","Arunachal Pradesh","Total","0.00","","","","","0.00","","","","","0.00","","","",""
"Linseed","Assam","Rabi","0.05","0.05","0.05","0.05","","0.03","0.03","0.03","0.03","","622.00","619.00","622.00","637.00",""
"Linseed","Assam","Total","0.05","0.05","0.05","0.05","","0.03","0.03","0.03","0.03","","622.00","619.00","622.00","637.00",""
"Linseed","Bihar","Rabi","0.06","0.05","0.06","0.04","","0.05","0.04","0.05","0.03","","847.00","854.00","848.00","872.00",""
"Linseed","Bihar","Total","0.06","0.05","0.06","0.04","","0.05","0.04","0.05","0.03","","847.00","854.00","848.00","872.00",""
"Linseed","Chandigarh","Rabi","0.00","","","","","0.00","","","","","0.00","","","",""
"Linseed","Chandigarh","Total","0.00","","","","","0.00","","","","","0.00","","","",""
"Linseed","Chhattisgarh","Rabi","0.11","0.10","0.08","0.08","","0.03","0.04","0.04","0.03","","316.00","356.00","472.00","385.00",""
"Linseed","Chhattisgarh","Total","0.11","0.10","0.08","0.08","","0.03","0.04","0.04","0.03","","316.00","356.00","472.00","385.00",""
"Linseed","Dadra And Nagar Haveli","Rabi","","","","","","0.00","","","","","","","","",""
"Linseed","Dadra And Nagar Haveli","Total","","","","","","0.00","","","","","","","","",""
"Linseed","Daman And Diu","Rabi","0.00","","","","","0.00","","","","","0.00","","","",""
"Linseed","Daman And Diu","Total","0.00","","","","","0.00","","","","","0.00","","","",""
"Linseed","Delhi","Rabi","0.00","","","","","0.00","","","","","0.00","","","",""
"Linseed","Delhi","Total","0.00","","","","","0.00","","","","","0.00","","","",""
"Linseed","Goa","Rabi","0.00","","","","","0.00","","","","","0.00","","","",""
"Linseed","Goa","Total","0.00","","","","","0.00","","","","","0.00","","","",""
"Linseed","Gujarat","Rabi","","","","","","0.00","","","","","","","","",""
"Linseed","Gujarat","Total","","","","","","0.00","","","","","","","","",""
"Linseed","Haryana","Rabi","","","","","","0.00","","","","","","","","",""
"Linseed","Haryana","Total","","","","","","0.00","","","","","","","","",""
"Linseed","Himachal Pradesh","Rabi","0.00","0.00","0.00","0.00","","0.00","0.00","0.00","0.00","","271.00","407.00","410.00","410.00",""
"Linseed","Himachal Pradesh","Total","0.00","0.00","0.00","0.00","","0.00","0.00","0.00","0.00","","271.00","407.00","410.00","410.00",""
"Linseed","Jammu And Kashmir","Rabi","0.00","0.00","0.00","0.00","","0.00","0.00","0.00","0.00","","2366.00","2478.00","1831.00","2478.00",""
"Linseed","Jammu And Kashmir","Total","0.00","0.00","0.00","0.00","","0.00","0.00","0.00","0.00","","2366.00","2478.00","1831.00","2478.00",""
"Linseed","Jharkhand","Rabi","0.54","0.47","0.24","0.35","","0.32","0.28","0.14","0.21","","592.00","591.00","575.00","607.00",""
"Linseed","Jharkhand","Total","0.54","0.47","0.24","0.35","","0.32","0.28","0.14","0.21","","592.00","591.00","575.00","607.00",""
"Linseed","Karnataka","Rabi","0.01","0.01","","","","0.00","0.00","","","","357.00","338.00","","",""
"Linseed","Karnataka","Total","0.01","0.01","","","","0.00","0.00","","","","357.00","338.00","","",""
"Linseed","Kerala","Rabi","","","","","","0.00","","","","","","","","",""
"Linseed","Kerala","Total","","","","","","0.00","","","","","","","","",""
"Linseed","Ladakh","Rabi","0.00","","","","","0.00","","","","","0.00","","","",""
"Linseed","Ladakh","Total","0.00","","","","","0.00","","","","","0.00","","","",""
"Linseed","Lakshadweep","Rabi","0.00","","","","","0.00","","","","","0.00","","","",""
"Linseed","Lakshadweep","Total","0.00","","","","","0.00","","","","","0.00","","","",""
"Linseed","Madhya Pradesh","Rabi","0.61","0.77","0.49","0.48","","0.42","0.57","0.33","0.33","","689.00","745.00","683.00","696.00",""
"Linseed","Madhya Pradesh","Total","0.61","0.77","0.49","0.48","","0.42","0.57","0.33","0.33","","689.00","745.00","683.00","696.00",""
"Linseed","Maharashtra","Rabi","0.06","0.06","0.07","0.05","","0.03","0.02","0.02","0.02","","420.00","377.00","371.00","318.00",""
"Linseed","Maharashtra","Total","0.06","0.06","0.07","0.05","","0.03","0.02","0.02","0.02","","420.00","377.00","371.00","318.00",""
"Linseed","Manipur","Rabi","0.00","","","","","0.00","","","","","0.00","","","",""
"Linseed","Manipur","Total","0.00","","","","","0.00","","","","","0.00","","","",""
"Linseed","Meghalaya","Rabi","0.00","0.00","0.00","0.00","","0.00","0.00","0.00","0.00","","600.00","600.00","600.00","600.00",""
"Linseed","Meghalaya","Total","0.00","0.00","0.00","0.00","","0.00","0.00","0.00","0.00","","600.00","600.00","600.00","600.00",""
"Linseed","Mizoram","Rabi","0.00","","","","","0.00","","","","","0.00","","","",""
"Linseed","Mizoram","Total","0.00","","","","","0.00","","","","","0.00","","","",""
"Linseed","Nagaland","Rabi","0.02","0.04","0.03","0.03","","0.02","0.03","0.03","0.03","","790.00","771.00","802.00","800.00",""
"Linseed","Nagaland","Total","0.02","0.04","0.03","0.03","","0.02","0.03","0.03","0.03","","790.00","771.00","802.00","800.00",""
"Linseed","Odisha","Rabi","0.09","0.08","0.08","0.06","","0.04","0.04","0.04","0.03","","488.00","492.00","492.00","551.00",""
"Linseed","Odisha","Total","0.09","0.08","0.08","0.06","","0.04","0.04","0.04","0.03","","488.00","492.00","492.00","551.00",""
"Linseed","Puducherry","Rabi","0.00","","","","","0.00","","","","","0.00","","","",""
"Linseed","Puducherry","Total","0.00","","","","","0.00","","","","","0.00","","","",""
"Linseed","Punjab","Rabi","0.00","","","","","0.00","","","","","0.00","","","",""
"Linseed","Punjab","Total","0.00","","","","","0.00","","","","","0.00","","","",""
"Linseed","Rajasthan","Rabi","0.11","0.23","0.12","0.10","","0.14","0.24","0.14","0.13","","1270.00","1072.00","1145.00","1307.00",""
"Linseed","Rajasthan","Total","0.11","0.23","0.12","0.10","","0.14","0.24","0.14","0.13","","1270.00","1072.00","1145.00","1307.00",""
"Linseed","Sikkim","Rabi","0.00","","","","","0.00","","","","","0.00","","","",""
"Linseed","Sikkim","Total","0.00","","","","","0.00","","","","","0.00","","","",""
"Linseed","Tamil Nadu","Rabi","","","","","","0.00","","","","","","","","",""
"Linseed","Tamil Nadu","Total","","","","","","0.00","","","","","","","","",""
"Linseed","Telangana","Rabi","","","","","","0.00","","","","","","","","",""
"Linseed","Telangana","Total","","","","","","0.00","","","","","","","","",""
"Linseed","Tripura","Rabi","0.00","","","","","0.00","","","","","0.00","","","",""
"Linseed","Tripura","Total","0.00","","","","","0.00","","","","","0.00","","","",""
"Linseed","Uttar Pradesh","Rabi","0.28","0.49","0.49","0.42","","0.17","0.35","0.29","0.26","","608.00","716.00","584.00","627.00",""
"Linseed","Uttar Pradesh","Total","0.28","0.49","0.49","0.42","","0.17","0.35","0.29","0.26","","608.00","716.00","584.00","627.00",""
"Linseed","Uttarakhand","Rabi","","","","","","0.00","","","","","","","","",""
"Linseed","Uttarakhand","Total","","","","","","0.00","","","","","","","","",""
"Linseed","West Bengal","Rabi","0.03","0.03","0.03","0.03","","0.01","0.01","0.02","0.01","","372.00","391.00","485.00","480.00",""
"Linseed","West Bengal","Total","0.03","0.03","0.03","0.03","","0.01","0.01","0.02","0.01","","372.00","391.00","485.00","480.00",""
"Linseed","All India","Rabi","1.97","2.39","1.75","1.69","","1.26","1.67","1.13","1.12","","642.00","698.00","644.00","666.00",""
"Linseed","All India","Total","1.97","2.39","1.75","1.69","","1.26","1.67","1.13","1.12","","642.00","698.00","644.00","666.00",""
"Safflower","Andaman And Nicobar Islands","Rabi","0.00","","","","","0.00","","","","","0.00","","","",""
"Safflower","Andaman And Nicobar Islands","Total","0.00","","","","","0.00","","","","","0.00","","","",""
"Safflower","Andhra Pradesh","Rabi","0.01","0.05","0.02","","","0.01","0.03","0.01","","","664.00","571.00","478.00","",""
"Safflower","Andhra Pradesh","Total","0.01","0.05","0.02","","","0.01","0.03","0.01","","","664.00","571.00","478.00","",""
"Safflower","Arunachal Pradesh","Rabi","0.00","","","","","0.00","","","","","0.00","","","",""
"Safflower","Arunachal Pradesh","Total","0.00","","","","","0.00","","","","","0.00","","","",""
"Safflower","Assam","Rabi","","","","","","0.00","","","","","","","","",""
"Safflower","Assam","Total","","","","","","0.00","","","","","","","","",""
"Safflower","Bihar","Rabi","0.00","0.00","0.00","0.00","","0.00","0.00","0.00","0.00","","814.00","821.00","825.00","918.00",""
"Safflower","Bihar","Total","0.00","0.00","0.00","0.00","","0.00","0.00","0.00","0.00","","814.00","821.00","825.00","918.00",""
"Safflower","Chandigarh","Rabi","0.00","","","","","0.00","","","","","0.00","","","",""
"Safflower","Chandigarh","Total","0.00","","","","","0.00","","","","","0.00","","","",""
"Safflower","Chhattisgarh","Rabi","0.00","0.00","0.00","0.00","","0.00","0.00","0.00","0.00","","333.00","330.00","330.00","330.00",""
"Safflower","Chhattisgarh","Total","0.00","0.00","0.00","0.00","","0.00","0.00","0.00","0.00","","333.00","330.00","330.00","330.00",""
"Safflower","Dadra And Nagar Haveli","Rabi","","","","","","0.00","","","","","","","","",""
"Safflower","Dadra And Nagar Haveli","Total","","","","","","0.00","","","","","","","","",""
"Safflower","Daman And Diu","Rabi","0.00","","","","","0.00","","","","","0.00","","","",""
"Safflower","Daman And Diu","Total","0.00","","","","","0.00","","","","","0.00","","","",""
"Safflower","Delhi","Rabi","0.00","","","","","0.00","","","","","0.00","","","",""
"Safflower","Delhi","Total","0.00","","","","","0.00","","","","","0.00","","","",""
"Safflower","Goa","Rabi","","","","","","0.00","","","","","","","","",""
"Safflower","Goa","Total","","","","","","0.00","","","","","","","","",""
"Safflower","Gujarat","Rabi","","","","","","0.00","","","","","","","","",""
"Safflower","Gujarat","Total","","","","","","0.00","","","","","","","","",""
"Safflower","Haryana","Rabi","","","","","","0.00","","","","","","","","",""
"Safflower","Haryana","Total","","","","","","0.00","","","","","","","","",""
"Safflower","Himachal Pradesh","Rabi","","","","","","0.00","","","","","","","","",""
"Safflower","Himachal Pradesh","Total","","","","","","0.00","","","","","","","","",""
"Safflower","Jammu And Kashmir","Rabi","0.00","","","","","0.00","","","","","0.00","","","",""
"Safflower","Jammu And Kashmir","Total","0.00","","","","","0.00","","","","","0.00","","","",""
"Safflower","Jharkhand","Rabi","0.00","0.00","0.00","0.00","","0.00","0.00","0.00","0.00","","359.00","489.00","767.00","767.00",""
"Safflower","Jharkhand","Total","0.00","0.00","0.00","0.00","","0.00","0.00","0.00","0.00","","359.00","489.00","767.00","767.00",""
"Safflower","Karnataka","Rabi","0.42","0.62","0.17","0.19","","0.34","0.56","0.13","0.14","","809.00","897.00","745.00","732.00",""
"Safflower","Karnataka","Total","0.42","0.62","0.17","0.19","","0.34","0.56","0.13","0.14","","809.00","897.00","745.00","732.00",""
"Safflower","Kerala","Rabi","","","","","","0.00","","","","","","","","",""
"Safflower","Kerala","Total","","","","","","0.00","","","","","","","","",""
"Safflower","Ladakh","Rabi","0.00","","","","","0.00","","","","","0.00","","","",""
"Safflower","Ladakh","Total","0.00","","","","","0.00","","","","","0.00","","","",""
"Safflower","Lakshadweep","Rabi","0.00","","","","","0.00","","","","","0.00","","","",""
"Safflower","Lakshadweep","Total","0.00","","","","","0.00","","","","","0.00","","","",""
"Safflower","Madhya Pradesh","Rabi","0.00","","","","","0.00","","","","","0.00","","","",""
"Safflower","Madhya Pradesh","Total","0.00","","","","","0.00","","","","","0.00","","","",""
"Safflower","Maharashtra","Rabi","0.28","0.32","0.41","0.42","","0.19","0.23","0.32","0.26","","691.00","715.00","771.00","608.00",""
"Safflower","Maharashtra","Total","0.28","0.32","0.41","0.42","","0.19","0.23","0.32","0.26","","691.00","715.00","771.00","608.00",""
"Safflower","Manipur","Rabi","0.00","","","","","0.00","","","","","0.00","","","",""
"Safflower","Manipur","Total","0.00","","","","","0.00","","","","","0.00","","","",""
"Safflower","Meghalaya","Rabi","0.00","","","","","0.00","","","","","0.00","","","",""
"Safflower","Meghalaya","Total","0.00","","","","","0.00","","","","","0.00","","","",""
"Safflower","Mizoram","Rabi","0.00","","","","","0.00","","","","","0.00","","","",""
"Safflower","Mizoram","Total","0.00","","","","","0.00","","","","","0.00","","","",""
"Safflower","Nagaland","Rabi","","","","","","0.00","","","","","","","","",""
"Safflower","Nagaland","Total","","","","","","0.00","","","","","","","","",""
"Safflower","Odisha","Rabi","0.01","0.01","0.01","0.00","","0.00","0.00","0.00","0.00","","619.00","630.00","630.00","737.00",""
"Safflower","Odisha","Total","0.01","0.01","0.01","0.00","","0.00","0.00","0.00","0.00","","619.00","630.00","630.00","737.00",""
"Safflower","Puducherry","Rabi","","","","","","0.00","","","","","","","","",""
"Safflower","Puducherry","Total","","","","","","0.00","","","","","","","","",""
"Safflower","Punjab","Rabi","","","","","","0.00","","","","","","","","",""
"Safflower","Punjab","Total","","","","","","0.00","","","","","","","","",""
"Safflower","Rajasthan","Rabi","","","","","","0.00","","","","","","","","",""
"Safflower","Rajasthan","Total","","","","","","0.00","","","","","","","","",""
"Safflower","Sikkim","Rabi","","","","","","0.00","","","","","","","","",""
"Safflower","Sikkim","Total","","","","","","0.00","","","","","","","","",""
"Safflower","Tamil Nadu","Rabi","","","","","","0.00","","","","","","","","",""
"Safflower","Tamil Nadu","Total","","","","","","0.00","","","","","","","","",""
"Safflower","Telangana","Rabi","0.07","0.09","0.04","0.02","","0.07","0.08","0.04","0.03","","987.00","900.00","1017.00","1316.00",""
"Safflower","Telangana","Total","0.07","0.09","0.04","0.02","","0.07","0.08","0.04","0.03","","987.00","900.00","1017.00","1316.00",""
"Safflower","Tripura","Rabi","0.00","","","","","0.00","","","","","0.00","","","",""
"Safflower","Tripura","Total","0.00","","","","","0.00","","","","","0.00","","","",""
"Safflower","Uttar Pradesh","Rabi","","","","","","0.00","","","","","","","","",""
"Safflower","Uttar Pradesh","Total","","","","","","0.00","","","","","","","","",""
"Safflower","Uttarakhand","Rabi","","","","","","0.00","","","","","","","","",""
"Safflower","Uttarakhand","Total","","","","","","0.00","","","","","","","","",""
"Safflower","West Bengal","Rabi","0.00","0.00","0.00","0.00","","0.00","0.00","0.00","0.00","","600.00","600.00","350.00","350.00",""
"Safflower","West Bengal","Total","0.00","0.00","0.00","0.00","","0.00","0.00","0.00","0.00","","600.00","600.00","350.00","350.00",""
"Safflower","All India","Rabi","0.79","1.09","0.65","0.64","","0.61","0.90","0.50","0.43","","777.00","826.00","768.00","672.00",""
"Safflower","All India","Total","0.79","1.09","0.65","0.64","","0.61","0.90","0.50","0.43","","777.00","826.00","768.00","672.00",""
"Total Oil Seeds","Andaman And Nicobar Islands","Kharif","0.00","0.00","","","","0.00","0.00","","","","571.00","573.00","","",""
"Total Oil Seeds","Andaman And Nicobar Islands","Rabi","0.00","","","","","0.00","","","","","0.00","","","",""
"Total Oil Seeds","Andaman And Nicobar Islands","Total","0.00","0.00","","","","0.00","0.00","","","","533.00","573.00","","",""
"Total Oil Seeds","Andhra Pradesh","Kharif","7.94","5.89","3.27","3.30","2.47","3.39","3.82","2.01","2.89","1.74","426.00","649.00","615.00","877.00","705.00"
"Total Oil Seeds","Andhra Pradesh","Rabi","1.17","1.30","1.00","0.74","","2.10","2.92","1.78","1.27","","1798.00","2245.00","1782.00","1718.00",""
"Total Oil Seeds","Andhra Pradesh","Total","9.11","7.19","4.27","4.04","2.47","5.49","6.74","3.79","4.16","1.74","603.00","937.00","889.00","1031.00","705.00"
"Total Oil Seeds","Arunachal Pradesh","Kharif","0.07","0.08","0.08","0.08","","0.08","0.09","0.09","0.09","","1154.00","1137.00","1141.00","1169.00",""
"Total Oil Seeds","Arunachal Pradesh","Rabi","0.29","0.29","0.29","0.29","","0.30","0.30","0.30","0.31","","1034.00","1038.00","1043.00","1041.00",""
"Total Oil Seeds","Arunachal Pradesh","Total","0.36","0.37","0.37","0.37","","0.38","0.39","0.39","0.39","","1058.00","1060.00","1065.00","1067.00",""
"Total Oil Seeds","Assam","Kharif","0.18","0.06","0.18","0.18","0.01","0.11","0.03","0.11","0.11","0.00","638.00","578.00","641.00","648.00","497.00"
"Total Oil Seeds","Assam","Rabi","2.94","3.15","3.25","3.12","","1.89","2.46","2.54","2.45","","644.00","782.00","783.00","786.00",""
"Total Oil Seeds","Assam","Summer","","","0.04","0.04","","","","0.03","0.03","","","","731.00","725.00",""
"Total Oil Seeds","Assam","Total","3.12","3.21","3.46","3.34","0.01","2.01","2.50","2.69","2.59","0.00","643.00","778.00","776.00","777.00","497.00"
"Total Oil Seeds","Bihar","Kharif","0.26","0.21","0.21","0.12","0.18","0.20","0.20","0.15","0.10","0.15","776.00","972.00","732.00","879.00","857.00"
"Total Oil Seeds","Bihar","Rabi","0.90","0.89","1.05","0.94","","1.01","1.03","1.30","1.12","","1127.00","1161.00","1240.00","1192.00",""
"Total Oil Seeds","Bihar","Summer","","0.04","0.04","0.01","","","0.05","0.05","0.02","","","1389.00","1387.00","1433.00",""
"Total Oil Seeds","Bihar","Total","1.16","1.13","1.30","1.07","0.18","1.21","1.28","1.51","1.24","0.15","1048.00","1134.00","1163.00","1162.00","857.00"
"Total Oil Seeds","Chandigarh","Kharif","0.00","","","","","0.00","","","","","0.00","","","",""
"Total Oil Seeds","Chandigarh","Rabi","0.00","","","","","0.00","","","","","0.00","","","",""
"Total Oil Seeds","Chandigarh","Total","0.00","","","","","0.00","","","","","0.00","","","",""
"Total Oil Seeds","Chhattisgarh","Kharif","1.09","0.90","0.82","0.75","0.75","0.82","0.74","0.67","0.51","0.58","754.00","821.00","816.00","683.00","773.00"
"Total Oil Seeds","Chhattisgarh","Rabi","0.48","0.41","0.36","0.35","","0.22","0.20","0.16","0.15","","468.00","478.00","448.00","428.00",""
"Total Oil Seeds","Chhattisgarh","Total","1.56","1.31","1.18","1.10","0.75","1.04","0.93","0.83","0.66","0.58","666.00","713.00","703.00","601.00","773.00"
"Total Oil Seeds","Dadra And Nagar Haveli","Kharif","0.00","","","","","0.00","","","","","0.00","","","",""
"Total Oil Seeds","Dadra And Nagar Haveli","Rabi","0.00","","","","","0.00","","","","","0.00","","","",""
"Total Oil Seeds","Dadra And Nagar Haveli","Total","0.00","","","","","0.00","","","","","0.00","","","",""
"Total Oil Seeds","Daman And Diu","Kharif","0.00","","","","","0.00","","","","","0.00","","","",""
"Total Oil Seeds","Daman And Diu","Rabi","0.00","","","","","0.00","","","","","0.00","","","",""
"Total Oil Seeds","Daman And Diu","Total","0.00","","","","","0.00","","","","","0.00","","","",""
"Total Oil Seeds","Delhi","Kharif","0.00","","","","","0.00","","","","","0.00","","","",""
"Total Oil Seeds","Delhi","Rabi","0.04","0.00","0.05","0.05","","0.06","0.00","0.07","0.07","","1300.00","1375.00","1600.00","1600.00",""
"Total Oil Seeds","Delhi","Total","0.04","0.00","0.05","0.05","","0.06","0.00","0.07","0.07","","1300.00","1375.00","1600.00","1600.00",""
"Total Oil Seeds","Goa","Kharif","0.00","0.00","0.00","0.00","","0.00","0.00","0.00","0.00","","1750.00","2091.00","1833.00","1833.00",""
"Total Oil Seeds","Goa","Rabi","0.00","0.00","0.00","0.00","","0.00","0.00","0.00","0.00","","2040.00","1482.00","1556.00","1818.00",""
"Total Oil Seeds","Goa","Total","0.00","0.00","0.00","0.00","","0.00","0.00","0.00","0.00","","2025.00","1582.00","1584.00","1820.00",""
"Total Oil Seeds","Gujarat","Kharif","30.13","27.19","26.85","29.06","31.97","62.60","64.20","65.03","69.28","84.46","2078.00","2361.00","2422.00","2384.00","2642.00"
"Total Oil Seeds","Gujarat","Rabi","3.12","3.09","2.78","2.60","","6.32","6.06","5.27","4.87","","2028.00","1961.00","1895.00","1869.00",""
"Total Oil Seeds","Gujarat","Summer","","1.78","1.75","1.79","","","2.31","2.49","2.54","","","1297.00","1422.00","1423.00",""
"Total Oil Seeds","Gujarat","Total","33.25","32.06","31.38","33.45","31.97","68.93","72.57","72.79","76.69","84.46","2073.00","2263.00","2319.00","2293.00","2642.00"
"Total Oil Seeds","Haryana","Kharif","0.18","0.08","0.07","0.13","0.11","0.17","0.08","0.06","0.14","0.12","926.00","959.00","950.00","1018.00","1045.00"
"Total Oil Seeds","Haryana","Rabi","7.27","7.79","7.55","6.93","","13.84","13.26","13.74","14.88","","1905.00","1702.00","1818.00","2146.00",""
"Total Oil Seeds","Haryana","Total","7.45","7.87","7.62","7.06","0.11","14.01","13.34","13.80","15.01","0.12","1881.00","1694.00","1811.00","2125.00","1045.00"
"Total Oil Seeds","Himachal Pradesh","Kharif","0.02","0.02","0.02","0.02","0.02","0.01","0.01","0.01","0.01","0.01","396.00","406.00","412.00","414.00","414.00"
"Total Oil Seeds","Himachal Pradesh","Rabi","0.08","0.09","0.08","0.08","","0.07","0.07","0.07","0.06","","800.00","804.00","803.00","804.00",""
"Total Oil Seeds","Himachal Pradesh","Total","0.11","0.11","0.10","0.10","0.02","0.08","0.08","0.07","0.07","0.01","716.00","728.00","727.00","725.00","414.00"
"Total Oil Seeds","Jammu And Kashmir","Kharif","0.03","0.04","0.04","0.04","","0.01","0.02","0.02","0.02","","402.00","378.00","413.00","413.00",""
"Total Oil Seeds","Jammu And Kashmir","Rabi","0.43","0.41","0.41","0.41","","0.34","0.36","0.36","0.36","","786.00","880.00","880.00","880.00",""
"Total Oil Seeds","Jammu And Kashmir","Total","0.46","0.46","0.45","0.45","","0.35","0.38","0.38","0.38","","765.00","832.00","838.00","838.00",""
"Total Oil Seeds","Jharkhand","Kharif","0.34","0.30","0.29","0.36","0.24","0.33","0.30","0.32","0.35","0.29","979.00","999.00","1085.00","986.00","1202.00"
"Total Oil Seeds","Jharkhand","Rabi","4.61","4.31","4.40","4.93","","3.65","3.48","3.47","4.26","","792.00","807.00","788.00","864.00",""
"Total Oil Seeds","Jharkhand","Total","4.95","4.61","4.69","5.29","0.24","3.98","3.78","3.78","4.61","0.29","805.00","820.00","807.00","872.00","1202.00"
"Total Oil Seeds","Karnataka","Kharif","9.27","9.61","7.28","7.30","7.20","8.54","9.79","6.29","8.11","7.37","921.00","1018.00","863.00","1111.00","1024.00"
"Total Oil Seeds","Karnataka","Rabi","2.68","2.67","1.36","1.67","","2.66","4.26","1.10","1.71","","993.00","1594.00","811.00","1027.00",""
"Total Oil Seeds","Karnataka","Summer","","0.29","0.16","0.24","","","0.27","0.16","0.21","","","917.00","1031.00","892.00",""
"Total Oil Seeds","Karnataka","Total","11.96","12.57","8.80","9.21","7.20","11.21","14.31","7.56","10.04","7.37","937.00","1138.00","858.00","1090.00","1024.00"
"Total Oil Seeds","Kerala","Kharif","0.01","0.00","0.00","0.00","0.00","0.00","0.00","0.00","0.00","0.00","358.00","1377.00","1393.00","1371.00","1374.00"
"Total Oil Seeds","Kerala","Rabi","0.00","0.00","0.00","0.00","","0.00","0.00","0.00","0.00","","1257.00","1422.00","1264.00","773.00",""
"Total Oil Seeds","Kerala","Summer","","0.00","0.00","0.00","","","0.00","0.00","0.00","","","558.00","1018.00","541.00",""
"Total Oil Seeds","Kerala","Total","0.01","0.00","0.01","0.01","0.00","0.00","0.00","0.01","0.00","0.00","448.00","795.00","1100.00","677.00","1374.00"
"Total Oil Seeds","Ladakh","Kharif","0.00","","","","","0.00","","","","","0.00","","","",""
"Total Oil Seeds","Ladakh","Rabi","0.00","0.01","0.01","0.00","","0.00","0.00","0.00","0.00","","0.00","154.00","154.00","823.00",""
"Total Oil Seeds","Ladakh","Total","0.00","0.01","0.01","0.00","","0.00","0.00","0.00","0.00","","0.00","154.00","154.00","823.00",""
"Total Oil Seeds","Lakshadweep","Kharif","0.00","","","","","0.00","","","","","0.00","","","",""
"Total Oil Seeds","Lakshadweep","Rabi","0.00","","","","","0.00","","","","","0.00","","","",""
"Total Oil Seeds","Lakshadweep","Total","0.00","","","","","0.00","","","","","0.00","","","",""
"Total Oil Seeds","Madhya Pradesh","Kharif","62.00","66.60","67.77","68.58","61.53","61.84","66.77","65.65","71.05","61.91","997.00","1003.00","969.00","1036.00","1006.00"
"Total Oil Seeds","Madhya Pradesh","Rabi","12.90","10.84","13.84","8.86","","17.37","16.08","19.96","11.41","","1347.00","1484.00","1442.00","1288.00",""
"Total Oil Seeds","Madhya Pradesh","Summer","","0.03","0.11","0.03","","","0.04","0.16","0.04","","","1456.00","1459.00","1460.00",""
"Total Oil Seeds","Madhya Pradesh","Total","74.90","77.47","81.72","77.47","61.53","79.21","82.90","85.77","82.51","61.91","1058.00","1070.00","1050.00","1065.00","1006.00"
"Total Oil Seeds","Maharashtra","Kharif","48.74","51.17","52.74","52.43","50.89","57.81","68.17","54.17","75.96","70.06","1186.00","1332.00","1027.00","1449.00","1377.00"
"Total Oil Seeds","Maharashtra","Rabi","1.61","0.80","0.70","0.76","","1.72","0.41","0.43","0.39","","1063.00","515.00","617.00","516.00",""
"Total Oil Seeds","Maharashtra","Summer","","0.56","1.05","1.33","","","0.79","1.34","1.58","","","1409.00","1275.00","1192.00",""
"Total Oil Seeds","Maharashtra","Total","50.35","52.53","54.49","54.51","50.89","59.53","69.38","55.94","77.93","70.06","1182.00","1321.00","1027.00","1430.00","1377.00"
"Total Oil Seeds","Manipur","Kharif","0.08","0.04","0.03","0.05","","0.06","0.03","0.03","0.05","","669.00","864.00","960.00","950.00",""
"Total Oil Seeds","Manipur","Rabi","0.30","0.32","0.31","0.25","","0.20","0.24","0.23","0.24","","670.00","745.00","720.00","960.00",""
"Total Oil Seeds","Manipur","Summer","","0.03","0.03","","","","0.03","0.02","","","","863.00","880.00","",""
"Total Oil Seeds","Manipur","Total","0.38","0.39","0.37","0.30","","0.25","0.30","0.28","0.29","","670.00","766.00","752.00","958.00",""
"Total Oil Seeds","Meghalaya","Kharif","0.04","0.02","0.02","0.02","","0.06","0.04","0.04","0.04","","1366.00","1891.00","1892.00","1892.00",""
"Total Oil Seeds","Meghalaya","Rabi","0.10","0.12","0.12","0.12","","0.09","0.12","0.12","0.12","","937.00","938.00","938.00","938.00",""
"Total Oil Seeds","Meghalaya","Total","0.14","0.14","0.14","0.14","","0.15","0.15","0.15","0.15","","1067.00","1069.00","1069.00","1069.00",""
"Total Oil Seeds","Mizoram","Kharif","0.02","0.04","0.02","0.02","","0.03","0.04","0.02","0.01","","1165.00","1093.00","1035.00","732.00",""
"Total Oil Seeds","Mizoram","Rabi","0.01","0.01","0.00","0.00","","0.00","0.00","0.00","0.00","","614.00","729.00","761.00","1420.00",""
"Total Oil Seeds","Mizoram","Total","0.03","0.04","0.02","0.02","","0.03","0.05","0.02","0.02","","1044.00","1048.00","980.00","815.00",""
"Total Oil Seeds","Nagaland","Kharif","0.09","0.17","0.18","0.18","","0.10","0.20","0.21","0.21","","1065.00","1165.00","1177.00","1175.00",""
"Total Oil Seeds","Nagaland","Rabi","0.10","0.19","0.19","0.19","","0.10","0.19","0.20","0.20","","986.00","1000.00","1030.00","1051.00",""
"Total Oil Seeds","Nagaland","Total","0.19","0.36","0.37","0.37","","0.20","0.39","0.40","0.41","","1025.00","1079.00","1100.00","1111.00",""
"Total Oil Seeds","Odisha","Kharif","1.01","0.75","0.70","0.81","0.81","0.66","0.56","0.49","0.57","0.57","648.00","742.00","694.00","702.00","704.00"
"Total Oil Seeds","Odisha","Rabi","0.66","0.23","0.30","0.23","","0.79","0.09","0.12","0.09","","1211.00","406.00","403.00","401.00",""
"Total Oil Seeds","Odisha","Summer","","0.49","0.58","0.69","","","0.73","0.86","1.03","","","1485.00","1475.00","1485.00",""
"Total Oil Seeds","Odisha","Total","1.67","1.47","1.58","1.73","0.81","1.45","1.38","1.46","1.69","0.57","869.00","936.00","927.00","976.00","704.00"
"Total Oil Seeds","Puducherry","Kharif","0.01","0.00","0.00","0.00","","0.00","0.00","0.00","0.00","","926.00","2414.00","2034.00","1686.00",""
"Total Oil Seeds","Puducherry","Rabi","0.00","0.00","0.00","0.00","","0.01","0.01","0.01","0.01","","2994.00","2953.00","2944.00","2991.00",""
"Total Oil Seeds","Puducherry","Summer","","0.01","0.01","0.01","","","0.01","0.01","0.01","","","1134.00","1025.00","1034.00",""
"Total Oil Seeds","Puducherry","Total","0.01","0.01","0.01","0.01","","0.01","0.02","0.02","0.01","","1705.00","1569.00","1708.00","1491.00",""
"Total Oil Seeds","Punjab","Kharif","0.04","0.04","0.04","0.03","0.03","0.04","0.04","0.04","0.03","0.04","890.00","959.00","1002.00","1135.00","1520.00"
"Total Oil Seeds","Punjab","Rabi","0.45","0.56","0.44","0.43","","0.72","0.89","0.71","0.77","","1582.00","1608.00","1619.00","1771.00",""
"Total Oil Seeds","Punjab","Total","0.50","0.59","0.48","0.46","0.03","0.75","0.93","0.75","0.80","0.04","1522.00","1566.00","1574.00","1730.00","1520.00"
"Total Oil Seeds","Rajasthan","Kharif","23.80","24.26","24.45","25.66","23.32","28.98","35.55","35.82","37.57","36.49","1217.00","1465.00","1465.00","1464.00","1565.00"
"Total Oil Seeds","Rajasthan","Rabi","33.77","39.96","37.78","35.03","","57.90","58.57","57.72","54.34","","1715.00","1466.00","1528.00","1551.00",""
"Total Oil Seeds","Rajasthan","Summer","","0.05","0.07","0.07","","","0.09","0.11","0.12","","","1791.00","1542.00","1663.00",""
"Total Oil Seeds","Rajasthan","Total","57.57","64.27","62.30","60.76","23.32","86.88","94.20","93.65","92.03","36.49","1509.00","1466.00","1503.00","1515.00","1565.00"
"Total Oil Seeds","Sikkim","Kharif","0.03","0.03","","","","0.03","0.03","","","","976.00","976.00","","",""
"Total Oil Seeds","Sikkim","Rabi","0.03","0.02","0.02","0.02","","0.03","0.02","0.02","0.02","","878.00","878.00","870.00","870.00",""
"Total Oil Seeds","Sikkim","Total","0.06","0.05","0.02","0.02","","0.06","0.05","0.02","0.02","","926.00","932.00","870.00","870.00",""
"Total Oil Seeds","Tamil Nadu","Kharif","3.04","2.46","2.17","2.16","1.99","5.99","4.93","4.28","3.95","3.92","1968.00","2007.00","1975.00","1831.00","1971.00"
"Total Oil Seeds","Tamil Nadu","Rabi","1.28","0.87","0.96","0.82","","4.84","2.72","3.11","2.39","","3785.00","3147.00","3228.00","2899.00",""
"Total Oil Seeds","Tamil Nadu","Summer","","0.82","0.88","1.08","","","1.83","1.78","1.78","","","2225.00","2023.00","1645.00",""
"Total Oil Seeds","Tamil Nadu","Total","4.32","4.15","4.01","4.06","1.99","10.83","9.49","9.17","8.12","3.92","2505.00","2288.00","2287.00","1998.00","1971.00"
"Total Oil Seeds","Telangana","Kharif","2.05","2.15","1.95","1.67","1.52","3.24","3.50","3.01","3.16","2.56","1580.00","1627.00","1541.00","1887.00","1688.00"
"Total Oil Seeds","Telangana","Rabi","1.70","1.27","1.09","1.18","","3.57","2.68","2.27","2.23","","2102.00","2109.00","2080.00","1890.00",""
"Total Oil Seeds","Telangana","Total","3.75","3.42","3.04","2.85","1.52","6.81","6.18","5.27","5.39","2.56","1817.00","1806.00","1735.00","1889.00","1688.00"
"Total Oil Seeds","Tripura","Kharif","0.07","0.06","0.06","0.05","","0.05","0.04","0.04","0.04","","723.00","735.00","735.00","757.00",""
"Total Oil Seeds","Tripura","Rabi","0.08","0.08","0.08","0.09","","0.07","0.07","0.07","0.08","","933.00","921.00","922.00","969.00",""
"Total Oil Seeds","Tripura","Summer","","0.00","0.00","0.00","","","0.00","0.00","0.00","","","1520.00","1520.00","1470.00",""
"Total Oil Seeds","Tripura","Total","0.15","0.13","0.13","0.14","","0.13","0.11","0.11","0.13","","833.00","848.00","848.00","892.00",""
"Total Oil Seeds","Uttar Pradesh","Kharif","4.20","4.80","5.57","8.21","7.48","1.82","2.10","2.85","5.71","4.72","434.00","438.00","512.00","696.00","631.00"
"Total Oil Seeds","Uttar Pradesh","Rabi","7.87","11.31","13.60","16.76","","10.55","16.55","19.45","24.35","","1341.00","1463.00","1430.00","1453.00",""
"Total Oil Seeds","Uttar Pradesh","Summer","","0.02","0.02","0.82","","","0.03","0.03","0.79","","","1365.00","1375.00","970.00",""
"Total Oil Seeds","Uttar Pradesh","Total","12.07","16.13","19.19","25.79","7.48","12.37","18.68","22.33","30.86","4.72","1025.00","1158.00","1164.00","1196.00","631.00"
"Total Oil Seeds","Uttarakhand","Kharif","0.10","0.11","0.10","0.10","0.08","0.12","0.12","0.10","0.12","0.08","1170.00","1095.00","996.00","1198.00","1037.00"
"Total Oil Seeds","Uttarakhand","Rabi","0.19","0.20","0.24","0.18","","0.16","0.19","0.24","0.19","","833.00","940.00","1005.00","1055.00",""
"Total Oil Seeds","Uttarakhand","Total","0.29","0.31","0.34","0.28","0.08","0.28","0.30","0.34","0.31","0.08","949.00","994.00","1002.00","1105.00","1037.00"
"Total Oil Seeds","West Bengal","Kharif","2.66","0.09","0.09","0.10","0.07","2.62","0.11","0.13","0.14","0.10","983.00","1273.00","1385.00","1415.00","1501.00"
"Total Oil Seeds","West Bengal","Rabi","6.87","6.65","6.40","6.44","","9.32","8.27","7.97","8.05","","1356.00","1244.00","1244.00","1251.00",""
"Total Oil Seeds","West Bengal","Summer","","3.29","3.53","3.40","","","4.37","5.24","5.10","","","1330.00","1485.00","1500.00",""
"Total Oil Seeds","West Bengal","Total","9.53","10.02","10.02","9.94","0.07","11.94","12.75","13.33","13.29","0.10","1252.00","1272.00","1330.00","1338.00","1501.00"
"Total Oil Seeds","Others","Kharif","","","","","0.44","","","","","0.45","","","","","1039.00"
"Total Oil Seeds","Others","Total","","","","","0.44","","","","","0.45","","","","","1039.00"
"Total Oil Seeds","All India","Kharif","197.53","197.15","194.98","201.40","191.10","239.72","261.50","241.62","280.23","275.63","1214.00","1326.00","1239.00","1391.00","1442.00"
"Total Oil Seeds","All India","Rabi","91.92","97.83","98.68","93.49","","139.91","141.51","142.78","136.40","","1522.00","1446.00","1447.00","1459.00",""
"Total Oil Seeds","All India","Summer","","7.41","8.27","9.51","","","10.54","12.29","13.26","","","1423.00","1486.00","1394.00",""
"Total Oil Seeds","All India","Total","289.45","302.39","301.92","304.40","191.10","379.63","413.55","396.69","429.89","275.63","1312.00","1368.00","1314.00","1412.00","1442.00"
"Sugarcane","Andaman And Nicobar Islands","Kharif","0.00","0.00","0.00","0.00","","0.03","0.03","0.02","0.00","","20043.00","23750.00","17100.00","6308.00",""
"Sugarcane","Andaman And Nicobar Islands","Total","0.00","0.00","0.00","0.00","","0.03","0.03","0.02","0.00","","20043.00","23750.00","17100.00","6308.00",""
"Sugarcane","Andhra Pradesh","Kharif","0.47","0.40","0.27","0.22","0.17","36.45","29.56","22.14","19.85","14.00","77562.00","73893.00","80533.00","90242.00","82377.00"
"Sugarcane","Andhra Pradesh","Total","0.47","0.40","0.27","0.22","0.17","36.45","29.56","22.14","19.85","14.00","77562.00","73893.00","80533.00","90242.00","82377.00"
"Sugarcane","Arunachal Pradesh","Kharif","0.02","0.02","0.02","0.02","","0.46","0.47","0.47","0.47","","21550.00","21560.00","21561.00","21563.00",""
"Sugarcane","Arunachal Pradesh","Total","0.02","0.02","0.02","0.02","","0.46","0.47","0.47","0.47","","21550.00","21560.00","21561.00","21563.00",""
"Sugarcane","Assam","Kharif","0.30","0.29","0.29","0.29","0.27","11.60","12.64","13.80","12.38","12.07","38969.00","43589.00","47231.00","42336.00","44711.00"
"Sugarcane","Assam","Total","0.30","0.29","0.29","0.29","0.27","11.60","12.64","13.80","12.38","12.07","38969.00","43589.00","47231.00","42336.00","44711.00"
"Sugarcane","Bihar","Kharif","2.11","2.10","2.02","1.93","2.02","120.26","127.43","120.84","121.49","127.21","56949.00","60627.00","59777.00","63091.00","63091.00"
"Sugarcane","Bihar","Total","2.11","2.10","2.02","1.93","2.02","120.26","127.43","120.84","121.49","127.21","56949.00","60627.00","59777.00","63091.00","63091.00"
"Sugarcane","Chandigarh","Kharif","0.00","","","","","0.00","","","","","0.00","","","",""
"Sugarcane","Chandigarh","Total","0.00","","","","","0.00","","","","","0.00","","","",""
"Sugarcane","Chhattisgarh","Kharif","0.35","0.42","0.36","0.33","0.43","19.58","23.88","20.41","18.66","24.65","56040.00","56890.00","57160.00","55930.00","57830.00"
"Sugarcane","Chhattisgarh","Total","0.35","0.42","0.36","0.33","0.43","19.58","23.88","20.41","18.66","24.65","56040.00","56890.00","57160.00","55930.00","57830.00"
"Sugarcane","Dadra And Nagar Haveli","Kharif","0.00","","","","","0.00","","","","","0.00","","","",""
"Sugarcane","Dadra And Nagar Haveli","Total","0.00","","","","","0.00","","","","","0.00","","","",""
"Sugarcane","Daman And Diu","Kharif","0.00","","","","","0.00","","","","","0.00","","","",""
"Sugarcane","Daman And Diu","Total","0.00","","","","","0.00","","","","","0.00","","","",""
"Sugarcane","Delhi","Kharif","0.00","","","","","0.00","","","","","0.00","","","",""
"Sugarcane","Delhi","Total","0.00","","","","","0.00","","","","","0.00","","","",""
"Sugarcane","Goa","Kharif","0.01","0.00","0.00","0.00","","0.35","0.30","0.26","0.22","","66172.00","62110.00","57527.00","54048.00",""
"Sugarcane","Goa","Total","0.01","0.00","0.00","0.00","","0.35","0.30","0.26","0.22","","66172.00","62110.00","57527.00","54048.00",""
"Sugarcane","Gujarat","Kharif","2.23","1.81","2.02","1.89","1.86","174.59","134.61","144.80","137.14","134.92","78306.00","74344.00","71621.00","72651.00","72651.00"
"Sugarcane","Gujarat","Total","2.23","1.81","2.02","1.89","1.86","174.59","134.61","144.80","137.14","134.92","78306.00","74344.00","71621.00","72651.00","72651.00"
"Sugarcane","Haryana","Kharif","1.08","1.08","0.88","0.72","0.94","88.23","88.60","73.74","58.30","76.11","81918.00","82232.00","83582.00","81382.00","81158.00"
"Sugarcane","Haryana","Total","1.08","1.08","0.88","0.72","0.94","88.23","88.60","73.74","58.30","76.11","81918.00","82232.00","83582.00","81382.00","81158.00"
"Sugarcane","Himachal Pradesh","Kharif","0.01","0.01","0.01","0.01","0.01","0.23","0.22","0.22","0.21","0.21","15190.00","15440.00","15440.00","15440.00","15440.00"
"Sugarcane","Himachal Pradesh","Total","0.01","0.01","0.01","0.01","0.01","0.23","0.22","0.22","0.21","0.21","15190.00","15440.00","15440.00","15440.00","15440.00"
"Sugarcane","Jammu And Kashmir","Kharif","0.00","0.00","0.00","0.00","","0.00","0.00","0.00","0.00","","0.00","1175.00","1175.00","1175.00",""
"Sugarcane","Jammu And Kashmir","Total","0.00","0.00","0.00","0.00","","0.00","0.00","0.00","0.00","","0.00","1175.00","1175.00","1175.00",""
"Sugarcane","Jharkhand","Kharif","","","","0.00","0.01","0.00","","","0.34","0.25","","","","75130.00","35618.00"
"Sugarcane","Jharkhand","Total","","","","0.00","0.01","0.00","","","0.34","0.25","","","","75130.00","35618.00"
"Sugarcane","Karnataka","Kharif","6.37","6.59","5.43","5.40","6.48","611.52","593.46","418.11","480.60","550.80","96000.00","90000.00","77000.00","89000.00","85000.00"
"Sugarcane","Karnataka","Total","6.37","6.59","5.43","5.40","6.48","611.52","593.46","418.11","480.60","550.80","96000.00","90000.00","77000.00","89000.00","85000.00"
"Sugarcane","Kerala","Kharif","0.01","0.01","0.01","0.00","0.00","0.10","1.01","0.76","0.21","0.04","11401.00","108740.00","116120.00","83360.00","61380.00"
"Sugarcane","Kerala","Total","0.01","0.01","0.01","0.00","0.00","0.10","1.01","0.76","0.21","0.04","11401.00","108740.00","116120.00","83360.00","61380.00"
"Sugarcane","Ladakh","Kharif","0.00","","","","","0.00","","","","","0.00","","","",""
"Sugarcane","Ladakh","Total","0.00","","","","","0.00","","","","","0.00","","","",""
"Sugarcane","Lakshadweep","Kharif","0.00","","","","","0.00","","","","","0.00","","","",""
"Sugarcane","Lakshadweep","Total","0.00","","","","","0.00","","","","","0.00","","","",""
"Sugarcane","Madhya Pradesh","Kharif","0.93","0.92","1.15","1.07","0.36","53.79","64.44","75.90","61.09","20.54","57840.00","70040.00","66000.00","57090.00","57090.00"
"Sugarcane","Madhya Pradesh","Total","0.93","0.92","1.15","1.07","0.36","53.79","64.44","75.90","61.09","20.54","57840.00","70040.00","66000.00","57090.00","57090.00"
"Sugarcane","Maharashtra","Kharif","12.62","13.59","14.37","11.67","13.72","1160.76","1239.68","1120.88","1099.70","1292.71","92000.00","91200.00","78000.00","94230.00","94230.00"
"Sugarcane","Maharashtra","Total","12.62","13.59","14.37","11.67","13.72","1160.76","1239.68","1120.88","1099.70","1292.71","92000.00","91200.00","78000.00","94230.00","94230.00"
"Sugarcane","Manipur","Kharif","0.05","0.05","0.05","0.06","","2.79","2.90","2.78","2.90","","56561.00","57557.00","56100.00","48690.00",""
"Sugarcane","Manipur","Total","0.05","0.05","0.05","0.06","","2.79","2.90","2.78","2.90","","56561.00","57557.00","56100.00","48690.00",""
"Sugarcane","Meghalaya","Kharif","0.00","0.00","0.00","0.00","","0.00","0.00","0.00","0.00","","3000.00","3017.00","3017.00","3017.00",""
"Sugarcane","Meghalaya","Total","0.00","0.00","0.00","0.00","","0.00","0.00","0.00","0.00","","3000.00","3017.00","3017.00","3017.00",""
"Sugarcane","Mizoram","Kharif","0.01","0.01","0.01","0.01","","0.37","0.41","0.24","0.21","","28709.00","28260.00","23390.00","27110.00",""
"Sugarcane","Mizoram","Total","0.01","0.01","0.01","0.01","","0.37","0.41","0.24","0.21","","28709.00","28260.00","23390.00","27110.00",""
"Sugarcane","Nagaland","Kharif","0.04","0.02","0.03","0.02","","1.05","1.08","1.15","0.87","","28695.00","43570.00","43571.00","43280.00",""
"Sugarcane","Nagaland","Total","0.04","0.02","0.03","0.02","","1.05","1.08","1.15","0.87","","28695.00","43570.00","43571.00","43280.00",""
"Sugarcane","Odisha","Kharif","0.07","0.07","0.07","0.13","0.11","3.98","3.94","4.12","6.81","5.75","56398.00","53781.00","57402.00","51338.00","53308.00"
"Sugarcane","Odisha","Total","0.07","0.07","0.07","0.13","0.11","3.98","3.94","4.12","6.81","5.75","56398.00","53781.00","57402.00","51338.00","53308.00"
"Sugarcane","Puducherry","Kharif","0.00","0.01","0.01","0.01","","0.00","1.61","1.51","0.92","","0.00","120000.00","123000.00","123000.00",""
"Sugarcane","Puducherry","Total","0.00","0.01","0.01","0.01","","0.00","1.61","1.51","0.92","","0.00","120000.00","123000.00","123000.00",""
"Sugarcane","Punjab","Kharif","0.87","0.90","0.90","0.89","0.95","71.31","75.06","75.10","72.79","78.74","82153.00","83123.00","83254.00","82050.00","82887.00"
"Sugarcane","Punjab","Total","0.87","0.90","0.90","0.89","0.95","71.31","75.06","75.10","72.79","78.74","82153.00","83123.00","83254.00","82050.00","82887.00"
"Sugarcane","Rajasthan","Kharif","0.04","0.04","0.04","0.06","0.04","3.21","3.10","3.45","4.65","3.32","75845.00","87956.00","82975.00","79977.00","75895.00"
"Sugarcane","Rajasthan","Total","0.04","0.04","0.04","0.06","0.04","3.21","3.10","3.45","4.65","3.32","75845.00","87956.00","82975.00","79977.00","75895.00"
"Sugarcane","Sikkim","Kharif","0.00","","","","","0.00","","","","","0.00","","","",""
"Sugarcane","Sikkim","Total","0.00","","","","","0.00","","","","","0.00","","","",""
"Sugarcane","Tamil Nadu","Kharif","1.48","1.59","1.52","1.31","0.94","161.66","176.58","159.27","133.51","96.16","109240.00","111080.00","105000.00","102000.00","102000.00"
"Sugarcane","Tamil Nadu","Total","1.48","1.59","1.52","1.31","0.94","161.66","176.58","159.27","133.51","96.16","109240.00","111080.00","105000.00","102000.00","102000.00"
"Sugarcane","Telangana","Kharif","0.28","0.28","0.27","0.21","0.22","28.65","29.43","24.33","19.16","19.94","102306.00","105097.00","90116.00","93064.00","90347.00"
"Sugarcane","Telangana","Total","0.28","0.28","0.27","0.21","0.22","28.65","29.43","24.33","19.16","19.94","102306.00","105097.00","90116.00","93064.00","90347.00"
"Sugarcane","Tripura","Kharif","0.01","0.01","0.01","0.01","","0.48","0.38","0.38","0.30","","55016.00","55718.00","55718.00","56404.00",""
"Sugarcane","Tripura","Total","0.01","0.01","0.01","0.01","","0.48","0.38","0.38","0.30","","55016.00","55718.00","55718.00","56404.00",""
"Sugarcane","Uttar Pradesh","Kharif","21.77","27.95","26.53","27.20","27.20","1791.67","2242.46","2158.11","2208.01","2208.01","82300.00","80244.00","81346.00","81165.00","81165.00"
"Sugarcane","Uttar Pradesh","Total","21.77","27.95","26.53","27.20","27.20","1791.67","2242.46","2158.11","2208.01","2208.01","82300.00","80244.00","81346.00","81165.00","81165.00"
"Sugarcane","Uttarakhand","Kharif","0.44","0.47","0.94","0.90","0.97","35.20","37.60","77.76","76.50","77.48","80000.00","80000.00","82646.00","84659.00","80027.00"
"Sugarcane","Uttarakhand","Total","0.44","0.47","0.94","0.90","0.97","35.20","37.60","77.76","76.50","77.48","80000.00","80000.00","82646.00","84659.00","80027.00"
"Sugarcane","West Bengal","Kharif","0.19","0.18","0.17","0.13","0.11","15.91","14.43","11.04","8.79","7.32","83834.00","78197.00","66583.00","66580.00","66580.00"
"Sugarcane","West Bengal","Total","0.19","0.18","0.17","0.13","0.11","15.91","14.43","11.04","8.79","7.32","83834.00","78197.00","66583.00","66580.00","66580.00"
"Sugarcane","Others","Kharif","","","","","0.13","","","","","5.90","","","","","45299.00"
"Sugarcane","Others","Total","","","","","0.13","","","","","5.90","","","","","45299.00"
"Sugarcane","All India","Kharif","51.75","58.85","57.40","54.50","56.93","4394.25","4905.33","4531.58","4546.11","4756.14","84906.00","83349.00","78953.00","83416.00","83537.00"
"Sugarcane","All India","Total","51.75","58.85","57.40","54.50","56.93","4394.25","4905.33","4531.58","4546.11","4756.14","84906.00","83349.00","78953.00","83416.00","83537.00"
"Cotton","Andaman And Nicobar Islands","Kharif","","","","","","0.00","","","","","","","","",""
"Cotton","Andaman And Nicobar Islands","Total","","","","","","0.00","","","","","","","","",""
"Cotton","Andhra Pradesh","Kharif","5.54","7.04","4.22","4.04","4.47","17.08","15.41","7.37","11.31","9.39","524.00","372.00","297.00","476.00","357.00"
"Cotton","Andhra Pradesh","Total","5.54","7.04","4.22","4.04","4.47","17.08","15.41","7.37","11.31","9.39","524.00","372.00","297.00","476.00","357.00"
"Cotton","Arunachal Pradesh","Kharif","0.00","","","","","0.00","","","","","0.00","","","",""
"Cotton","Arunachal Pradesh","Total","0.00","","","","","0.00","","","","","0.00","","","",""
"Cotton","Assam","Kharif","0.01","0.01","0.01","0.01","0.01","0.00","0.01","0.01","0.00","0.00","87.00","87.00","87.00","79.00","82.00"
"Cotton","Assam","Total","0.01","0.01","0.01","0.01","0.01","0.00","0.01","0.01","0.00","0.00","87.00","87.00","87.00","79.00","82.00"
"Cotton","Bihar","Kharif","","","","","","","","","","","","","","",""
"Cotton","Bihar","Total","","","","","","","","","","","","","","",""
"Cotton","Chandigarh","Kharif","0.00","","","","","0.00","","","","","0.00","","","",""
"Cotton","Chandigarh","Total","0.00","","","","","0.00","","","","","0.00","","","",""
"Cotton","Chhattisgarh","Kharif","0.04","0.05","0.07","0.06","0.06","0.08","0.09","0.13","0.11","0.12","329.00","321.00","313.00","302.00","319.00"
"Cotton","Chhattisgarh","Total","0.04","0.05","0.07","0.06","0.06","0.08","0.09","0.13","0.11","0.12","329.00","321.00","313.00","302.00","319.00"
"Cotton","Dadra And Nagar Haveli","Kharif","0.00","","","","","0.00","","","","","0.00","","","",""
"Cotton","Dadra And Nagar Haveli","Total","0.00","","","","","0.00","","","","","0.00","","","",""
"Cotton","Daman And Diu","Kharif","0.00","","","","","0.00","","","","","0.00","","","",""
"Cotton","Daman And Diu","Total","0.00","","","","","0.00","","","","","0.00","","","",""
"Cotton","Delhi","Kharif","0.00","","","","","0.00","","","","","0.00","","","",""
"Cotton","Delhi","Total","0.00","","","","","0.00","","","","","0.00","","","",""
"Cotton","Goa","Kharif","0.00","","","","","0.00","","","","","0.00","","","",""
"Cotton","Goa","Total","0.00","","","","","0.00","","","","","0.00","","","",""
"Cotton","Gujarat","Kharif","22.84","24.84","26.83","23.72","21.40","75.09","87.95","90.57","71.57","70.99","559.00","602.00","574.00","513.00","564.00"
"Cotton","Gujarat","Total","22.84","24.84","26.83","23.72","21.40","75.09","87.95","90.57","71.57","70.99","559.00","602.00","574.00","513.00","564.00"
"Cotton","Haryana","Kharif","6.36","5.75","5.78","3.98","3.94","13.16","10.00","15.09","11.77","9.75","352.00","296.00","444.00","502.00","421.00"
"Cotton","Haryana","Total","6.36","5.75","5.78","3.98","3.94","13.16","10.00","15.09","11.77","9.75","352.00","296.00","444.00","502.00","421.00"
"Cotton","Himachal Pradesh","Kharif","","","","","","","","","","","","","","",""
"Cotton","Himachal Pradesh","Total","","","","","","","","","","","","","","",""
"Cotton","Jammu And Kashmir","Kharif","0.00","","","","","0.01","","","","","938.00","","","",""
"Cotton","Jammu And Kashmir","Total","0.00","","","","","0.01","","","","","938.00","","","",""
"Cotton","Jharkhand","Kharif","","","","","","","","","","","","","","",""
"Cotton","Jharkhand","Total","","","","","","","","","","","","","","",""
"Cotton","Karnataka","Kharif","6.74","9.49","7.43","6.78","7.81","19.55","25.68","20.59","22.73","25.54","493.00","460.00","471.00","570.00","556.00"
"Cotton","Karnataka","Total","6.74","9.49","7.43","6.78","7.81","19.55","25.68","20.59","22.73","25.54","493.00","460.00","471.00","570.00","556.00"
"Cotton","Kerala","Kharif","0.00","0.00","0.00","0.00","","0.00","0.00","0.00","0.00","","1000.00","589.00","1431.00","1495.00",""
"Cotton","Kerala","Total","0.00","0.00","0.00","0.00","","0.00","0.00","0.00","0.00","","1000.00","589.00","1431.00","1495.00",""
"Cotton","Ladakh","Kharif","0.00","","","","","0.00","","","","","0.00","","","",""
"Cotton","Ladakh","Total","0.00","","","","","0.00","","","","","0.00","","","",""
"Cotton","Lakshadweep","Kharif","0.00","","","","","0.00","","","","","0.00","","","",""
"Cotton","Lakshadweep","Total","0.00","","","","","0.00","","","","","0.00","","","",""
"Cotton","Madhya Pradesh","Kharif","5.60","5.95","6.30","5.37","5.58","14.20","14.33","18.01","15.35","17.10","431.00","410.00","486.00","486.00","521.00"
"Cotton","Madhya Pradesh","Total","5.60","5.95","6.30","5.37","5.58","14.20","14.33","18.01","15.35","17.10","431.00","410.00","486.00","486.00","521.00"
"Cotton","Maharashtra","Kharif","44.10","41.82","42.34","41.23","38.36","82.49","83.16","80.45","73.73","72.66","318.00","338.00","323.00","304.00","322.00"
"Cotton","Maharashtra","Total","44.10","41.82","42.34","41.23","38.36","82.49","83.16","80.45","73.73","72.66","318.00","338.00","323.00","304.00","322.00"
"Cotton","Manipur","Kharif","0.00","","","","","0.00","","","","","0.00","","","",""
"Cotton","Manipur","Total","0.00","","","","","0.00","","","","","0.00","","","",""
"Cotton","Meghalaya","Kharif","0.07","0.02","0.02","0.02","","0.09","0.02","0.02","0.02","","202.00","144.00","144.00","144.00",""
"Cotton","Meghalaya","Total","0.07","0.02","0.02","0.02","","0.09","0.02","0.02","0.02","","202.00","144.00","144.00","144.00",""
"Cotton","Mizoram","Kharif","0.00","0.00","0.00","","","0.00","0.00","0.00","","","0.00","330.00","290.00","",""
"Cotton","Mizoram","Total","0.00","0.00","0.00","","","0.00","0.00","0.00","","","0.00","330.00","290.00","",""
"Cotton","Nagaland","Kharif","0.00","0.00","0.00","0.00","","0.00","0.00","0.00","0.00","","600.00","600.00","600.00","600.00",""
"Cotton","Nagaland","Total","0.00","0.00","0.00","0.00","","0.00","0.00","0.00","0.00","","600.00","600.00","600.00","600.00",""
"Cotton","Odisha","Kharif","1.93","2.16","2.16","2.39","2.39","6.26","7.05","7.05","8.23","8.42","551.00","554.00","554.00","586.00","598.00"
"Cotton","Odisha","Total","1.93","2.16","2.16","2.39","2.39","6.26","7.05","7.05","8.23","8.42","551.00","554.00","554.00","586.00","598.00"
"Cotton","Puducherry","Kharif","0.00","0.00","0.01","0.01","","0.01","0.01","0.02","0.02","","426.00","452.00","338.00","357.00",""
"Cotton","Puducherry","Total","0.00","0.00","0.01","0.01","","0.01","0.01","0.02","0.02","","426.00","452.00","338.00","357.00",""
"Cotton","Punjab","Kharif","2.51","2.49","2.14","1.60","1.19","6.46","4.44","6.29","4.14","2.88","437.00","303.00","500.00","439.00","411.00"
"Cotton","Punjab","Total","2.51","2.49","2.14","1.60","1.19","6.46","4.44","6.29","4.14","2.88","437.00","303.00","500.00","439.00","411.00"
"Cotton","Rajasthan","Kharif","7.56","8.15","10.04","6.27","6.65","24.81","27.74","26.22","17.86","19.71","558.00","579.00","444.00","484.00","504.00"
"Cotton","Rajasthan","Total","7.56","8.15","10.04","6.27","6.65","24.81","27.74","26.22","17.86","19.71","558.00","579.00","444.00","484.00","504.00"
"Cotton","Sikkim","Kharif","0.00","","","","","0.00","","","","","0.00","","","",""
"Cotton","Sikkim","Total","0.00","","","","","0.00","","","","","0.00","","","",""
"Cotton","Tamil Nadu","Kharif","1.48","1.73","1.30","1.02","0.43","3.02","3.19","2.52","2.11","0.76","347.00","313.00","330.00","350.00","305.00"
"Cotton","Tamil Nadu","Total","1.48","1.73","1.30","1.02","0.43","3.02","3.19","2.52","2.11","0.76","347.00","313.00","330.00","350.00","305.00"
"Cotton","Telangana","Kharif","18.89","19.73","18.18","18.12","18.35","48.78","57.45","50.80","57.89","54.40","439.00","495.00","475.00","543.00","504.00"
"Cotton","Telangana","Total","18.89","19.73","18.18","18.12","18.35","48.78","57.45","50.80","57.89","54.40","439.00","495.00","475.00","543.00","504.00"
"Cotton","Tripura","Kharif","0.01","0.00","0.00","0.00","","0.01","0.00","0.00","0.00","","262.00","155.00","155.00","272.00",""
"Cotton","Tripura","Total","0.01","0.00","0.00","0.00","","0.01","0.00","0.00","0.00","","262.00","155.00","155.00","272.00",""
"Cotton","Uttar Pradesh","Kharif","0.04","0.03","0.04","0.20","0.20","0.09","0.07","0.09","0.40","0.40","366.00","382.00","387.00","336.00","336.00"
"Cotton","Uttar Pradesh","Total","0.04","0.03","0.04","0.20","0.20","0.09","0.07","0.09","0.40","0.40","366.00","382.00","387.00","336.00","336.00"
"Cotton","Uttarakhand","Kharif","","","","","","","","","","","","","","",""
"Cotton","Uttarakhand","Total","","","","","","","","","","","","","","",""
"Cotton","West Bengal","Kharif","0.00","0.00","0.00","0.00","","0.00","0.00","0.00","0.00","","538.00","859.00","830.00","850.00",""
"Cotton","West Bengal","Total","0.00","0.00","0.00","0.00","","0.00","0.00","0.00","0.00","","538.00","859.00","830.00","850.00",""
"Cotton","Others","Kharif","","","","","0.03","","","","","0.04","","","","","213.00"
"Cotton","Others","Total","","","","","0.03","","","","","0.04","","","","","213.00"
"Cotton","All India","Kharif","123.72","129.27","126.88","114.84","110.86","311.18","336.60","325.22","297.24","292.15","428.00","443.00","436.00","440.00","448.00"
"Cotton","All India","Total","123.72","129.27","126.88","114.84","110.86","311.18","336.60","325.22","297.24","292.15","428.00","443.00","436.00","440.00","448.00"
"Jute","Andaman And Nicobar Islands","Kharif","0.00","","","","","0.00","","","","","0.00","","","",""
"Jute","Andaman And Nicobar Islands","Total","0.00","","","","","0.00","","","","","0.00","","","",""
"Jute","Andhra Pradesh","Kharif","","","","","","0.00","","","","","","","","",""
"Jute","Andhra Pradesh","Total","","","","","","0.00","","","","","","","","",""
"Jute","Arunachal Pradesh","Kharif","","","","","","0.00","","","","","","","","",""
"Jute","Arunachal Pradesh","Total","","","","","","0.00","","","","","","","","",""
"Jute","Assam","Kharif","0.62","0.58","0.57","0.60","0.58","7.43","6.89","6.58","7.11","6.93","2175.00","2137.00","2087.00","2151.00","2150.00"
"Jute","Assam","Total","0.62","0.58","0.57","0.60","0.58","7.43","6.89","6.58","7.11","6.93","2175.00","2137.00","2087.00","2151.00","2150.00"
"Jute","Bihar","Kharif","0.51","0.48","0.53","0.53","0.52","7.13","6.30","7.85","7.63","7.24","2514.00","2352.00","2667.00","2576.00","2532.00"
"Jute","Bihar","Total","0.51","0.48","0.53","0.53","0.52","7.13","6.30","7.85","7.63","7.24","2514.00","2352.00","2667.00","2576.00","2532.00"
"Jute","Chandigarh","Kharif","","","","","","0.00","","","","","","","","",""
"Jute","Chandigarh","Total","","","","","","0.00","","","","","","","","",""
"Jute","Chhattisgarh","Kharif","0.00","","","","","0.00","","","","","0.00","","","",""
"Jute","Chhattisgarh","Total","0.00","","","","","0.00","","","","","0.00","","","",""
"Jute","Dadra And Nagar Haveli","Kharif","","","","","","0.00","","","","","","","","",""
"Jute","Dadra And Nagar Haveli","Total","","","","","","0.00","","","","","","","","",""
"Jute","Daman And Diu","Kharif","0.00","","","","","0.00","","","","","0.00","","","",""
"Jute","Daman And Diu","Total","0.00","","","","","0.00","","","","","0.00","","","",""
"Jute","Delhi","Kharif","0.00","","","","","0.00","","","","","0.00","","","",""
"Jute","Delhi","Total","0.00","","","","","0.00","","","","","0.00","","","",""
"Jute","Goa","Kharif","0.00","","","","","0.00","","","","","0.00","","","",""
"Jute","Goa","Total","0.00","","","","","0.00","","","","","0.00","","","",""
"Jute","Gujarat","Kharif","","","","","","0.00","","","","","","","","",""
"Jute","Gujarat","Total","","","","","","0.00","","","","","","","","",""
"Jute","Haryana","Kharif","","","","","","0.00","","","","","","","","",""
"Jute","Haryana","Total","","","","","","0.00","","","","","","","","",""
"Jute","Himachal Pradesh","Kharif","","","","","","0.00","","","","","","","","",""
"Jute","Himachal Pradesh","Total","","","","","","0.00","","","","","","","","",""
"Jute","Jammu And Kashmir","Kharif","0.00","","","","","0.00","","","","","0.00","","","",""
"Jute","Jammu And Kashmir","Total","0.00","","","","","0.00","","","","","0.00","","","",""
"Jute","Jharkhand","Kharif","0.00","","","0.03","0.03","0.00","","","0.48","0.48","0.00","","","2731.00","2790.00"
"Jute","Jharkhand","Total","0.00","","","0.03","0.03","0.00","","","0.48","0.48","0.00","","","2731.00","2790.00"
"Jute","Karnataka","Kharif","","","","","","0.00","","","","","","","","",""
"Jute","Karnataka","Total","","","","","","0.00","","","","","","","","",""
"Jute","Kerala","Kharif","","","","","","0.00","","","","","","","","",""
"Jute","Kerala","Total","","","","","","0.00","","","","","","","","",""
"Jute","Ladakh","Kharif","0.00","","","","","0.00","","","","","0.00","","","",""
"Jute","Ladakh","Total","0.00","","","","","0.00","","","","","0.00","","","",""
"Jute","Lakshadweep","Kharif","","","","","","0.00","","","","","","","","",""
"Jute","Lakshadweep","Total","","","","","","0.00","","","","","","","","",""
"Jute","Madhya Pradesh","Kharif","0.00","","","","","0.00","","","","","0.00","","","",""
"Jute","Madhya Pradesh","Total","0.00","","","","","0.00","","","","","0.00","","","",""
"Jute","Maharashtra","Kharif","","","","","","0.00","","","","","","","","",""
"Jute","Maharashtra","Total","","","","","","0.00","","","","","","","","",""
"Jute","Manipur","Kharif","0.00","","","","","0.00","","","","","0.00","","","",""
"Jute","Manipur","Total","0.00","","","","","0.00","","","","","0.00","","","",""
"Jute","Meghalaya","Kharif","0.07","0.03","0.03","0.03","","0.69","0.29","0.29","0.29","","1848.00","1581.00","1581.00","1581.00",""
"Jute","Meghalaya","Total","0.07","0.03","0.03","0.03","","0.69","0.29","0.29","0.29","","1848.00","1581.00","1581.00","1581.00",""
"Jute","Mizoram","Kharif","0.00","","","","","0.00","","","","","0.00","","","",""
"Jute","Mizoram","Total","0.00","","","","","0.00","","","","","0.00","","","",""
"Jute","Nagaland","Kharif","0.00","0.03","0.03","0.03","","0.01","0.31","0.33","0.33","","2179.00","1908.00","1908.00","1905.00",""
"Jute","Nagaland","Total","0.00","0.03","0.03","0.03","","0.01","0.31","0.33","0.33","","2179.00","1908.00","1908.00","1905.00",""
"Jute","Odisha","Kharif","0.03","0.03","0.03","0.02","0.02","0.49","0.33","0.40","0.28","0.28","2544.00","2333.00","2620.00","2806.00","2520.00"
"Jute","Odisha","Total","0.03","0.03","0.03","0.02","0.02","0.49","0.33","0.40","0.28","0.28","2544.00","2333.00","2620.00","2806.00","2520.00"
"Jute","Puducherry","Kharif","","","","","","0.00","","","","","","","","",""
"Jute","Puducherry","Total","","","","","","0.00","","","","","","","","",""
"Jute","Punjab","Kharif","","","","","","0.00","","","","","","","","",""
"Jute","Punjab","Total","","","","","","0.00","","","","","","","","",""
"Jute","Rajasthan","Kharif","","","","","","0.00","","","","","","","","",""
"Jute","Rajasthan","Total","","","","","","0.00","","","","","","","","",""
"Jute","Sikkim","Kharif","","","","","","0.00","","","","","","","","",""
"Jute","Sikkim","Total","","","","","","0.00","","","","","","","","",""
"Jute","Tamil Nadu","Kharif","","","","","","0.00","","","","","","","","",""
"Jute","Tamil Nadu","Total","","","","","","0.00","","","","","","","","",""
"Jute","Telangana","Kharif","","","","","","0.00","","","","","","","","",""
"Jute","Telangana","Total","","","","","","0.00","","","","","","","","",""
"Jute","Tripura","Kharif","0.00","0.00","0.00","0.00","","0.04","0.02","0.02","0.03","","1619.00","907.00","907.00","1619.00",""
"Jute","Tripura","Total","0.00","0.00","0.00","0.00","","0.04","0.02","0.02","0.03","","1619.00","907.00","907.00","1619.00",""
"Jute","Uttar Pradesh","Kharif","","","","","","0.00","","","","","","","","",""
"Jute","Uttar Pradesh","Total","","","","","","0.00","","","","","","","","",""
"Jute","Uttarakhand","Kharif","","","","","","0.00","","","","","","","","",""
"Jute","Uttarakhand","Total","","","","","","0.00","","","","","","","","",""
"Jute","West Bengal","Kharif","5.06","5.04","4.79","4.20","3.96","81.83","75.75","77.04","68.73","64.77","2911.00","2707.00","2894.00","2948.00","2948.00"
"Jute","West Bengal","Total","5.06","5.04","4.79","4.20","3.96","81.83","75.75","77.04","68.73","64.77","2911.00","2707.00","2894.00","2948.00","2948.00"
"Jute","Others","Kharif","","","","","0.07","","","","","0.65","","","","","1733.00"
"Jute","Others","Total","","","","","0.07","","","","","0.65","","","","","1733.00"
"Jute","All India","Kharif","6.29","6.19","5.98","5.44","5.17","97.62","89.89","92.52","84.88","80.36","2793.00","2614.00","2783.00","2807.00","2798.00"
"Jute","All India","Total","6.29","6.19","5.98","5.44","5.17","97.62","89.89","92.52","84.88","80.36","2793.00","2614.00","2783.00","2807.00","2798.00"
"Mesta","Andaman And Nicobar Islands","Kharif","0.00","","","","","0.00","","","","","0.00","","","",""
"Mesta","Andaman And Nicobar Islands","Total","0.00","","","","","0.00","","","","","0.00","","","",""
"Mesta","Andhra Pradesh","Kharif","0.01","0.01","0.01","0.00","","0.11","0.11","0.08","0.04","","1978.00","2039.00","2151.00","2300.00",""
"Mesta","Andhra Pradesh","Total","0.01","0.01","0.01","0.00","","0.11","0.11","0.08","0.04","","1978.00","2039.00","2151.00","2300.00",""
"Mesta","Arunachal Pradesh","Kharif","0.00","","","","","0.00","","","","","0.00","","","",""
"Mesta","Arunachal Pradesh","Total","0.00","","","","","0.00","","","","","0.00","","","",""
"Mesta","Assam","Kharif","0.03","0.03","0.03","0.03","0.02","0.18","0.21","0.16","0.18","0.13","1113.00","1253.00","1015.00","1165.00","1179.00"
"Mesta","Assam","Total","0.03","0.03","0.03","0.03","0.02","0.18","0.21","0.16","0.18","0.13","1113.00","1253.00","1015.00","1165.00","1179.00"
"Mesta","Bihar","Kharif","0.13","0.12","0.14","0.06","0.10","1.39","1.43","2.00","0.83","1.44","1982.00","2139.00","2636.00","2629.00","2468.00"
"Mesta","Bihar","Total","0.13","0.12","0.14","0.06","0.10","1.39","1.43","2.00","0.83","1.44","1982.00","2139.00","2636.00","2629.00","2468.00"
"Mesta","Chandigarh","Kharif","0.00","","","","","0.00","","","","","0.00","","","",""
"Mesta","Chandigarh","Total","0.00","","","","","0.00","","","","","0.00","","","",""
"Mesta","Chhattisgarh","Kharif","0.00","0.00","0.00","0.00","0.00","0.01","0.01","0.01","0.01","0.00","352.00","345.00","395.00","386.00","364.00"
"Mesta","Chhattisgarh","Total","0.00","0.00","0.00","0.00","0.00","0.01","0.01","0.01","0.01","0.00","352.00","345.00","395.00","386.00","364.00"
"Mesta","Dadra And Nagar Haveli","Kharif","","","","","","0.00","","","","","","","","",""
"Mesta","Dadra And Nagar Haveli","Total","","","","","","0.00","","","","","","","","",""
"Mesta","Daman And Diu","Kharif","0.00","","","","","0.00","","","","","0.00","","","",""
"Mesta","Daman And Diu","Total","0.00","","","","","0.00","","","","","0.00","","","",""
"Mesta","Delhi","Kharif","0.00","","","","","0.00","","","","","0.00","","","",""
"Mesta","Delhi","Total","0.00","","","","","0.00","","","","","0.00","","","",""
"Mesta","Goa","Kharif","0.00","","","","","0.00","","","","","0.00","","","",""
"Mesta","Goa","Total","0.00","","","","","0.00","","","","","0.00","","","",""
"Mesta","Gujarat","Kharif","","","","","","0.00","","","","","","","","",""
"Mesta","Gujarat","Total","","","","","","0.00","","","","","","","","",""
"Mesta","Haryana","Kharif","","","","","","0.00","","","","","","","","",""
"Mesta","Haryana","Total","","","","","","0.00","","","","","","","","",""
"Mesta","Himachal Pradesh","Kharif","","","","","","0.00","","","","","","","","",""
"Mesta","Himachal Pradesh","Total","","","","","","0.00","","","","","","","","",""
"Mesta","Jammu And Kashmir","Kharif","0.00","","","","","0.00","","","","","0.00","","","",""
"Mesta","Jammu And Kashmir","Total","0.00","","","","","0.00","","","","","0.00","","","",""
"Mesta","Jharkhand","Kharif","0.00","","","","","0.00","","","","","0.00","","","",""
"Mesta","Jharkhand","Total","0.00","","","","","0.00","","","","","0.00","","","",""
"Mesta","Karnataka","Kharif","0.00","","","","","0.00","","","","","0.00","","","",""
"Mesta","Karnataka","Total","0.00","","","","","0.00","","","","","0.00","","","",""
"Mesta","Kerala","Kharif","","","","","","0.00","","","","","","","","",""
"Mesta","Kerala","Total","","","","","","0.00","","","","","","","","",""
"Mesta","Ladakh","Kharif","0.00","","","","","0.00","","","","","0.00","","","",""
"Mesta","Ladakh","Total","0.00","","","","","0.00","","","","","0.00","","","",""
"Mesta","Lakshadweep","Kharif","0.00","","","","","0.00","","","","","0.00","","","",""
"Mesta","Lakshadweep","Total","0.00","","","","","0.00","","","","","0.00","","","",""
"Mesta","Madhya Pradesh","Kharif","0.00","","","","","0.00","","","","","0.00","","","",""
"Mesta","Madhya Pradesh","Total","0.00","","","","","0.00","","","","","0.00","","","",""
"Mesta","Maharashtra","Kharif","0.00","","","","","0.00","","","","","0.00","","","",""
"Mesta","Maharashtra","Total","0.00","","","","","0.00","","","","","0.00","","","",""
"Mesta","Manipur","Kharif","0.00","","","","","0.00","","","","","0.00","","","",""
"Mesta","Manipur","Total","0.00","","","","","0.00","","","","","0.00","","","",""
"Mesta","Meghalaya","Kharif","0.04","0.04","0.04","0.04","","0.26","0.26","0.26","0.26","","1063.00","1050.00","1050.00","1050.00",""
"Mesta","Meghalaya","Total","0.04","0.04","0.04","0.04","","0.26","0.26","0.26","0.26","","1063.00","1050.00","1050.00","1050.00",""
"Mesta","Mizoram","Kharif","0.00","","","","","0.00","","","","","0.00","","","",""
"Mesta","Mizoram","Total","0.00","","","","","0.00","","","","","0.00","","","",""
"Mesta","Nagaland","Kharif","0.00","0.01","0.02","0.01","","0.00","0.10","0.10","0.09","","1100.00","1229.00","1150.00","1132.00",""
"Mesta","Nagaland","Total","0.00","0.01","0.02","0.01","","0.00","0.10","0.10","0.09","","1100.00","1229.00","1150.00","1132.00",""
"Mesta","Odisha","Kharif","0.04","0.04","0.04","0.03","0.04","0.18","0.18","0.18","0.16","0.18","895.00","896.00","896.00","861.00","914.00"
"Mesta","Odisha","Total","0.04","0.04","0.04","0.03","0.04","0.18","0.18","0.18","0.16","0.18","895.00","896.00","896.00","861.00","914.00"
"Mesta","Puducherry","Kharif","","","","","","0.00","","","","","","","","",""
"Mesta","Puducherry","Total","","","","","","0.00","","","","","","","","",""
"Mesta","Punjab","Kharif","","","","","","0.00","","","","","","","","",""
"Mesta","Punjab","Total","","","","","","0.00","","","","","","","","",""
"Mesta","Rajasthan","Kharif","","","","","","0.00","","","","","","","","",""
"Mesta","Rajasthan","Total","","","","","","0.00","","","","","","","","",""
"Mesta","Sikkim","Kharif","","","","","","0.00","","","","","","","","",""
"Mesta","Sikkim","Total","","","","","","0.00","","","","","","","","",""
"Mesta","Tamil Nadu","Kharif","0.00","","","","","0.00","","","","","0.00","","","",""
"Mesta","Tamil Nadu","Total","0.00","","","","","0.00","","","","","0.00","","","",""
"Mesta","Telangana","Kharif","0.00","","","","","0.00","","","","","0.00","","","",""
"Mesta","Telangana","Total","0.00","","","","","0.00","","","","","0.00","","","",""
"Mesta","Tripura","Kharif","0.00","0.00","0.00","0.00","","0.03","0.01","0.01","0.02","","1579.00","881.00","881.00","1615.00",""
"Mesta","Tripura","Total","0.00","0.00","0.00","0.00","","0.03","0.01","0.01","0.02","","1579.00","881.00","881.00","1615.00",""
"Mesta","Uttar Pradesh","Kharif","","","","","","0.00","","","","","","","","",""
"Mesta","Uttar Pradesh","Total","","","","","","0.00","","","","","","","","",""
"Mesta","Uttarakhand","Kharif","","","","","","0.00","","","","","","","","",""
"Mesta","Uttarakhand","Total","","","","","","0.00","","","","","","","","",""
"Mesta","West Bengal","Kharif","0.13","0.13","0.12","0.12","0.08","1.71","1.72","1.62","1.55","0.99","2448.00","2452.00","2448.00","2362.00","2362.00"
"Mesta","West Bengal","Total","0.13","0.13","0.12","0.12","0.08","1.71","1.72","1.62","1.55","0.99","2448.00","2452.00","2448.00","2362.00","2362.00"
"Mesta","Others","Kharif","","","","","0.06","","","","","0.36","","","","","1085.00"
"Mesta","Others","Total","","","","","0.06","","","","","0.36","","","","","1085.00"
"Mesta","All India","Kharif","0.38","0.39","0.39","0.30","0.30","3.87","4.03","4.41","3.13","3.09","1831.00","1871.00","2033.00","1864.00","1882.00"
"Mesta","All India","Total","0.38","0.39","0.39","0.30","0.30","3.87","4.03","4.41","3.13","3.09","1831.00","1871.00","2033.00","1864.00","1882.00"
"Jute & Mesta","Andaman And Nicobar Islands","Kharif","0.00","","","","","0.00","","","","","0.00","","","",""
"Jute & Mesta","Andaman And Nicobar Islands","Total","0.00","","","","","0.00","","","","","0.00","","","",""
"Jute & Mesta","Andhra Pradesh","Kharif","0.01","0.01","0.01","0.00","","0.11","0.11","0.08","0.04","","1978.00","2039.00","2151.00","2300.00",""
"Jute & Mesta","Andhra Pradesh","Total","0.01","0.01","0.01","0.00","","0.11","0.11","0.08","0.04","","1978.00","2039.00","2151.00","2300.00",""
"Jute & Mesta","Arunachal Pradesh","Kharif","0.00","","","","","0.00","","","","","0.00","","","",""
"Jute & Mesta","Arunachal Pradesh","Total","0.00","","","","","0.00","","","","","0.00","","","",""
"Jute & Mesta","Assam","Kharif","0.64","0.61","0.60","0.62","0.60","7.62","7.09","6.73","7.29","7.06","2127.00","2094.00","2037.00","2107.00","2118.00"
"Jute & Mesta","Assam","Total","0.64","0.61","0.60","0.62","0.60","7.62","7.09","6.73","7.29","7.06","2127.00","2094.00","2037.00","2107.00","2118.00"
"Jute & Mesta","Bihar","Kharif","0.64","0.60","0.67","0.59","0.62","8.52","7.73","9.86","8.46","8.68","2409.00","2309.00","2661.00","2581.00","2521.00"
"Jute & Mesta","Bihar","Total","0.64","0.60","0.67","0.59","0.62","8.52","7.73","9.86","8.46","8.68","2409.00","2309.00","2661.00","2581.00","2521.00"
"Jute & Mesta","Chandigarh","Kharif","0.00","","","","","0.00","","","","","0.00","","","",""
"Jute & Mesta","Chandigarh","Total","0.00","","","","","0.00","","","","","0.00","","","",""
"Jute & Mesta","Chhattisgarh","Kharif","0.00","0.00","0.00","0.00","0.00","0.01","0.01","0.01","0.01","0.00","352.00","345.00","395.00","386.00","364.00"
"Jute & Mesta","Chhattisgarh","Total","0.00","0.00","0.00","0.00","0.00","0.01","0.01","0.01","0.01","0.00","352.00","345.00","395.00","386.00","364.00"
"Jute & Mesta","Dadra And Nagar Haveli","Kharif","","","","","","0.00","","","","","","","","",""
"Jute & Mesta","Dadra And Nagar Haveli","Total","","","","","","0.00","","","","","","","","",""
"Jute & Mesta","Daman And Diu","Kharif","0.00","","","","","0.00","","","","","0.00","","","",""
"Jute & Mesta","Daman And Diu","Total","0.00","","","","","0.00","","","","","0.00","","","",""
"Jute & Mesta","Delhi","Kharif","0.00","","","","","0.00","","","","","0.00","","","",""
"Jute & Mesta","Delhi","Total","0.00","","","","","0.00","","","","","0.00","","","",""
"Jute & Mesta","Goa","Kharif","0.00","","","","","0.00","","","","","0.00","","","",""
"Jute & Mesta","Goa","Total","0.00","","","","","0.00","","","","","0.00","","","",""
"Jute & Mesta","Gujarat","Kharif","","","","","","0.00","","","","","","","","",""
"Jute & Mesta","Gujarat","Total","","","","","","0.00","","","","","","","","",""
"Jute & Mesta","Haryana","Kharif","","","","","","0.00","","","","","","","","",""
"Jute & Mesta","Haryana","Total","","","","","","0.00","","","","","","","","",""
"Jute & Mesta","Himachal Pradesh","Kharif","","","","","","0.00","","","","","","","","",""
"Jute & Mesta","Himachal Pradesh","Total","","","","","","0.00","","","","","","","","",""
"Jute & Mesta","Jammu And Kashmir","Kharif","0.00","","","","","0.00","","","","","0.00","","","",""
"Jute & Mesta","Jammu And Kashmir","Total","0.00","","","","","0.00","","","","","0.00","","","",""
"Jute & Mesta","Jharkhand","Kharif","0.00","","","0.03","0.03","0.00","","","0.48","0.48","0.00","","","2731.00","2790.00"
"Jute & Mesta","Jharkhand","Total","0.00","","","0.03","0.03","0.00","","","0.48","0.48","0.00","","","2731.00","2790.00"
"Jute & Mesta","Karnataka","Kharif","0.00","","","","","0.00","","","","","0.00","","","",""
"Jute & Mesta","Karnataka","Total","0.00","","","","","0.00","","","","","0.00","","","",""
"Jute & Mesta","Kerala","Kharif","","","","","","0.00","","","","","","","","",""
"Jute & Mesta","Kerala","Total","","","","","","0.00","","","","","","","","",""
"Jute & Mesta","Ladakh","Kharif","0.00","","","","","0.00","","","","","0.00","","","",""
"Jute & Mesta","Ladakh","Total","0.00","","","","","0.00","","","","","0.00","","","",""
"Jute & Mesta","Lakshadweep","Kharif","0.00","","","","","0.00","","","","","0.00","","","",""
"Jute & Mesta","Lakshadweep","Total","0.00","","","","","0.00","","","","","0.00","","","",""
"Jute & Mesta","Madhya Pradesh","Kharif","0.00","","","","","0.00","","","","","0.00","","","",""
"Jute & Mesta","Madhya Pradesh","Total","0.00","","","","","0.00","","","","","0.00","","","",""
"Jute & Mesta","Maharashtra","Kharif","0.00","","","","","0.00","","","","","0.00","","","",""
"Jute & Mesta","Maharashtra","Total","0.00","","","","","0.00","","","","","0.00","","","",""
"Jute & Mesta","Manipur","Kharif","0.00","","","","","0.00","","","","","0.00","","","",""
"Jute & Mesta","Manipur","Total","0.00","","","","","0.00","","","","","0.00","","","",""
"Jute & Mesta","Meghalaya","Kharif","0.11","0.08","0.08","0.08","","0.95","0.55","0.55","0.55","","1533.00","1279.00","1280.00","1280.00",""
"Jute & Mesta","Meghalaya","Total","0.11","0.08","0.08","0.08","","0.95","0.55","0.55","0.55","","1533.00","1279.00","1280.00","1280.00",""
"Jute & Mesta","Mizoram","Kharif","0.00","","","","","0.00","","","","","0.00","","","",""
"Jute & Mesta","Mizoram","Total","0.00","","","","","0.00","","","","","0.00","","","",""
"Jute & Mesta","Nagaland","Kharif","0.00","0.04","0.05","0.05","","0.01","0.41","0.43","0.42","","2039.00","1684.00","1662.00","1669.00",""
"Jute & Mesta","Nagaland","Total","0.00","0.04","0.05","0.05","","0.01","0.41","0.43","0.42","","2039.00","1684.00","1662.00","1669.00",""
"Jute & Mesta","Odisha","Kharif","0.07","0.06","0.06","0.05","0.06","0.67","0.51","0.59","0.44","0.46","1695.00","1488.00","1642.00","1529.00","1495.00"
"Jute & Mesta","Odisha","Total","0.07","0.06","0.06","0.05","0.06","0.67","0.51","0.59","0.44","0.46","1695.00","1488.00","1642.00","1529.00","1495.00"
"Jute & Mesta","Puducherry","Kharif","","","","","","0.00","","","","","","","","",""
"Jute & Mesta","Puducherry","Total","","","","","","0.00","","","","","","","","",""
"Jute & Mesta","Punjab","Kharif","","","","","","0.00","","","","","","","","",""
"Jute & Mesta","Punjab","Total","","","","","","0.00","","","","","","","","",""
"Jute & Mesta","Rajasthan","Kharif","","","","","","0.00","","","","","","","","",""
"Jute & Mesta","Rajasthan","Total","","","","","","0.00","","","","","","","","",""
"Jute & Mesta","Sikkim","Kharif","","","","","","0.00","","","","","","","","",""
"Jute & Mesta","Sikkim","Total","","","","","","0.00","","","","","","","","",""
"Jute & Mesta","Tamil Nadu","Kharif","0.00","","","","","0.00","","","","","0.00","","","",""
"Jute & Mesta","Tamil Nadu","Total","0.00","","","","","0.00","","","","","0.00","","","",""
"Jute & Mesta","Telangana","Kharif","0.00","","","","","0.00","","","","","0.00","","","",""
"Jute & Mesta","Telangana","Total","0.00","","","","","0.00","","","","","0.00","","","",""
"Jute & Mesta","Tripura","Kharif","0.01","0.01","0.01","0.00","","0.06","0.03","0.02","0.04","","1603.00","897.00","897.00","1618.00",""
"Jute & Mesta","Tripura","Total","0.01","0.01","0.01","0.00","","0.06","0.03","0.02","0.04","","1603.00","897.00","897.00","1618.00",""
"Jute & Mesta","Uttar Pradesh","Kharif","","","","","","0.00","","","","","","","","",""
"Jute & Mesta","Uttar Pradesh","Total","","","","","","0.00","","","","","","","","",""
"Jute & Mesta","Uttarakhand","Kharif","","","","","","0.00","","","","","","","","",""
"Jute & Mesta","Uttarakhand","Total","","","","","","0.00","","","","","","","","",""
"Jute & Mesta","West Bengal","Kharif","5.19","5.16","4.91","4.31","4.03","83.54","77.47","78.66","70.28","65.76","2900.00","2701.00","2883.00","2932.00","2937.00"
"Jute & Mesta","West Bengal","Total","5.19","5.16","4.91","4.31","4.03","83.54","77.47","78.66","70.28","65.76","2900.00","2701.00","2883.00","2932.00","2937.00"
"Jute & Mesta","Others","Kharif","","","","","0.13","","","","","1.01","","","","","1430.00"
"Jute & Mesta","Others","Total","","","","","0.13","","","","","1.01","","","","","1430.00"
"Jute & Mesta","All India","Kharif","6.67","6.58","6.37","5.74","5.46","101.49","93.92","96.92","88.02","83.45","2738.00","2570.00","2737.00","2758.00","2749.00"
"Jute & Mesta","All India","Total","6.67","6.58","6.37","5.74","5.46","101.49","93.92","96.92","88.02","83.45","2738.00","2570.00","2737.00","2758.00","2749.00"
"Tobacco","Andhra Pradesh","Kharif","0.57","0.58","0.84","1.39","","1.32","1.18","2.00","3.13","","2321.00","2036.00","2383.00","2254.00",""
"Tobacco","Andhra Pradesh","Total","0.57","0.58","0.84","1.39","","1.32","1.18","2.00","3.13","","2321.00","2036.00","2383.00","2254.00",""
"Tobacco","Assam","Kharif","0.00","0.00","0.00","0.00","","0.00","0.00","0.00","0.00","","585.00","665.00","694.00","706.00",""
"Tobacco","Assam","Total","0.00","0.00","0.00","0.00","","0.00","0.00","0.00","0.00","","585.00","665.00","694.00","706.00",""
"Tobacco","Bihar","Kharif","0.10","0.10","0.11","0.07","","0.18","0.18","0.19","0.12","","1759.00","1757.00","1756.00","1777.00",""
"Tobacco","Bihar","Total","0.10","0.10","0.11","0.07","","0.18","0.18","0.19","0.12","","1759.00","1757.00","1756.00","1777.00",""
"Tobacco","Chhattisgarh","Kharif","0.00","0.00","0.00","0.00","","0.00","0.00","0.00","0.00","","575.00","579.00","119.00","579.00",""
"Tobacco","Chhattisgarh","Total","0.00","0.00","0.00","0.00","","0.00","0.00","0.00","0.00","","575.00","579.00","119.00","579.00",""
"Tobacco","Gujarat","Kharif","1.92","1.93","1.89","2.05","","4.52","4.47","4.20","4.69","","2359.00","2319.00","2218.00","2290.00",""
"Tobacco","Gujarat","Total","1.92","1.93","1.89","2.05","","4.52","4.47","4.20","4.69","","2359.00","2319.00","2218.00","2290.00",""
"Tobacco","Karnataka","Kharif","0.80","0.76","0.77","0.79","","0.63","0.57","0.56","0.37","","793.00","744.00","728.00","468.00",""
"Tobacco","Karnataka","Total","0.80","0.76","0.77","0.79","","0.63","0.57","0.56","0.37","","793.00","744.00","728.00","468.00",""
"Tobacco","Kerala","Kharif","0.00","0.00","0.00","0.00","","0.00","0.00","0.00","0.00","","1667.00","1429.00","1526.00","1867.00",""
"Tobacco","Kerala","Total","0.00","0.00","0.00","0.00","","0.00","0.00","0.00","0.00","","1667.00","1429.00","1526.00","1867.00",""
"Tobacco","Maharashtra","Kharif","0.01","0.01","0.01","0.01","","0.01","0.01","0.01","0.02","","1505.00","1636.00","1139.00","2596.00",""
"Tobacco","Maharashtra","Total","0.01","0.01","0.01","0.01","","0.01","0.01","0.01","0.02","","1505.00","1636.00","1139.00","2596.00",""
"Tobacco","Meghalaya","Kharif","0.01","0.01","0.01","0.01","","0.01","0.01","0.01","0.01","","999.00","932.00","932.00","932.00",""
"Tobacco","Meghalaya","Total","0.01","0.01","0.01","0.01","","0.01","0.01","0.01","0.01","","999.00","932.00","932.00","932.00",""
"Tobacco","Mizoram","Kharif","0.00","0.00","0.00","0.00","","0.00","0.00","0.00","0.00","","551.00","950.00","1000.00","1682.00",""
"Tobacco","Mizoram","Total","0.00","0.00","0.00","0.00","","0.00","0.00","0.00","0.00","","551.00","950.00","1000.00","1682.00",""
"Tobacco","Odisha","Kharif","0.00","0.00","0.00","0.00","","0.00","0.00","0.00","0.00","","600.00","1000.00","1000.00","1000.00",""
"Tobacco","Odisha","Total","0.00","0.00","0.00","0.00","","0.00","0.00","0.00","0.00","","600.00","1000.00","1000.00","1000.00",""
"Tobacco","Rajasthan","Kharif","0.00","","0.00","","","0.00","","0.00","","","1120.00","","1380.00","",""
"Tobacco","Rajasthan","Total","0.00","","0.00","","","0.00","","0.00","","","1120.00","","1380.00","",""
"Tobacco","Tamil Nadu","Kharif","0.02","0.02","0.02","0.03","","0.02","0.03","0.03","0.04","","1525.00","1525.00","1525.00","1525.00",""
"Tobacco","Tamil Nadu","Total","0.02","0.02","0.02","0.03","","0.02","0.03","0.03","0.04","","1525.00","1525.00","1525.00","1525.00",""
"Tobacco","Telangana","Kharif","0.03","0.03","0.05","0.12","","0.07","0.09","0.13","0.32","","2216.00","2851.00","2571.00","2732.00",""
"Tobacco","Telangana","Total","0.03","0.03","0.05","0.12","","0.07","0.09","0.13","0.32","","2216.00","2851.00","2571.00","2732.00",""
"Tobacco","Uttar Pradesh","Kharif","0.28","0.23","0.28","0.33","","1.23","0.93","1.28","1.40","","4394.00","4062.00","4580.00","4220.00",""
"Tobacco","Uttar Pradesh","Total","0.28","0.23","0.28","0.33","","1.23","0.93","1.28","1.40","","4394.00","4062.00","4580.00","4220.00",""
"Tobacco","West Bengal","Kharif","0.13","0.12","0.12","0.12","","0.17","0.23","0.24","0.26","","1390.00","1846.00","1973.00","2100.00",""
"Tobacco","West Bengal","Total","0.13","0.12","0.12","0.12","","0.17","0.23","0.24","0.26","","1390.00","1846.00","1973.00","2100.00",""
"Tobacco","All India","Kharif","3.86","3.79","4.10","4.91","","8.18","7.70","8.66","10.37","","2118.00","2029.00","2109.00","2110.00",""
"Tobacco","All India","Total","3.86","3.79","4.10","4.91","","8.18","7.70","8.66","10.37","","2118.00","2029.00","2109.00","2110.00",""
"Sannhemp","Bihar","Kharif","0.01","0.01","0.01","0.01","","0.03","0.03","0.03","0.04","","807.00","814.00","864.00","902.00",""
"Sannhemp","Bihar","Total","0.01","0.01","0.01","0.01","","0.03","0.03","0.03","0.04","","807.00","814.00","864.00","902.00",""
"Sannhemp","Chhattisgarh","Kharif","0.01","0.01","0.00","0.00","","0.02","0.02","0.01","0.01","","623.00","583.00","564.00","592.00",""
"Sannhemp","Chhattisgarh","Total","0.01","0.01","0.00","0.00","","0.02","0.02","0.01","0.01","","623.00","583.00","564.00","592.00",""
"Sannhemp","Jammu And Kashmir","Kharif","0.00","0.00","0.00","0.00","","0.00","0.00","0.00","0.00","","1075.00","631.00","631.00","631.00",""
"Sannhemp","Jammu And Kashmir","Total","0.00","0.00","0.00","0.00","","0.00","0.00","0.00","0.00","","1075.00","631.00","631.00","631.00",""
"Sannhemp","Karnataka","Kharif","0.02","0.02","","","","0.03","0.05","","","","367.00","406.00","","",""
"Sannhemp","Karnataka","Total","0.02","0.02","","","","0.03","0.05","","","","367.00","406.00","","",""
"Sannhemp","Madhya Pradesh","Kharif","","","","","","0.00","","","","","","","","",""
"Sannhemp","Madhya Pradesh","Total","","","","","","0.00","","","","","","","","",""
"Sannhemp","Maharashtra","Kharif","","","","","","0.00","","","","","","","","",""
"Sannhemp","Maharashtra","Total","","","","","","0.00","","","","","","","","",""
"Sannhemp","Odisha","Kharif","0.07","0.06","0.06","0.06","","0.37","0.28","0.28","0.28","","919.00","899.00","899.00","899.00",""
"Sannhemp","Odisha","Total","0.07","0.06","0.06","0.06","","0.37","0.28","0.28","0.28","","919.00","899.00","899.00","899.00",""
"Sannhemp","Rajasthan","Kharif","0.00","0.01","0.00","","","0.01","0.02","0.00","","","957.00","403.00","106.00","",""
"Sannhemp","Rajasthan","Total","0.00","0.01","0.00","","","0.01","0.02","0.00","","","957.00","403.00","106.00","",""
"Sannhemp","Tamil Nadu","Kharif","","","","","","0.00","","","","","","","","",""
"Sannhemp","Tamil Nadu","Total","","","","","","0.00","","","","","","","","",""
"Sannhemp","Uttar Pradesh","Kharif","0.02","0.02","0.02","0.01","","0.03","0.07","0.07","0.03","","273.00","586.00","593.00","596.00",""
"Sannhemp","Uttar Pradesh","Total","0.02","0.02","0.02","0.01","","0.03","0.07","0.07","0.03","","273.00","586.00","593.00","596.00",""
"Sannhemp","West Bengal","Kharif","0.00","0.00","0.00","0.00","","0.01","0.01","0.01","0.01","","758.00","432.00","844.00","900.00",""
"Sannhemp","West Bengal","Total","0.00","0.00","0.00","0.00","","0.01","0.01","0.01","0.01","","758.00","432.00","844.00","900.00",""
"Sannhemp","All India","Kharif","0.13","0.12","0.09","0.08","","0.51","0.46","0.40","0.37","","722.00","703.00","801.00","845.00",""
"Sannhemp","All India","Total","0.13","0.12","0.09","0.08","","0.51","0.46","0.40","0.37","","722.00","703.00","801.00","845.00",""
"Guarseed","Gujarat","Kharif","1.14","1.04","1.03","0.85","","0.75","0.74","0.82","0.62","","655.00","713.00","792.00","732.00",""
"Guarseed","Gujarat","Total","1.14","1.04","1.03","0.85","","0.75","0.74","0.82","0.62","","655.00","713.00","792.00","732.00",""
"Guarseed","Haryana","Kharif","1.08","1.08","0.93","1.45","","0.91","0.90","0.96","1.61","","842.00","831.00","1040.00","1105.00",""
"Guarseed","Haryana","Total","1.08","1.08","0.93","1.45","","0.91","0.90","0.96","1.61","","842.00","831.00","1040.00","1105.00",""
"Guarseed","Punjab","Kharif","0.12","0.09","0.09","0.09","","0.13","0.07","0.07","0.06","","1051.00","779.00","793.00","748.00",""
"Guarseed","Punjab","Total","0.12","0.09","0.09","0.09","","0.13","0.07","0.07","0.06","","1051.00","779.00","793.00","748.00",""
"Guarseed","Rajasthan","Kharif","23.94","29.90","28.82","29.83","","10.03","16.15","14.79","19.74","","419.00","540.00","513.00","662.00",""
"Guarseed","Rajasthan","Total","23.94","29.90","28.82","29.83","","10.03","16.15","14.79","19.74","","419.00","540.00","513.00","662.00",""
"Guarseed","Uttar Pradesh","Kharif","0.02","0.02","0.02","","","0.01","0.01","0.01","","","717.00","720.00","720.00","",""
"Guarseed","Uttar Pradesh","Total","0.02","0.02","0.02","","","0.01","0.01","0.01","","","717.00","720.00","720.00","",""
"Guarseed","All India","Kharif","26.30","32.13","30.89","32.22","","11.83","17.87","16.65","22.04","","450.00","556.00","539.00","684.00",""
"Guarseed","All India","Total","26.30","32.13","30.89","32.22","","11.83","17.87","16.65","22.04","","450.00","556.00","539.00","684.00",""